n,m,fv,er,sw025,sw050,sw075
8,7,0,0,0.3633099795,0.2410807082,0.3333853146
8,8,0.5857864376,0.5857864376,0.1142391049,0.2832186081,0.4288345974
8,9,0.5857864376,0.5857864376,0.4697808069,0.4275664026,0.5391702786
8,10,1.2679491924,1.2679491924,0.6466985513,0.7639001902,0.8589238388
8,11,1.2679491924,1.2679491924,0.7031242917,0.8205205629,0.8075112897
8,12,2.0,2.0,1.0237201084,1.264039332,1.2611614305
8,13,2.0,2.0,1.4816850907,1.4330136492,1.3498433959
8,14,2.2679491924,2.2679491924,1.480827652,1.7183378217,1.8472436508
8,15,2.3698976968,2.3698976968,1.5790059932,2.0713493569,1.8719157291
8,16,2.7639320225,2.7639320225,1.9091539885,1.9790455701,2.3200105089
8,17,3.0967880741,3.0967880741,2.3657135782,1.9685800642,2.1426823473
8,18,4.0,4.0,2.3321200477,2.6648749314,2.8957692142
8,19,4.0,4.0,2.9072654517,2.827238397,2.9534918416
8,20,4.0,4.0,3.5411024727,3.3846853751,3.9995119562
8,21,4.0,4.0,3.3627834044,3.7996319367,4.3818207774
8,22,4.5857864376,4.5857864376,3.8463642136,4.0826519464,4.2271343099
8,23,5.0,4.5857864376,4.0787397039,4.0195725412,4.9514718626
8,24,5.0,6.0,4.8002972777,4.4423759049,5.6
8,25,6.0,6.0,5.2343145751,5.1171572875,5.4
8,26,6.0,6.0,6.0,5.8,6.0
8,27,6.0,6.0,6.4,6.8,6.8
8,28,8.0,8.0,8.0,8.0,8.0
9,8,0,0,0.2703816932,0.3532105403,0.4183386394
9,9,0.4679111138,0.4679111138,0.1660319564,0.329837477,0.3633017157
9,10,0.4679111138,0.4679111138,0.3826042353,0.3013211923,0.6444347303
9,11,0.8732429404,0.8732429404,0.4322163856,0.598870583,0.8280265801
9,12,1.152240935,1.152240935,0.4319574473,0.8271768441,0.824513361
9,13,1.3113681871,1.3113681871,0.7279940529,0.7525656708,0.8725977133
9,14,1.6214568937,1.6214568937,1.0254685149,0.9496934446,1.1010194445
9,15,2.0,2.0,1.1235288885,1.3118334412,1.1046825861
9,16,2.0,2.0,1.178842016,1.3386113871,1.8596929534
9,17,2.3542486889,2.3542486889,1.5236163334,1.4798208514,1.4089769095
9,18,2.5107114282,2.4367786506,1.5561094897,1.6044893787,1.759244372
9,19,3.0,3.0,2.1082172872,1.9314061409,2.3537168984
9,20,3.2232391988,3.134692935,2.3247647175,2.0859300892,2.508436186
9,21,3.4558444505,4.0,2.5602578137,2.4885384979,2.6223127288
9,22,4.0,4.0,2.9871222993,2.8941954199,2.9693511451
9,23,4.0,4.0,2.4794648377,2.6731882318,3.5673752259
9,24,4.3819660113,4.3819660113,2.9745813123,2.9955642895,2.9716752343
9,25,5.0,5.0,3.4550677688,3.3129483638,4.1458986547
9,26,5.0,5.0,3.6460263012,3.842855863,4.242076122
9,27,5.0,5.0,4.3264540582,4.066816074,4.1882989337
9,28,5.3819660113,5.3819660113,4.2713914895,4.8002972777,4.9011696645
9,29,5.3819660113,5.3819660113,4.6179918354,4.6935573472,5.0595244648
9,30,6.0,5.5857864376,4.7698472995,5.3506865411,5.3166692438
9,31,6.0,6.0,5.4291796068,5.67669048,6.4
9,32,6.0,7.0,5.5659827027,6.2,6.9171572875
9,33,7.0,7.0,6.3171572875,6.4,7.2
9,34,7.0,7.0,6.8,6.8,7.4
9,35,7.0,7.0,7.4,7.8,7.4
9,36,9.0,9.0,9.0,9.0,9.0
10,9,0,0,0.1443766333,0.2215422433,0.1785220613
10,10,0.3819660113,0.3819660113,0.1673503404,0.3209889325,0.4026514822
10,11,0.3819660113,0.3819660113,0.2427736202,0.2018005575,0.4889377145
10,12,0.7716717841,0.6972243623,0.5164811643,0.4602815975,0.5541641336
10,13,0.8850924585,1.0978869674,0.5314509874,0.7632155478,0.8991492979
10,14,1.0797791303,1.1391941469,0.5124380261,0.6725022318,0.7264396893
10,15,1.3819660113,1.3819660113,0.8201538568,0.7870649285,1.1015397772
10,16,1.6180713654,1.6180713654,0.9100421218,0.8823252417,1.1354143304
10,17,1.7075984148,1.6837345422,0.9982177193,0.8279074188,1.3211397606
10,18,2.0,2.0,1.3193707139,1.0099680155,1.3816481858
10,19,2.1348542222,2.3248691294,1.2251876361,1.3270296512,1.9740054529
10,20,2.5505102572,2.3248691294,1.8015021786,1.7988379906,1.9619034729
10,21,3.0,2.6049565408,1.7300326141,1.7624519408,2.3000259869
10,22,3.0,3.0,1.8159811706,1.950931639,2.2692342066
10,23,3.1715728753,3.0313308733,2.2417553027,2.3646351363,2.3605845647
10,24,3.2452902006,3.2679491924,2.1305111617,2.7651774348,2.8084592132
10,25,3.65040885,3.6063680909,2.5910627238,3.0976585567,2.7401896341
10,26,3.8112434566,4.0,3.1270094947,2.6751228053,3.1752350223
10,27,4.2421836037,5.0,3.2104282284,3.2920249376,3.8027413313
10,28,5.0,5.0,3.1454984997,3.1249010945,4.1111706206
10,29,5.0,5.0,2.9152748245,3.5712463718,3.9612866808
10,30,5.0,5.0,3.4723555065,3.2830769618,4.2940803471
10,31,5.0,5.0,3.9333701156,3.8436752389,4.2246294144
10,32,5.0,5.0,4.1527102669,4.1301645611,3.7318894252
10,33,5.5188056959,5.3819660113,4.2561591622,4.5541200358,5.2720942031
10,34,5.5188056959,5.3819660113,4.4384198725,4.627086079,5.0679585434
10,35,5.8299135134,6.3819660113,3.9981664353,4.6921337074,5.3810870703
10,36,5.8299135134,6.3819660113,5.5112418082,5.4767505381,5.7607009021
10,37,7.0,6.3819660113,5.4301102957,5.429905734,5.7435163176
10,38,7.0,6.3819660113,5.7340316756,6.1277050328,6.307179677
10,39,7.0,7.0,6.1607009021,6.45660216,6.5319654053
10,40,7.0,7.0,6.1107077773,6.9659827027,7.3171572875
10,41,8.0,8.0,6.7171572875,7.1171572875,6.6831399902
10,42,8.0,8.0,7.6,7.1171572875,7.8
10,43,8.0,8.0,7.6,7.8,7.6
10,44,8.0,8.0,8.4,8.0,8.4
10,45,10.0,10.0,10.0,10.0,10.0
12,11,0,0,0.1454110059,0.1553757271,0.2669517622
12,12,0.2679491924,0.2679491924,0.1447657854,0.1343346311,0.3186514018
12,13,0.2679491924,0.2679491924,0.2072273494,0.2187647194,0.3569594816
12,14,0.6570769172,0.6570769172,0.3363704994,0.2238340229,0.5562011663
12,15,0.6570769172,0.6570769172,0.3065344807,0.3745773605,0.4036980807
12,16,1.0,0.8773050196,0.5471896119,0.4629887323,0.6212825233
12,17,1.0,0.9378872558,0.4529579451,0.7076378927,0.7487903636
12,18,1.0569887511,1.1863934974,0.6481381595,0.7274707351,0.7150443506
12,19,1.1555252381,1.3456828802,0.751230526,0.7647254206,0.9903074048
12,20,1.374312522,1.4384471872,0.6758618305,0.9062179375,0.9631809398
12,21,1.6708558766,1.7886663268,1.0059207456,0.9924328174,1.0909550192
12,22,1.8768387036,2.0,1.1234196277,0.8414428244,1.0808826618
12,23,2.0,2.1442274934,1.1709504629,1.1850534866,1.298823532
12,24,2.1087801513,2.1442274934,1.2692835504,1.6588045819,1.4437333893
12,25,2.6011023783,2.3060051829,1.3493608144,1.4426102271,1.9336210945
12,26,2.6302164183,2.6047068988,1.5125004878,1.7092568444,2.5631753982
12,27,3.0,3.0,1.5081618445,1.7408135482,2.0198368847
12,28,3.0,3.0,1.8941367848,1.7585167337,2.2452054024
12,29,3.0,3.0710241552,1.8541750709,2.0733495536,2.1986071036
12,30,3.1907987594,3.2359850748,2.2463628821,1.9478421719,2.7001023414
12,31,3.4524771269,3.4182010994,2.1878373324,2.435237495,2.9300015662
12,32,4.0,3.6343317944,2.1335123154,2.4482622038,2.0853262913
12,33,4.0,3.6972243623,2.903668124,2.8216484796,2.3491243759
12,34,4.0,4.0,2.4578163789,3.0649131324,3.4918762563
12,35,4.1313961808,4.1528994292,2.6601483522,2.868028934,3.3409635477
12,36,4.2868357901,4.5857864376,3.2123012984,2.9874463879,3.1900790795
12,37,4.4988069039,4.6387815035,3.1922799217,3.3721260285,3.4709910964
12,38,4.7876532766,4.8343397136,3.1658568498,3.5283058381,3.8879436521
12,39,4.9599963275,5.1676668933,3.4979788625,3.7963324329,4.0470706565
12,40,5.0259819433,5.4219793667,3.791366133,4.107938053,4.0017292484
12,41,5.3699871831,5.4219793667,3.8179408941,4.6026667761,4.0803908546
12,42,5.4612897883,5.5721211276,4.2715058553,4.6765929353,4.4352183651
12,43,5.6192851452,5.7205476842,4.1585025803,4.1849341922,5.0495436713
12,44,5.9428953843,5.8043569751,4.4371993278,4.7721318349,5.7538448921
12,45,6.2716338783,6.03087258,4.9629221587,5.0814291022,5.6645981546
12,46,6.3819660113,6.1268804263,4.6901549598,5.0976996351,5.2903987206
12,47,6.4509934887,6.4263188669,5.1732872792,4.7744633715,5.7193990777
12,48,7.0,6.5222485433,5.2944089754,5.6514602963,6.286372606
12,49,7.0,6.9387842064,5.9404071049,5.4072991513,6.0569221936
12,50,7.1391941469,7.2679491924,5.7569129661,5.9475936648,6.3093402394
12,51,7.3248691294,7.2679491924,6.0938408166,6.3262828073,6.7065711307
12,52,7.5188056959,7.5857864376,6.4598736947,6.6414447495,6.9314003857
12,53,7.5857864376,7.5857864376,6.7926005201,7.1772849935,6.9906229676
12,54,7.8299135134,8.0,7.0525191267,7.0061038721,7.0783793403
12,55,8.0,8.0,7.2257233305,6.9373974922,7.8993410833
12,56,8.5857864376,8.2679491924,6.5174865944,7.36142402,8.2635666322
12,57,9.0,8.2679491924,7.3494061316,7.272798768,8.0593552547
12,58,9.0,9.0,7.4489650089,7.2245134174,8.3318437298
12,59,9.0,9.0,8.2225848627,8.3702354871,8.9935504898
12,60,9.0,9.0,8.2584365634,8.3914506264,9.3394448725
12,61,10.0,9.0,8.6,9.3171572875,9.1171572875
12,62,10.0,10.0,8.9171572875,9.5171572875,8.8
12,63,10.0,10.0,9.4,10.0,9.6
12,64,10.0,10.0,10.4,10.4,10.8
12,65,10.0,10.0,11.2,10.4,11.2
12,66,12.0,12.0,12.0,12.0,12.0
14,13,0,0,0.1073039386,0.1954526925,0.2262792093
14,14,0.1980622642,0.1980622642,0.1283834553,0.1693987345,0.1818528122
14,15,0.1980622642,0.1980622642,0.1747283122,0.1985497604,0.1916448055
14,16,0.4610767201,0.4204876831,0.1138026228,0.2585416806,0.361723223
14,17,0.5091363846,0.622797146,0.3200523773,0.2312357225,0.2947673069
14,18,0.6309174579,0.7345812423,0.3368064201,0.318907434,0.4713766994
14,19,0.7359414072,0.744876513,0.4633014388,0.306093616,0.5190141196
14,20,0.8989894168,0.8850924585,0.4527330997,0.6088759149,0.6101976271
14,21,1.0281731219,0.9317431635,0.5162636016,0.5553636626,0.7715154706
14,22,1.143005908,1.2679491924,0.675732991,0.5121574438,0.8685092859
14,23,1.4232022635,1.4549911024,0.6012554477,0.3522303944,0.7873969177
14,24,1.4647440503,1.5188056959,0.8165885522,0.8100921238,0.943745909
14,25,1.502469239,1.6811394574,0.860791677,1.0052684528,1.0168649695
14,26,1.8190796238,2.0,0.8013794599,0.9707014812,1.4474415648
14,27,1.9108254123,2.0,1.1093556125,0.802797074,1.291432615
14,28,2.0,2.0,1.0087993864,1.4084560737,1.5814345364
14,29,2.0303958547,2.204385616,1.1832301292,1.3078988231,1.6983109467
14,30,2.2271372523,2.4745724392,1.2568637713,1.3927966423,1.5953343837
14,31,2.4427866575,2.5857864376,1.3756701854,1.6840823856,1.6893227912
14,32,2.5778630635,2.5857864376,1.5077030185,1.9277246978,2.010639252
14,33,2.7638249924,2.7666965414,1.7006204661,1.6888809397,1.8583342071
14,34,2.8506649569,3.2201288556,1.9007032764,1.9047333132,2.2142599544
14,35,3.0798749769,3.2201288556,1.7507480765,2.1711736405,2.3661182562
14,36,3.1794990762,3.3445576185,1.7896515195,2.2923959532,2.6038916
14,37,3.3324297946,3.39877159,1.8475487759,2.2544028511,2.5332312516
14,38,3.4616263868,3.5335997559,2.2325879187,2.1022823035,3.1278780986
14,39,3.5534685156,3.5335997559,2.1868541389,2.7212841004,2.8622719778
14,40,3.8347619781,3.8327049845,2.5298005678,2.7646415336,2.9177275194
14,41,3.8674420119,3.9075384351,2.3471769479,2.725853342,2.8396871154
14,42,3.9696136794,4.3819660113,2.7616082962,2.6565956167,3.2163155925
14,43,4.1120933815,4.4592210846,2.7470114414,3.335695977,3.3746058765
14,44,4.3549749462,4.4858630707,3.096489987,3.0900493201,3.7887734444
14,45,4.6840852841,4.5751659668,3.4564476366,3.5081883167,3.9634219811
14,46,4.8273679227,5.0,2.7442197494,3.3809219578,3.6217612687
14,47,4.9416199146,5.0,3.7260299627,3.8282207179,3.899286312
14,48,5.0097567649,5.0,3.6527997227,4.0762781594,4.4839124512
14,49,5.3501677777,5.3366696678,3.4645737124,3.8543168426,3.737835208
14,50,5.4654847959,5.4765237285,3.5261817314,4.0672669744,3.7137858319
14,51,5.7019419483,5.5811045284,3.7437922838,3.8604657861,4.1705628934
14,52,5.7671574957,6.0,3.9796818783,4.1723260618,5.0785649288
14,53,5.9190624973,6.0751247023,3.5837707686,4.0249973377,5.1100947958
14,54,6.0884048653,6.3177768742,4.2411266118,4.5708513262,4.9706618698
14,55,6.2582024976,6.3177768742,4.4114931036,4.5523533156,5.8357896518
14,56,6.3165805081,6.3177768742,4.816105628,4.9101355727,5.3385433055
14,57,6.5057530093,6.3329317923,4.739211277,4.3224918526,5.7322327456
14,58,6.6081678717,6.6257244531,5.1346652386,5.2406106743,6.0588044372
14,59,6.816275381,7.0,5.3009623098,5.6051738375,5.8596141868
14,60,7.0396372737,7.0,5.5261282916,5.2907921549,6.2333884234
14,61,7.2953361598,7.1980622642,5.0753089902,5.4250650621,6.3291805654
14,62,7.4508143905,7.1980622642,5.5878597997,6.4007000536,6.371713549
14,63,7.4880837335,7.7530203963,6.0781363626,6.215066922,6.4587084566
14,64,7.6360307628,7.7530203963,5.9754599681,6.0500637324,7.0739796223
14,65,7.7036904271,7.7530203963,6.2459312175,6.5961572621,6.6732864853
14,66,7.8186953865,7.7530203963,6.5088256581,6.3291719211,7.1853387378
14,67,8.133352032,8.3248691294,6.4510154504,6.7944370908,7.2233386146
14,68,8.1711175148,8.3248691294,6.9984512006,6.9992697721,7.6119063494
14,69,8.4172703699,8.5857864376,7.0582193213,7.0753414495,7.4425361557
14,70,8.6098002591,8.5857864376,7.0117509693,6.6657417409,7.7593803522
14,71,8.8765203611,9.1391941469,7.233633369,7.4317118691,8.1505897099
14,72,9.0,9.1391941469,7.1344389364,8.0889088926,8.4632634652
14,73,9.2080920113,9.2242871443,6.911139873,8.1170310389,8.4958291307
14,74,9.4071376319,9.2242871443,7.8466520965,8.5072086774,8.4105484881
14,75,9.5857864376,10.0,7.787276288,8.0017227373,8.6715842953
14,76,10.0,10.0,7.8182682195,8.2700024853,9.395304305
14,77,10.0,10.0,8.8285040633,8.9342818589,9.4682988371
14,78,10.0,10.0,8.3724900824,8.8533235565,9.7923864441
14,79,10.0,10.5857864376,8.8841164753,9.0777195682,9.8438636038
14,80,10.2679491924,10.5857864376,9.2008611649,9.5951463175,9.4997548126
14,81,10.5857864376,11.0,9.2671716784,10.0580282998,10.1117676859
14,82,10.5857864376,11.0,9.4203215582,10.26572037,10.354719257
14,83,11.0,11.0,9.9582347277,10.2479710604,10.45660216
14,84,11.0,11.0,10.47669048,10.1236158321,10.6831399902
14,85,12.0,12.0,10.3054275751,11.4343145751,10.8423759049
14,86,12.0,12.0,10.65660216,11.1659827027,11.0
14,87,12.0,12.0,11.2,11.0,11.7171572875
14,88,12.0,12.0,11.4,11.8,12.4
14,89,12.0,12.0,11.6,11.8,12.8
14,90,12.0,12.0,12.0,12.4,12.8
14,91,14.0,14.0,14.0,14.0,14.0
16,15,0,0,0.0552935093,0.1412385407,0.0788334211
16,16,0.152240935,0.152240935,0.0441482134,0.0987634295,0.1442368888
16,17,0.152240935,0.152240935,0.1028295601,0.0916397554,0.2522960535
16,18,0.4071376319,0.4071376319,0.112269443,0.1988629311,0.3246717668
16,19,0.4071376319,0.4071376319,0.1851240933,0.2700230031,0.4560540255
16,20,0.5857864376,0.5857864376,0.2995919424,0.3427198929,0.4888851497
16,21,0.5857864376,0.5857864376,0.37532533,0.3406751325,0.4352220823
16,22,0.6972243623,0.6972243623,0.2927182395,0.2800036233,0.4356131045
16,23,0.7450183506,0.7329324987,0.3959287876,0.5937399998,0.5384991312
16,24,0.9715001703,0.9696781528,0.4136900271,0.5335858333,0.5855846537
16,25,1.0729108259,1.0789622878,0.5667452859,0.6800663603,0.7058639859
16,26,1.216655293,1.1745476312,0.4498393409,0.7975023553,0.7384421001
16,27,1.3954838396,1.302898423,0.6851853735,0.4080097198,0.6541644862
16,28,1.5238914945,1.462868388,0.7175874994,0.7862262744,1.0031136218
16,29,1.7069148136,1.6330821757,0.5713370491,0.9826259662,1.0338431157
16,30,1.8508929577,1.8174907016,0.7817023633,0.9458152803,1.1048450342
16,31,1.9106477695,1.941842687,0.7865803531,0.8627328114,1.2028223642
16,32,1.9748948015,2.0,1.0203223654,1.1971755893,1.2523402805
16,33,2.1209813537,2.0463495285,1.0320474563,1.1382169448,1.4522098198
16,34,2.3331447655,2.1175877871,1.1534965008,1.2945471207,1.6086652739
16,35,2.5416391054,2.2498909013,1.294635546,1.3669670993,1.7179375069
16,36,2.5942129031,2.4944901096,1.1727185289,1.5982904881,1.4417686667
16,37,2.665017557,2.6761971723,1.3684961671,1.5269652716,1.954311156
16,38,2.7332449166,2.7358164231,1.4002518859,1.5443261827,1.978146102
16,39,2.8069105132,2.9125349461,1.6826373783,1.9152401004,1.8761471274
16,40,2.9248618971,3.0429046514,1.4482884593,1.8240232393,2.0055427467
16,41,3.1144599369,3.062091659,1.9098516853,1.8103995472,2.2688758872
16,42,3.1289199739,3.340469917,1.7219402304,2.2892122149,2.416501837
16,43,3.3985465922,3.5418563226,1.7640625536,2.0915817357,2.6591860682
16,44,3.5752209523,3.5640112903,2.0626650144,2.2905510442,2.2737921924
16,45,3.6404081636,3.7518034175,2.1165694667,2.2152006218,3.0126029722
16,46,3.7960191137,3.873176927,2.3842092094,2.521865113,2.4683192659
16,47,3.896176629,3.8932623009,2.3189760598,2.3698842787,2.8434167629
16,48,3.9349892176,4.1469843647,2.4571695822,2.3999248296,3.5552097154
16,49,3.9613971792,4.4528374502,2.2695991241,2.6682591114,2.8383648576
16,50,4.2097053867,4.5189471477,2.4247741986,2.7839151156,3.1717458546
16,51,4.349223822,4.7277063304,2.5623804266,2.9849811419,3.9266974109
16,52,4.4294100556,4.7963338488,2.8710211905,2.8526821582,3.5807996703
16,53,4.489005077,5.0,2.8646165054,3.1255488231,4.0240580387
16,54,4.7072381488,5.0,3.0607766744,3.2503627138,3.2422915252
16,55,4.888428397,5.0141597023,3.2778826653,3.3873225832,3.8587360785
16,56,5.0,5.0454660038,3.3776009441,3.4835495254,3.8387579858
16,57,5.069582918,5.2744754594,3.3338420898,3.533864539,4.4393291584
16,58,5.1052451368,5.5347480154,3.6203908397,4.075915181,4.2606682518
16,59,5.2732652054,5.5595197631,3.4521920401,3.7141865437,3.9926163591
16,60,5.429698182,5.6912353896,3.6960762577,4.2415247008,4.0787999478
16,61,5.5864584936,5.6992551396,4.0364221959,3.8306736971,4.7899518202
16,62,5.65748054,5.716041799,4.028371341,4.5022586014,4.6196541601
16,63,5.8252499164,5.7170192096,4.1502539959,4.5725431132,5.0878734403
16,64,6.0516826535,5.8181532221,4.2233416334,4.5948993974,4.9691777403
16,65,6.2227194375,6.1727815511,4.51077655,4.9815442534,5.0528870809
16,66,6.2368295373,6.2504040528,4.1861337933,4.9753115952,5.021262444
16,67,6.4190937243,6.3753440203,4.8481558927,5.4338223358,5.4712030602
16,68,6.5151642217,6.5057256322,4.6518193939,5.3045409896,5.6858144106
16,69,6.5520400569,6.772894012,4.7848980949,4.8488338969,5.8873551307
16,70,6.7172580325,6.8043771426,4.7263585303,6.0648436231,5.5930984596
16,71,6.89927162,7.0349865511,5.2698242498,5.7095110867,6.016502014
16,72,7.1073014958,7.3635320973,5.2764408201,5.4088090152,6.6972673895
16,73,7.2490480767,7.4288835681,5.4352543381,5.4911588397,6.4806573742
16,74,7.3714684117,7.4325039149,5.1004475726,5.2755261982,6.1584690812
16,75,7.3972049694,7.6980484537,5.7538310244,6.2354758616,7.0645678217
16,76,7.657714977,7.8459270707,5.8138864256,5.8869145082,6.2582351797
16,77,7.7059543656,7.8588557814,6.0168632069,6.3674142722,7.5611149612
16,78,7.9734441702,8.0249300339,6.0825974498,6.6071394725,6.7859280214
16,79,7.9976192558,8.2086054196,6.3801643597,5.5808531745,6.7341213872
16,80,8.1240184243,8.2086054196,6.3654972324,6.6017008994,7.6626419143
16,81,8.3198673329,8.3700784004,6.5091859942,7.1601927712,7.7941716919
16,82,8.4754255416,8.4399618165,6.6430546665,7.0215623468,6.8793890275
16,83,8.5720462329,8.5857864376,6.8073614671,7.3353341001,8.320834993
16,84,8.6210717256,8.8105124488,7.0090538303,6.8471933818,7.8826411584
16,85,8.8335122409,8.9230412269,7.137022768,7.2267022518,8.4328863077
16,86,9.0206512489,9.3544127957,7.0610942483,7.8703019596,8.0561980171
16,87,9.143847634,9.3544127957,7.4536977772,8.0212478939,8.2842573883
16,88,9.338578304,9.5857864376,7.8177269829,7.6561263369,8.5617350144
16,89,9.3786485027,9.5857864376,7.9167178828,8.030478532,8.6078910155
16,90,9.6428556094,9.5857864376,7.4965759946,8.2866121371,8.3323175281
16,91,9.8943467449,10.1146046447,8.3579638188,7.8125371759,8.534879566
16,92,10.0,10.2679491924,7.7550368571,8.859095373,9.2421534883
16,93,10.178579716,10.5188056959,8.3853772745,9.0698207951,9.1547613209
16,94,10.4094863043,10.5946216024,8.180771152,9.2235263906,9.8253741195
16,95,10.5778784309,10.5946216024,8.654992045,8.5316613824,10.4893575178
16,96,10.6679233809,11.0,8.5659629022,9.2358972519,9.8284230175
16,97,11.0,11.0,9.3030173632,9.1211262537,9.8255789372
16,98,11.0,11.0,9.3834394305,9.7289445096,9.9075053845
16,99,11.0,11.0,9.2284131769,9.8549561358,9.6875540648
16,100,11.3819660113,11.3819660113,9.290129756,10.5345528585,10.3823073723
16,101,11.3819660113,11.5857864376,9.3138417433,9.3599444368,10.6298418422
16,102,11.3819660113,11.5857864376,9.7383310038,10.2377706005,11.6411303678
16,103,11.5044923434,11.5857864376,10.3059325148,10.813923772,10.8422592025
16,104,11.6140474549,12.0,10.4077730979,11.1452327436,10.9036596094
16,105,12.0810140528,12.0,10.497272046,11.0624424735,11.128893538
16,106,12.2679491924,12.3819660113,9.9028956971,10.98143419,12.0837651629
16,107,12.3819660113,12.3819660113,10.9150499063,11.3328984642,11.3126749952
16,108,12.3819660113,12.5857864376,11.1344676229,12.4548454493,12.1883107241
16,109,12.3819660113,12.5857864376,11.6643270298,11.4078607273,11.9880175434
16,110,13.0,13.0,11.5106896056,11.8577704138,11.8142278107
16,111,13.0,13.0,11.1164157633,11.7596711031,12.5659827027
16,112,13.0,13.0,11.8905696275,12.4501526498,11.9930388508
16,113,13.0,14.0,12.0225848627,12.6471403283,13.0831399902
16,114,14.0,14.0,12.8343145751,13.4,13.4
16,115,14.0,14.0,13.4343145751,13.2831399902,13.4
16,116,14.0,14.0,13.6,13.4763932023,13.0343145751
16,117,14.0,14.0,13.4,14.0,13.9171572875
16,118,14.0,14.0,14.0,14.8,14.2
16,119,14.0,14.0,14.4,14.8,15.2
16,120,16.0,16.0,16.0,16.0,16.0
24,23,0,0,0.0406239297,0.0472691981,0.1100818685
24,24,0.0681483474,0.0681483474,0.0166289256,0.0519939142,0.0723925662
24,25,0.0681483474,0.0681483474,0.0426898027,0.0928739886,0.1825632655
24,26,0.2031574113,0.2031574113,0.1036321644,0.0502020582,0.1169581988
24,27,0.2031574113,0.2031574113,0.0757974538,0.1880248038,0.2082395048
24,28,0.2679491924,0.2679491924,0.1274382305,0.1459791137,0.2101832099
24,29,0.2679491924,0.2679491924,0.1458979361,0.2121483928,0.3051569351
24,30,0.3945081224,0.348089658,0.2049699778,0.2429863388,0.2414887382
24,31,0.4260219829,0.3784888209,0.1996593151,0.1900148256,0.3474996536
24,32,0.500195933,0.5308544765,0.1805805241,0.3103374024,0.3230324461
24,33,0.5461133075,0.5492972024,0.2721585739,0.2887409717,0.3134006185
24,34,0.6407608943,0.6570769172,0.3089870362,0.1873632549,0.4666435233
24,35,0.7070030271,0.6570769172,0.2440656827,0.3854852842,0.4419466375
24,36,0.7511166894,0.80012577,0.329055371,0.2871196608,0.5112163944
24,37,0.8001075391,0.860380785,0.3146932604,0.4449351483,0.4704206215
24,38,0.8415720477,0.9542520184,0.3798701562,0.4767901248,0.5990448019
24,39,0.9234121966,0.9870775489,0.4572024868,0.4890803354,0.6719844195
24,40,1.0248189492,1.0261828152,0.4442644247,0.5117179558,0.5187849306
24,41,1.0653391321,1.2096802037,0.474815286,0.572220569,0.6321374766
24,42,1.1147707226,1.2727831257,0.6141261028,0.7242800711,0.7214901373
24,43,1.213231511,1.2890082112,0.4684326048,0.7274291517,0.7666398563
24,44,1.3181395093,1.3160087772,0.6728179202,0.7279335678,0.6847542697
24,45,1.3570232368,1.3411006463,0.5373923833,0.6053514748,0.7630483317
24,46,1.4574608899,1.4556517245,0.7717721098,0.8141166167,0.8675415826
24,47,1.4763507598,1.4974238728,0.6791461798,0.7838500146,0.8426407152
24,48,1.5375490117,1.6141948169,0.553821527,0.8965751761,1.2305787152
24,49,1.6585923754,1.6929545206,0.7176935266,0.8466319229,1.0039199613
24,50,1.7191888822,1.8001457234,0.7804193992,1.069920242,1.1679222434
24,51,1.8280261191,2.0096200914,0.7104822326,1.090309496,1.3875236376
24,52,1.9725210434,2.0105635947,0.8904833621,1.024442591,1.2937280362
24,53,2.0930009456,2.0299843535,0.8987447589,1.0828521243,1.342781241
24,54,2.1639934525,2.0705106627,0.8816574141,1.2496516682,1.4062098017
24,55,2.3089545338,2.1782150503,0.9210588992,1.1823524,1.5303528292
24,56,2.3360229402,2.329243494,1.0503109578,1.3863770089,1.8089974682
24,57,2.386915234,2.3696818667,1.0833263282,1.1102611557,1.5935995806
24,58,2.4491635833,2.4674459608,1.0422574799,1.4648366217,1.7103400881
24,59,2.4916977319,2.5397771742,1.1033325332,1.5421716785,1.6248986306
24,60,2.5558781977,2.5452717729,1.3034493017,1.7062148551,1.5893935167
24,61,2.6196549818,2.6392049101,1.1600236308,1.4811301699,2.0825382671
24,62,2.7132726212,2.6559125919,1.5273202388,1.6876903063,1.5818425957
24,63,2.7800923668,2.6937221558,1.4416014763,1.8272604333,1.9467714247
24,64,2.8850011656,2.8803200566,1.3888214621,1.843469813,2.0992058686
24,65,2.9948360681,2.8979687196,1.4215231921,1.6041953666,2.1960572453
24,66,3.0309101588,2.9913692948,1.7640611334,1.795566109,2.104490843
24,67,3.0680862958,3.0507150818,1.6017179303,1.8618749923,2.1631107445
24,68,3.1451701031,3.2592885196,1.7108062567,1.5704331929,2.0988597519
24,69,3.2671919552,3.2636154479,1.7719762528,2.2564119129,2.3100140464
24,70,3.3077179325,3.5144930379,1.862653261,2.2456686913,2.2041830643
24,71,3.4086862564,3.6508542193,1.7130180605,1.8693730566,2.6763319702
24,72,3.4764880027,3.6573071477,1.5288895189,2.2587184632,2.4784902028
24,73,3.5206652406,3.7221480493,1.3971489259,2.2811626943,2.4384092245
24,74,3.7090998911,3.7221923643,1.8719458674,2.2544221212,2.2835307274
24,75,3.7461635114,3.7805384712,1.9139939718,2.1716892832,2.8381733533
24,76,3.8729883435,3.8326474524,1.850967141,2.3373849309,2.767467345
24,77,3.8893495041,3.8328604973,1.8039502162,2.552413899,3.0148107462
24,78,3.941122182,3.977014428,1.7960329592,2.5652065117,3.09075717
24,79,4.0779559003,4.0696519804,2.1024699093,2.1506956932,2.6462003552
24,80,4.1885562471,4.0712910998,1.9975266554,2.8531331241,3.3570187689
24,81,4.2126437068,4.1905557045,2.2267022411,2.3198966812,3.5474543857
24,82,4.3220351947,4.1913801101,2.2097051144,2.6998340881,3.3620600035
24,83,4.3840117565,4.2152430378,2.3855351536,3.14873904,3.0782994812
24,84,4.46287985,4.4494208346,2.2777738942,2.9708555478,3.4077476561
24,85,4.5361314838,4.4852521793,2.5680104592,3.0128359587,3.531418484
24,86,4.6585192848,4.8156361826,2.8881392216,3.1181288378,3.4661644353
24,87,4.7422911088,4.8391312577,2.5702248805,3.1588183108,3.224054411
24,88,4.7830927141,4.9567481542,2.7040679353,3.1794272977,3.5549280853
24,89,4.8732155317,4.9587901174,2.5233383814,3.4423925637,3.9263863764
24,90,4.9256108479,5.0291592475,3.0073793697,2.5457671535,4.0519386632
24,91,5.0656435974,5.1373197306,3.1016776577,3.4339023094,3.6343415671
24,92,5.084861577,5.1463302879,2.7200500633,3.348095328,3.802727782
24,93,5.1866180185,5.2149788441,3.0235253701,3.3058207663,4.1907459927
24,94,5.2686478706,5.2170676843,2.9653542019,2.9425367301,3.4010454944
24,95,5.321493275,5.2410335914,3.1516172372,3.7237552436,3.9110795935
24,96,5.4712585521,5.4507824455,2.9002203625,3.3863659444,4.3695254364
24,97,5.5061706167,5.5892724715,2.931274242,3.503326632,4.0118796943
24,98,5.5458497708,5.6227640322,3.1430458797,4.0276479569,4.506448588
24,99,5.7188751762,5.8653838701,3.076208848,3.6379978794,4.4402310218
24,100,5.7905708353,5.9083160174,3.1208024122,4.1459582859,4.684931914
24,101,5.908605812,5.9775594144,3.3905261735,4.2619611084,4.9485109239
24,102,5.9475642122,6.0449254514,3.6034905326,4.3254561974,4.5885727334
24,103,6.0473941056,6.1377804374,3.5647111202,4.0079041775,4.8985706509
24,104,6.1476656835,6.3039480589,3.4851987986,4.4737589149,4.6373427653
24,105,6.192380338,6.3055355649,3.4800779781,4.4784470118,4.8932622955
24,106,6.273752774,6.3554255151,3.6790593493,4.6236662061,5.3094744574
24,107,6.4362524404,6.3855075221,3.6366718077,4.7656493673,4.7598314692
24,108,6.4643954026,6.6303237447,3.9726749134,4.2501583237,4.4653158216
24,109,6.5746793015,6.6757164908,4.0114453961,4.1939231663,4.6418706831
24,110,6.6505722589,6.741380438,3.9590323387,4.4800640937,4.7527381483
24,111,6.729014358,6.8465314158,4.3729623464,4.5957901291,5.0789197468
24,112,6.793658878,6.8479289854,4.3772011154,4.9177765246,5.4216863412
24,113,6.9057088589,6.8482318388,4.2842949798,5.196517861,5.5594938396
24,114,6.9606228288,7.0137734966,4.4862277563,4.9593919387,5.5587703205
24,115,7.0204242319,7.1420592043,4.2880667994,5.125174469,5.3988597551
24,116,7.1313235627,7.1850230074,4.5088953744,4.7365103587,5.8827812757
24,117,7.2399275772,7.1965773823,4.1171370636,4.5880925242,5.3893477057
24,118,7.3109132395,7.3397162793,4.4531274932,4.1654844925,5.185766817
24,119,7.3638423366,7.3413349998,4.7038754644,5.19784275,6.0909017284
24,120,7.4556682687,7.4895060161,4.726482862,5.6788710246,6.4670468458
24,121,7.5926232998,7.6318090308,5.0021343717,5.2044695419,5.8166882338
24,122,7.6182693539,7.631964174,4.8435722543,5.5974220004,6.198517379
24,123,7.699575599,7.7001764127,4.719452968,5.636352708,5.3411873712
24,124,7.7669431349,7.8264103001,4.827574696,5.7337957523,6.3731955535
24,125,7.8352596591,7.9851428509,5.1235561913,5.8825613309,6.4063719853
24,126,7.9289101678,7.9879601389,5.2711152285,5.9319486319,7.399526188
24,127,8.0718110491,8.1478589671,5.2947856812,5.9154288872,6.7305903655
24,128,8.1643553875,8.2148719873,5.1364560208,6.0975208079,5.9767455931
24,129,8.2675726614,8.2195025223,4.9606087252,6.334739278,7.0655968101
24,130,8.3839260774,8.2195089714,5.3510051752,6.0804680447,7.7050559867
24,131,8.4512275264,8.3657612037,5.5145738138,6.7772290308,6.3644259281
24,132,8.5147630533,8.5424444644,4.9892804428,5.9046689372,6.4796776446
24,133,8.6296342424,8.6430344442,5.6836022782,6.6784563118,6.6437038801
24,134,8.7077381955,8.6531639801,6.084626896,7.0088943367,6.6757407198
24,135,8.8380917803,8.7370846104,5.9455672235,6.7453964936,7.9186416903
24,136,8.8805606528,8.7642579943,5.9035396161,5.6531334636,7.3052287066
24,137,8.9417076616,8.8077664151,6.3186584841,6.7158862,7.4372192835
24,138,9.0320808948,8.8971624817,6.0217079075,6.9674772294,7.7676958372
24,139,9.0884208789,8.9803230615,6.395879511,6.3817627534,7.6773411537
24,140,9.220260411,9.1337413339,6.4492940611,7.0041918312,7.8862382611
24,141,9.2304246966,9.1672390731,6.6540957299,6.4141979457,8.0073644568
24,142,9.3758870798,9.417979582,6.5490903751,7.0454427724,7.9502332301
24,143,9.4313794097,9.6724543906,6.8281474926,7.4298177829,8.4048297837
24,144,9.5683882743,9.7031396284,6.7739860274,7.0129217921,7.7140023889
24,145,9.633751098,9.9721346977,6.7766045782,7.36147586,7.5550380244
24,146,9.6901515975,9.972201813,6.9467524808,7.030409849,8.4784455242
24,147,9.7439354349,9.9722563369,7.1367995859,7.7094210447,8.0961928104
24,148,9.8367208509,10.0146587575,6.796096732,7.4424536703,8.7362398404
24,149,9.9962709055,10.0665291174,7.3718795239,7.6788674861,8.1988716956
24,150,10.0207201296,10.2950452038,7.0830562405,8.0974267883,7.9712949985
24,151,10.1085538548,10.3081006307,7.3952678807,7.4589148837,8.5206456928
24,152,10.2251310527,10.3804114313,7.5672728126,7.7605082127,8.4754039615
24,153,10.3422122782,10.5283003568,6.9325097317,8.3064521801,8.4285737842
24,154,10.3995554754,10.529283234,7.2770394306,7.9500336362,9.1857765005
24,155,10.4807518505,10.532740624,7.3207913673,8.1058280924,8.173868336
24,156,10.5491195557,10.532740624,7.7973711064,8.496352911,8.4594452279
24,157,10.6488642437,10.6742477532,7.9080398247,8.7865197216,8.6934684339
24,158,10.6925879352,10.6834104066,8.3262022102,8.9261751434,9.4002280065
24,159,10.8756795897,10.7398518718,8.1703153128,8.4033571959,9.3804404247
24,160,11.0097211808,10.8694194973,7.8184217384,8.7457763961,9.3076461495
24,161,11.0888744397,10.9816588277,7.7873606836,9.2021973941,9.0283361706
24,162,11.2162838962,10.992773505,8.5170278851,8.4736332065,9.2457970086
24,163,11.2485722542,11.1213435537,8.5627924115,8.4344343625,9.7179013329
24,164,11.4117903551,11.17851164,8.2233428914,9.3029976962,10.2009843743
24,165,11.499257793,11.1788103893,8.5129681292,9.1446358664,9.7717997105
24,166,11.5932408348,11.3820569283,8.3781592259,9.8185322167,9.5246831096
24,167,11.6332140843,11.3959227034,8.3426599296,9.173450514,9.6777285628
24,168,11.6617356876,11.3971070288,8.8993275406,9.4210335764,10.4677416776
24,169,11.7700306184,11.4121698322,8.8370708777,9.6349143421,10.3520690467
24,170,11.8348761042,11.5157176652,9.051368905,8.7904134295,10.5884230138
24,171,11.8648494829,11.6088247445,9.5097101525,9.5771419512,10.3966368027
24,172,12.0209958077,11.7880050136,9.636107656,9.5694911956,10.5168436824
24,173,12.173573214,11.9171643976,9.5229977036,9.2415016669,10.2262783632
24,174,12.1918576906,12.1944324149,9.7735877829,9.2036047632,10.3378802307
24,175,12.1988200083,12.3049560746,10.1674493806,9.6900728875,10.6991691872
24,176,12.3558507567,12.5569322032,9.5055768003,10.3617291938,11.1494050434
24,177,12.3867630054,12.6339839778,9.7131995256,10.7314896829,11.3886607093
24,178,12.464732201,12.6850266126,9.3073071387,10.7430509603,11.626790067
24,179,12.5556699876,12.7371934769,9.7583017,10.3456284903,10.9490320124
24,180,12.7073180253,13.014345392,9.7883526473,9.8971048344,10.6895951935
24,181,12.7502320746,13.1244153266,10.0375639036,9.3627308844,10.4455870462
24,182,12.7855503575,13.160789984,9.6558374166,10.2743727867,11.5065521639
24,183,12.9107837782,13.185048246,10.5557361203,10.6932918919,11.4824112533
24,184,13.0540316692,13.2499692256,9.9574663608,10.8233606832,11.3316585327
24,185,13.1519649143,13.3375146996,10.2954930591,10.3744723792,11.035650978
24,186,13.1867520715,13.3542686874,10.8300814016,9.9250346901,11.2149623681
24,187,13.3357329688,13.5831261539,11.2104094446,10.362485528,11.6105721071
24,188,13.4896838142,13.644569289,10.8237251803,11.1252117621,11.7023251999
24,189,13.5351289115,13.6455226398,10.9683459804,11.4811176144,12.8908928569
24,190,13.6698787815,13.81159582,11.3347668687,11.0000139258,11.44056359
24,191,13.7360025364,13.9376163684,11.6019843691,11.7752001729,12.0316973057
24,192,13.8016383017,14.1308018137,11.4269830943,11.6122225001,12.4441409668
24,193,13.8421460711,14.2175713835,10.6493142048,12.1137487529,12.1954237515
24,194,13.9818025609,14.326419066,11.6602055113,11.0866702036,12.6281201386
24,195,14.0674440993,14.4978755847,11.0357795805,11.8062188484,12.9025369082
24,196,14.1581900704,14.5385505257,12.0013380901,11.7524795144,12.8345580232
24,197,14.2992363072,14.5672212214,11.481959724,12.3111679319,12.8101108952
24,198,14.3667681366,14.681798838,12.0033760979,11.4016829645,12.6190599326
24,199,14.4496000045,14.8216144741,11.9495179187,12.1536086619,13.0094492562
24,200,14.6122728926,14.9251202168,11.9039310164,12.300415631,13.6588193829
24,201,14.6455520387,14.9301802071,12.4429989103,11.8398564536,13.5359710769
24,202,14.7273667325,14.9751251129,12.2202069853,12.2835775125,13.4822985821
24,203,14.8100077571,14.9775887141,12.4862379658,12.4581323995,13.894105211
24,204,14.9709419777,15.1663127958,12.4836560025,13.1487109142,12.9550619453
24,205,15.1538506254,15.264898148,11.6954057748,12.5677935976,14.1052431754
24,206,15.1791690374,15.4849225371,12.7509372651,13.0102669735,14.0939211406
24,207,15.2220528276,15.5295715248,12.9520336233,13.2757809199,14.6757099404
24,208,15.3248898702,15.5613274468,13.0897141318,13.5675907058,13.5580306254
24,209,15.4536284722,15.622502548,13.5032877972,13.7486615921,13.3128891438
24,210,15.5135498038,15.6252808567,12.6691769854,13.5611729924,14.1408562221
24,211,15.6285894154,15.6749833572,13.136580793,14.1357049604,14.0141481347
24,212,15.7842073794,15.8942127095,13.1274039903,13.6937475388,14.0973036132
24,213,15.8282565773,15.9185621513,13.3454980957,13.9245870262,14.034161347
24,214,15.9071904352,16.1754480473,13.7179348118,14.4813726214,14.1259368383
24,215,15.947756739,16.2999673654,13.7579742931,13.4593485838,14.045659454
24,216,16.1353316985,16.3593096021,13.3378907657,14.3905168683,14.6703791675
24,217,16.1907990703,16.3704227667,12.7756634132,13.3117684169,14.8941592187
24,218,16.2452494325,16.4386808216,13.1378204713,14.5909190628,14.7813792312
24,219,16.335523371,16.4387028609,13.6313404165,13.0120149063,14.7929614225
24,220,16.5281267546,16.4387028609,13.655831379,14.6074901487,15.826626738
24,221,16.606983759,16.7712381224,13.7522572317,14.0429967172,15.0754047892
24,222,16.6450544517,16.9641337935,13.7614931984,14.5156267161,15.2951752298
24,223,16.7532065313,17.2790448377,14.0116895726,14.7738797551,15.1539166689
24,224,16.8368995774,17.3486725216,14.2248813969,15.1608085674,14.9717953677
24,225,17.0099532444,17.4219793667,14.7658714551,15.0252867514,15.6496219373
24,226,17.0756504842,17.4219793667,13.9563128122,15.553920073,15.3953228018
24,227,17.1403262989,17.4219793667,14.7573255607,15.3098186249,15.3948043067
24,228,17.2067523471,17.5188056959,14.1286255449,14.7543472569,15.6509102938
24,229,17.291151537,17.5188056959,14.5698742902,14.9498221355,15.6709749191
24,230,17.4635375513,17.6591273397,15.3001632755,15.5071674878,16.7559611992
24,231,17.5775951958,17.7205476842,15.89562256,15.6001763011,15.612907653
24,232,17.6455816598,17.7205476842,14.6669391513,15.7758858332,16.4088938414
24,233,17.792736336,17.7205476842,14.6029503925,15.2953374176,16.3940125845
24,234,17.960399066,17.8043569751,15.7076050033,15.8936960445,16.6352953504
24,235,18.0324971993,18.03087258,16.3138335829,15.9274097047,16.7841402734
24,236,18.08533683,18.1268804263,15.819218586,16.0183422474,16.5330458291
24,237,18.236836512,18.2960896453,15.9347826966,15.8759110393,16.6804576196
24,238,18.3113083167,18.4263188669,16.0791465439,15.762972152,16.5210543634
24,239,18.4596688067,18.4263188669,15.5024116501,16.8699717395,17.0359484818
24,240,18.5394027375,18.5222485433,16.4608944681,16.1531965337,18.0524672019
24,241,18.6969678107,18.6099401296,16.4008102073,16.8026844247,17.1792951982
24,242,18.7223133013,18.9387842064,16.7588107937,16.8363412884,16.3310940839
24,243,19.0349909158,19.0,16.0025292537,17.1552314772,17.5038169355
24,244,19.0590112479,19.0753369427,16.7827713327,16.7737630597,17.5061979046
24,245,19.1439383417,19.2679491924,16.5947272004,17.1035216677,17.9727383306
24,246,19.1758405297,19.2679491924,16.7302466934,16.9830938853,17.7520717124
24,247,19.2439837588,19.2679491924,16.874561158,17.3322886836,18.3966414808
24,248,19.435179261,19.4024091874,16.5805753082,17.3408127238,17.8813023029
24,249,19.4806322646,19.5857864376,17.3595308756,16.9278922624,17.5664996872
24,250,19.7635290311,19.5857864376,18.0472095265,17.9742663339,18.2314088728
24,251,19.7639325033,19.6972243623,17.1426204309,17.7783559125,18.6250927829
24,252,20.0,19.7856802566,17.2583873069,17.8476020947,18.2727294681
24,253,20.0,20.0,17.744818951,17.5768456531,17.6014965495
24,254,20.0501441756,20.0,17.8936270014,18.6330161678,17.9312336078
24,255,20.1980622642,20.2679491924,18.4105253268,18.4248997022,19.0908695848
24,256,20.1980622642,20.2679491924,18.6159282901,19.0643165232,19.5853371158
24,257,20.5857864376,21.0,17.9025903847,19.0237926852,19.2516173489
24,258,20.5857864376,21.0,18.1733915248,18.9589539526,19.2650088262
24,259,20.5857864376,21.0,18.7896951273,18.4530861996,18.488441522
24,260,21.0,21.0,18.380984901,19.6661597136,18.9309227063
24,261,21.0,21.0,18.4997980945,18.878397246,19.7826495653
24,262,21.0,21.0,18.8094169613,19.213322746,18.9929689673
24,263,21.0,21.0,18.9585762861,19.4024870615,19.213972791
24,264,21.0,21.0,19.8245783428,19.6586272584,20.6050617011
24,265,21.0,21.0,19.469618773,19.7778718845,19.890593173
24,266,22.0,21.0,19.4724407799,19.8877284013,20.1296965255
24,267,22.0,21.0,20.0542656048,19.5575478213,20.1423071529
24,268,22.0,22.0,20.2131230309,20.6491226929,20.3255158951
24,269,22.0,22.0,20.1885675653,20.970747126,20.7935504898
24,270,22.0,22.0,20.499931248,20.9171572875,21.0763932023
24,271,22.0,22.0,21.1171572875,21.8,21.2
24,272,22.0,22.0,21.0343145751,20.9171572875,21.4
24,273,22.0,22.0,21.6,21.2,21.8
24,274,22.0,22.0,21.6,21.8,21.6
24,275,22.0,22.0,22.0,22.4,23.2
24,276,24.0,24.0,24.0,24.0,24.0
32,31,0,0,0.0180364812,0.0739352074,0.1196502705
32,32,0.0384294392,0.0384294392,0.0256906462,0.0317088524,0.0713083369
32,33,0.0384294392,0.0384294392,0.0341649561,0.0313155927,0.0738379128
32,34,0.1221295457,0.1221295457,0.046493792,0.0534239001,0.0900046359
32,35,0.1221295457,0.1221295457,0.0795586375,0.0416717307,0.1902393495
32,36,0.152240935,0.152240935,0.0812412936,0.1062213757,0.1801809275
32,37,0.152240935,0.152240935,0.0913336798,0.1199960571,0.1771466707
32,38,0.2490681785,0.2058899143,0.1280094437,0.1281955598,0.2257165942
32,39,0.2706507979,0.2150186962,0.1206865832,0.1887620817,0.1648911091
32,40,0.3201187851,0.3408732072,0.1306694571,0.1890836028,0.2356652483
32,41,0.3435668968,0.3594245794,0.1446370617,0.2144197325,0.3393011443
32,42,0.400389518,0.4067561567,0.1358549825,0.2421839988,0.3133029642
32,43,0.4492220031,0.4069437333,0.2212084049,0.1416757524,0.1892705141
32,44,0.4557219644,0.5857864376,0.1672502256,0.2349264007,0.2747702565
32,45,0.4929916905,0.5857864376,0.2081974155,0.2877028431,0.2695284641
32,46,0.5349279327,0.5857864376,0.2909182949,0.3108114459,0.4172157964
32,47,0.5918602027,0.5857864376,0.288371603,0.3614295209,0.4687179525
32,48,0.6346883238,0.5857864376,0.2483047859,0.3672711755,0.4523472765
32,49,0.6852703858,0.5857864376,0.2924966436,0.3450803907,0.4695324157
32,50,0.7067342125,0.6514343427,0.2696013466,0.3886122264,0.5047374599
32,51,0.7708295786,0.6825051538,0.3256355181,0.3867019191,0.5953269329
32,52,0.8669514244,0.8456766894,0.4044787206,0.4087909792,0.3810025775
32,53,0.8770364291,0.8456766894,0.3934428297,0.3961928394,0.5813433558
32,54,0.9397682592,0.9623260053,0.475852293,0.4585291362,0.582406564
32,55,0.9743504336,1.0194320827,0.3777700977,0.4627980389,0.64477061
32,56,1.0087062837,1.0701329519,0.5085557686,0.4237615316,0.4349448734
32,57,1.0402184375,1.1547706745,0.4575630365,0.4033229383,0.6225732726
32,58,1.1169876867,1.1732199501,0.5449070447,0.5262098935,0.6007061106
32,59,1.1735372638,1.3040943789,0.515236517,0.6140933585,0.7197488863
32,60,1.2188768105,1.3105038465,0.4756160607,0.5752674756,0.7538173044
32,61,1.2781664,1.3109952674,0.5565022614,0.5878094982,0.8736881396
32,62,1.3481571005,1.3191071427,0.5998112843,0.5720590767,0.9205820684
32,63,1.4111095591,1.3575656248,0.4977718251,0.7320196748,0.6690026493
32,64,1.4713211794,1.3640022694,0.6027845059,0.75563898,1.0756893007
32,65,1.5097806454,1.4676915604,0.5890462949,0.7633298731,1.1022205309
32,66,1.5867529316,1.5633712923,0.4925249858,0.8527764999,0.9777224715
32,67,1.6013127115,1.5682431156,0.6402110545,0.8754940389,1.2933843637
32,68,1.6879058278,1.6352218001,0.5698925787,0.8579750803,0.9156665999
32,69,1.7037834252,1.7174290705,0.6506202821,0.9338837825,1.0164738068
32,70,1.7901216633,1.7629359545,0.6668851775,0.7708074271,1.285882419
32,71,1.8581909468,1.7661203928,0.8108627907,1.0124240268,1.3046864825
32,72,1.8815058086,1.9102102682,0.8464685474,1.0789168068,1.2641243621
32,73,1.9456937655,1.9797858681,0.8078028272,1.0896052211,1.4392755837
32,74,1.9952714224,2.0291813309,0.8627244914,1.1600166596,1.2020087537
32,75,2.0409220902,2.164067081,0.8581457315,1.1638725726,1.4888850843
32,76,2.0940481886,2.1683822061,0.9138580752,1.1744864317,1.4786864923
32,77,2.1841915886,2.2347794885,0.9686370101,1.3042494699,1.1855257962
32,78,2.2965179072,2.2600645737,0.9393004875,1.1888906545,1.6918029286
32,79,2.3200877024,2.2607504447,0.9948419424,1.3064814613,1.5915516455
32,80,2.3424994437,2.2995895214,0.9814324618,1.3644385659,1.7269578121
32,81,2.3841196495,2.4014578516,1.1310610241,1.3637975761,1.587180569
32,82,2.4420926647,2.4352764322,1.1584884158,1.3871776521,1.8390172119
32,83,2.5002716132,2.5737716047,1.1606236115,1.4319023161,1.9120841346
32,84,2.5346314332,2.6101319881,1.1510583018,1.4880746224,1.6106627757
32,85,2.5835791377,2.6644245577,1.0712219278,1.4870082955,1.9133618943
32,86,2.6765295052,2.6661043794,1.2438833561,1.5643281996,1.7097772321
32,87,2.6948243486,2.7566929924,1.3356979639,1.673143977,1.5515287854
32,88,2.7553477817,2.8698722203,1.4817340458,1.5796279886,1.8802947437
32,89,2.8191378152,2.9580032458,1.4870498631,1.5894045409,1.6570153923
32,90,2.9176731528,2.9930979474,1.4485467118,1.7052680031,2.0153116892
32,91,2.9444883497,3.0521951031,1.543517922,1.681845011,2.0960872657
32,92,2.9694175743,3.1373110244,1.5096175042,2.0460595131,1.8348267397
32,93,3.0502887331,3.2113406338,1.5236991412,1.7664173468,2.1400923645
32,94,3.0911842092,3.2139832353,1.7146966583,2.0579808338,2.1678159477
32,95,3.1139019187,3.2615161396,1.6770621435,1.6518639305,2.1878744786
32,96,3.2315275392,3.2929752274,1.2666749717,1.6710742266,2.0743798324
32,97,3.2588933468,3.3168663543,1.3262361662,1.7041513095,2.399844984
32,98,3.2720717389,3.4530166671,1.4063922634,1.861686611,2.6639144601
32,99,3.3762904669,3.4665717114,1.4141147464,2.1973106848,2.5330502383
32,100,3.466536999,3.5074240052,1.4246325458,1.9979212073,2.3469379615
32,101,3.5157531389,3.5643492336,1.4490311038,2.1105323029,2.5741155683
32,102,3.5565492474,3.588195857,1.5106574739,2.2992322457,2.4331697975
32,103,3.6410680812,3.5916225589,1.5204271103,1.4942830287,2.6419719127
32,104,3.6764682808,3.631036408,1.4944231056,2.4762650861,2.5641632927
32,105,3.7145711899,3.7268262985,1.8268856169,1.9813607969,2.4030489656
32,106,3.8120446439,3.8230465598,1.8473248279,2.3292289422,2.1740768609
32,107,3.8624631358,3.8468137711,1.9640552111,2.3308825362,2.6775649453
32,108,3.8732810147,3.8529780362,1.8963918587,2.6402815524,2.8180972716
32,109,3.9645692382,3.8561055931,1.9810701453,2.357769576,3.2095319132
32,110,4.0057674717,3.8573204288,1.9069293455,2.4736868813,2.9069599075
32,111,4.0114093807,3.9543714426,2.1107348474,2.2409742581,3.5479156607
32,112,4.1283072512,4.1218829901,2.130862816,2.8133144758,2.8911800218
32,113,4.1902726644,4.1606284397,1.9267483716,2.4626908921,3.2344523251
32,114,4.2343572793,4.2866495822,2.3329826913,2.5410604625,3.2407406275
32,115,4.2965659398,4.2913237254,2.4208213291,2.7915895879,2.8471674357
32,116,4.3508091133,4.3935841887,2.1493576491,2.6195098977,3.4464273122
32,117,4.3968407254,4.3951451481,2.405218612,2.8812915308,3.4339394843
32,118,4.486212406,4.5171302502,2.2710029068,2.8608456516,3.3713993299
32,119,4.5658169197,4.6180342055,2.1663081785,3.04598467,3.5590247743
32,120,4.6391273097,4.6357827147,2.4718991582,3.0996251682,3.2314787131
32,121,4.7293104729,4.636910956,2.5302572069,3.009222495,2.9707575682
32,122,4.7580616395,4.7618495657,2.5365454506,3.0530911277,3.5490526875
32,123,4.8089187746,4.7889709425,2.5383261515,3.1923345019,3.481151803
32,124,4.903786811,4.7899393262,2.6357329327,3.0501162758,3.628291815
32,125,4.9288260333,4.7945516854,2.477632887,3.1001716725,3.4215439249
32,126,4.9577701609,4.7956548309,2.7092853623,2.92910183,3.7394304724
32,127,5.0398019469,4.7969608588,2.8778220774,3.2184854868,3.7687470334
32,128,5.0889793493,4.8605284253,2.2723188986,3.160925181,3.9776985715
32,129,5.143547376,5.0839094229,2.3861427398,3.3118851662,4.2171820111
32,130,5.2279195566,5.1433941242,2.6173654094,3.2146040437,3.6664148958
32,131,5.3196553706,5.1923935715,2.3678007322,3.5187693806,3.7757753369
32,132,5.3680661779,5.3863148768,2.5069439634,3.6415016374,4.1019403679
32,133,5.4269620338,5.3936593347,2.6061544484,3.5552405771,4.2143602465
32,134,5.4737925508,5.4705010982,2.5805116266,3.8146176393,4.0384967269
32,135,5.5332398965,5.4902124137,2.7241703916,3.3220164189,4.2630764071
32,136,5.5975930154,5.5093539802,2.7386975245,3.7221637117,4.4795083726
32,137,5.6669173032,5.5829370521,2.834570149,3.3503631263,4.308621085
32,138,5.6922723129,5.5916348307,3.0605288411,3.814834214,3.7196563518
32,139,5.7757783673,5.6790010013,3.1274131554,3.7681866919,4.5808103713
32,140,5.7817880872,5.682887983,3.1011472447,3.9904835163,3.3182281504
32,141,5.8365885733,5.7360582833,2.9839110624,4.0922075667,4.8015762714
32,142,5.9755356741,5.7501199904,3.022529635,3.7614784056,4.3159538018
32,143,6.0449363498,5.8762748003,3.3222382763,4.184736063,4.4368480327
32,144,6.0640624603,5.8778439587,3.3587177967,4.2017205178,4.3290554714
32,145,6.1383029292,6.1141194508,3.3397312231,4.3590018179,5.0140254177
32,146,6.168453291,6.1615238931,3.2171031716,4.0001767971,4.8927447722
32,147,6.295660563,6.3135201639,3.3051231602,4.0984328229,4.8772993303
32,148,6.3215907093,6.3331670427,3.4686356991,4.4572297297,5.0738454218
32,149,6.4310959711,6.4290083977,3.5700543542,4.3061438392,4.5833223964
32,150,6.4669240287,6.4624676008,3.4592659558,4.5583037824,5.2216149892
32,151,6.5905812468,6.46373051,3.695681496,4.335922909,5.0566824278
32,152,6.6574721814,6.5292935976,3.8490647111,4.3193786407,4.9985122666
32,153,6.6741486672,6.7219355028,3.7465898948,4.6048679638,5.3929423328
32,154,6.7511326516,6.8371500678,3.5902136064,4.5390242328,5.4350911203
32,155,6.8226725441,6.8975594963,3.8200824528,4.723880537,4.9474030396
32,156,6.9063635786,6.9373353417,3.5938831888,5.0058153964,5.3181124437
32,157,6.9189272677,6.9812108114,4.0578624086,4.9406277477,5.6510049934
32,158,6.9725572584,7.0113112829,3.705268368,4.1162878956,5.2226608096
32,159,7.0423089927,7.0912566557,4.1276322068,4.841227526,5.0164765447
32,160,7.0554297997,7.0952178805,3.6568875044,4.7660205573,5.2377553706
32,161,7.087573406,7.1149216039,3.8172160186,4.7453226575,5.8506565093
32,162,7.1599394379,7.1711404647,3.6816005092,4.8734230716,5.4793879106
32,163,7.1731575127,7.222185146,3.7782927357,4.9185670419,5.7508469199
32,164,7.2035191097,7.2496339193,3.9257127142,5.3442258323,6.1682475297
32,165,7.2730409732,7.2868037433,3.9087711376,4.9416042645,5.4579718709
32,166,7.3136056836,7.4307686944,4.4046739178,5.4056273709,5.7924214282
32,167,7.3434745596,7.4307765429,4.0950361302,5.256060998,5.9180877474
32,168,7.4559265913,7.4442290339,3.914054113,5.3200709709,5.3230863758
32,169,7.4978347575,7.5132541643,3.9635764026,5.0945993256,5.8448854849
32,170,7.5513522766,7.6454355977,4.2504851646,5.4596440209,6.2770121186
32,171,7.6593798707,7.7565614686,4.2694284006,5.3490336951,5.5664957432
32,172,7.7095988261,7.8972398865,4.6168452793,5.453729323,5.5692491045
32,173,7.7668827694,7.9113430931,4.4008630552,5.2343899463,5.8583888821
32,174,7.8199459821,7.9195771757,4.4010332366,5.9316856204,6.4826983142
32,175,7.9393385714,7.9353245108,4.6841711427,6.0018307059,6.3450875084
32,176,7.9520011597,8.1576364311,4.5201376929,5.6428037655,6.5408741996
32,177,8.0301593606,8.1579321824,4.8384572846,5.6850946543,6.7447201666
32,178,8.0707995979,8.1607255047,4.5418739419,5.8047692567,6.2559239057
32,179,8.1037783215,8.2034584084,4.6085420004,5.9754818874,6.9243055919
32,180,8.1985496918,8.325826285,5.0128240433,5.7042735377,6.5101615008
32,181,8.2715953407,8.3738707875,5.1238705806,5.9969671844,6.0075646407
32,182,8.3024764162,8.3767853968,4.9554403336,6.1264068696,6.844084653
32,183,8.3662154708,8.3860573674,4.8787129302,6.1178406143,7.2643917956
32,184,8.4232895653,8.5431469506,5.0597072903,5.8500438882,6.8544176905
32,185,8.4913035519,8.5777822636,5.0154284618,6.6358405781,6.6647807288
32,186,8.5594189591,8.5779107739,5.2206170523,6.2623834918,7.0890076658
32,187,8.6926070535,8.620415707,5.2690680654,5.9543114532,6.7368636633
32,188,8.7616418464,8.7483271672,5.5410147848,6.1273627591,6.6988968252
32,189,8.8395208802,8.7761343632,5.6753284576,6.6364131857,6.2671836617
32,190,8.8661615946,8.7816457716,5.2664085773,6.131747936,6.9753786213
32,191,8.9104434363,8.9195231194,5.5374589855,6.7041819953,6.7884741514
32,192,9.0693416062,8.9896467667,5.2036318082,6.4144123984,6.4229129976
32,193,9.1184104761,8.9973469126,5.1088566021,6.3608616524,7.1594955501
32,194,9.1651676435,9.1663674443,5.586771225,6.9082136769,7.2788542326
32,195,9.2738777013,9.197412781,4.9293405168,6.8491591363,7.8322527714
32,196,9.3384235658,9.2337552043,5.1394602573,6.6899183772,7.5236248032
32,197,9.3607090875,9.2353951733,5.5290347265,6.8860822711,7.9193283311
32,198,9.4025815073,9.3003512646,5.5588074443,7.4397294199,6.9450866578
32,199,9.4817760935,9.5490793093,5.4421831871,6.6947935849,7.83472217
32,200,9.5229413446,9.6308470474,5.6929020193,7.1902174004,7.9534508364
32,201,9.5451575027,9.6718780899,6.1038191228,6.974252942,7.9780119078
32,202,9.6082444821,9.7604208298,5.7212995383,7.0778597637,7.7471022575
32,203,9.745398624,9.8871423566,5.8303132017,7.3128072645,8.3799767985
32,204,9.7929546487,9.8894562793,5.9976650041,7.1190888387,7.5505834046
32,205,9.8664328683,9.8954484318,6.0784571943,7.1529294942,8.3509493221
32,206,9.9250328369,10.1352932057,6.2408968546,7.6543939042,7.1256686014
32,207,10.0328778807,10.1359509554,5.9775909945,7.2421348788,7.6613086323
32,208,10.0892030483,10.2737057944,6.1701014164,6.7439546588,7.2616898784
32,209,10.1169583868,10.3224307643,6.4175076351,7.7656476662,7.9986353189
32,210,10.230891372,10.3232981065,6.6399172066,7.6435967623,8.7082352885
32,211,10.2733215798,10.3741666642,6.473211368,7.6612669755,8.9904951983
32,212,10.318760556,10.4079152713,6.6963586276,7.9521542285,8.435692913
32,213,10.381901729,10.459643023,6.6394959303,8.0688779557,8.8500076682
32,214,10.3937665848,10.5533448061,6.5808384008,8.0903402263,8.5883685294
32,215,10.4350620372,10.6374237085,6.2953804633,7.7532548364,8.8725196777
32,216,10.5369805989,10.6816835139,6.9716019929,8.0091763175,8.4983810341
32,217,10.5559110368,10.7031060497,6.9013555999,8.1166602831,8.6644892413
32,218,10.6227296642,10.8155075418,7.1334172572,7.8545989612,7.7567973556
32,219,10.6853635594,10.9169089757,6.6941850691,8.2699812882,7.6804279147
32,220,10.7197049012,11.0785251264,6.8266199135,8.7337442511,8.286668394
32,221,10.8605991557,11.1248913663,7.1485118842,8.3952325795,8.7280067913
32,222,10.9215183205,11.1359276703,7.3474021945,8.1358222994,9.2546907334
32,223,10.9621816326,11.2364315505,7.1248545171,8.7459296317,8.7904344644
32,224,11.0120256907,11.2709504394,6.6698898369,8.2208715043,7.8367692754
32,225,11.0720647122,11.2728169042,6.8444097546,8.5190405556,9.6653612671
32,226,11.1202974215,11.2743583239,6.9688773125,8.9207261585,9.0929418424
32,227,11.1659433366,11.3875870465,7.0875789007,8.2873082078,9.1135423757
32,228,11.2361965197,11.460377936,7.4051159973,8.7685318427,9.5490556008
32,229,11.2666156618,11.4976281949,7.5601134307,8.5540352963,9.8356226994
32,230,11.3817767009,11.5403964548,7.3781394972,9.1335520083,9.8751078404
32,231,11.4536257317,11.5404196322,7.3115469893,8.5716696568,9.514840117
32,232,11.458335764,11.6575308673,7.2850008272,8.7926623948,9.0064985734
32,233,11.5794997864,11.6591865595,7.7487080881,8.5706906377,9.4750686949
32,234,11.5997147674,11.6607064135,7.4355376002,9.0195508564,9.6087986812
32,235,11.6693390208,11.8703515926,7.7118439774,9.0010855495,10.1051055232
32,236,11.7556026173,12.0235120133,7.7060157584,9.4915042894,9.6397363569
32,237,11.8376947316,12.0440206025,7.821016677,9.6220033538,10.4307056733
32,238,11.8899604367,12.129337913,7.7530633274,8.9068021997,10.1446517672
32,239,11.9127340519,12.1388000975,7.9156345014,9.2268310117,10.6780837193
32,240,11.9668932763,12.1695375525,8.080902807,9.4338446902,10.3100458352
32,241,12.0730245033,12.1700397599,8.238358623,9.3666004396,9.48395534
32,242,12.1531931527,12.2892767701,8.2552586241,9.6864465944,9.7011052201
32,243,12.1685713894,12.3067847863,8.5548500656,9.4004171961,9.9204408169
32,244,12.2411201669,12.3079584826,8.3306218791,10.1156913515,10.5006194591
32,245,12.268119627,12.3354083504,8.6403468104,9.5403539107,10.6371458656
32,246,12.3383811438,12.412813026,8.0869873023,9.961860526,11.0851240428
32,247,12.4718576896,12.5057091444,8.4927690376,9.2051768862,10.569750008
32,248,12.4867424906,12.506325287,9.0692658335,9.7246379328,10.3029673256
32,249,12.6045260954,12.6855727868,8.9728209739,9.7508270746,10.3348110427
32,250,12.6241997156,12.6933933861,8.8020443733,10.3119956614,10.3671904663
32,251,12.6340789618,12.7144059187,8.8945926285,9.6176868987,10.9852458192
32,252,12.7059987864,12.7991321709,8.8170981153,10.0676632867,11.0895909817
32,253,12.7203496345,12.8956018165,8.996667894,9.5428383393,10.4794671558
32,254,12.8924605378,13.0484432883,9.1483305729,9.7171855625,10.7302786704
32,255,12.9400092062,13.0743086738,8.9421204291,10.5287759482,10.7531531988
32,256,13.0246547689,13.1337409094,9.2079511227,10.3772747835,10.7958495315
32,257,13.0798770705,13.205573517,9.2312030586,10.799177611,10.9026983467
32,258,13.1494171032,13.2120698548,9.1134949434,10.7427632099,11.6420552297
32,259,13.1970932048,13.2267915675,9.1210423602,10.7774183176,11.7379867153
32,260,13.2388000703,13.2344550314,9.0988632299,10.6233199273,11.4419581279
32,261,13.2872718996,13.2351889532,9.5157677459,11.0064174121,11.1514319102
32,262,13.3337206628,13.2594719984,9.6928644042,10.6251136317,11.6659623373
32,263,13.4117676033,13.4384845729,10.0576430004,10.3794390384,11.4859388569
32,264,13.4398438763,13.5494789915,9.524092228,10.5248950232,12.0568502492
32,265,13.5475709793,13.5619112283,9.7375025834,9.5439909189,10.9644450886
32,266,13.6196427625,13.5683101942,9.9080264882,11.1915604434,11.1409641242
32,267,13.7301165081,13.5765389371,9.7557798524,10.4995286958,11.7901407585
32,268,13.7501195759,13.8002053671,10.1586043086,10.5300776302,11.8115062359
32,269,13.8191808721,13.8298728952,9.7670807515,11.6660016449,11.4899863311
32,270,13.9444829314,13.9656221165,9.9598123568,11.0712990816,11.4841417781
32,271,14.0573464649,13.9862100418,10.1632989609,11.2529310766,11.8797182219
32,272,14.0734175402,14.0208608334,10.0798004019,11.2271310574,12.7381187329
32,273,14.1091081901,14.0991515521,10.2467976781,10.5024933248,13.1844655029
32,274,14.2885951108,14.2980204443,10.0541751501,11.519838822,12.2593191293
32,275,14.3370858748,14.348135167,10.5457208017,12.032820453,12.6563164021
32,276,14.3861840733,14.3648933159,10.2825562377,11.9578049119,12.6647317036
32,277,14.4030751549,14.4478392622,10.2142443289,10.3094446715,12.8338294621
32,278,14.4767273843,14.4791300684,11.194296543,11.6980815771,12.9987028201
32,279,14.5124288565,14.5222242237,10.646857507,12.3382309166,12.8337170426
32,280,14.6557833215,14.5669359482,10.3594764034,12.1643208139,12.7001395651
32,281,14.7284937885,14.6881547904,10.470764994,11.0423192725,13.9257493793
32,282,14.7724771993,14.8817931116,11.0826251334,11.8601568471,13.4958235131
32,283,14.7982973575,14.9063150193,11.3582196104,12.4961895621,13.4865968184
32,284,14.8752214588,14.9211859469,11.3529743033,11.4161938374,13.3443309218
32,285,14.9723206725,14.9254637565,10.762186708,11.7441252591,12.9590208063
32,286,15.1156770808,15.0776167056,11.4934999345,12.2409092282,13.1158115852
32,287,15.1448490803,15.1913097496,11.1459677727,12.2009112197,13.1196253618
32,288,15.1931782913,15.1949958686,11.0834199114,12.2033905204,13.0109749097
32,289,15.2364267894,15.2100892086,11.5013890656,12.6086455107,13.4771649384
32,290,15.3511918363,15.3013283983,11.5260167495,11.6439904972,12.9421044728
32,291,15.3997434012,15.3406242757,11.5915843933,11.5688441467,13.239991029
32,292,15.493070639,15.4086010945,11.4660828551,12.7570739245,13.819117441
32,293,15.5437396828,15.447785949,11.9188898788,12.3769007497,14.0829117095
32,294,15.5649725184,15.5812311019,11.2807551975,13.2407236101,13.6819453894
32,295,15.6702943742,15.6284709842,12.0786247904,11.52223336,12.9838133051
32,296,15.7739887509,15.6570258368,11.6411056338,13.2004873839,13.8429781468
32,297,15.8462151451,15.7138859142,11.855938647,13.3096297995,14.5399785314
32,298,15.8628509636,15.8954590663,11.2292185273,12.2344297292,12.6911027584
32,299,15.9777991129,15.9611936582,12.4057852184,13.1249541649,13.6375423207
32,300,16.0069060551,16.0547927092,12.2337179968,12.8228430098,14.1265089817
32,301,16.10551142,16.1339487595,12.6609165809,12.9488297716,13.7156704417
32,302,16.1834726223,16.1743867409,12.4849499298,12.4742292518,14.2279702839
32,303,16.2557198088,16.254056102,12.2279665725,13.1896219006,14.0020186712
32,304,16.344602356,16.3845222403,12.1640613331,13.6161805864,14.3561292089
32,305,16.3814526225,16.4585808116,12.936583586,13.069796874,14.5312480848
32,306,16.5025387621,16.5187103399,12.1059638503,12.4797232914,14.7003219022
32,307,16.5292946284,16.5189102214,12.8010013963,13.6694863566,14.0799061438
32,308,16.5732231431,16.5496062524,12.9057188786,13.233480488,15.2779008894
32,309,16.6965088077,16.616884748,12.9987606469,13.3786878052,14.4172766753
32,310,16.818425435,16.6198455167,13.037384541,13.1336717187,14.7033057886
32,311,16.8533903114,16.6557407018,12.4262705262,14.0309990812,14.7513355463
32,312,16.9168233011,16.7485115153,12.6313291521,14.0445733778,15.0792992542
32,313,17.0117399659,16.9639586729,13.4252898049,13.6196581431,15.0133680938
32,314,17.0140751669,17.0311058331,12.6235232012,14.6463199967,14.7324138419
32,315,17.0513110943,17.0392330198,13.4303183423,14.1891454776,14.6526445861
32,316,17.1440003526,17.0469805893,13.7231570795,14.6853861987,14.0453156041
32,317,17.2205769708,17.0499270754,13.3220807303,14.7533026314,14.9281080092
32,318,17.2462767387,17.1767616666,13.4125998262,14.9178252163,15.5299120861
32,319,17.3712784297,17.1768837713,13.9305753682,13.5010834141,14.4781748747
32,320,17.4013686744,17.1960991485,13.7365218353,14.0286182371,14.9012253523
32,321,17.4558217392,17.2431750049,14.1035672668,15.3734362052,15.3384982156
32,322,17.5702861236,17.2519968635,13.9616143107,14.5514832311,15.3814588607
32,323,17.6027646437,17.3006209624,13.4707008571,15.6785515899,16.4059112395
32,324,17.6600045618,17.3992769352,14.2540512759,14.8440441316,15.4510878571
32,325,17.7059753556,17.5639533828,14.0912146282,15.4406858156,15.604723373
32,326,17.7249307359,17.6471363958,14.0652669017,14.336682528,15.6470110373
32,327,17.8543323934,17.736214845,14.6813149681,14.7500887319,15.5081114482
32,328,17.8676733752,17.7786902535,14.0770386458,14.533420328,15.9942579622
32,329,18.0045128682,17.8091617182,14.1905790653,13.7303899075,15.7330034541
32,330,18.0581090773,17.8213062319,13.9387912902,15.3346013752,16.8458948219
32,331,18.0991227058,17.9499117269,14.5892862532,15.2093446287,15.8694159477
32,332,18.154022383,18.1060319374,14.5335175216,14.5281245194,15.6342456077
32,333,18.1638794179,18.1418847276,14.5281315932,15.3082877144,15.6357822181
32,334,18.2396711535,18.1866011862,14.6405077582,15.2884393406,16.3112615558
32,335,18.3288728023,18.1882944316,14.3299086,16.0800007773,16.8166630632
32,336,18.4426095497,18.4398735266,14.3810157835,16.1714719215,16.5689454938
32,337,18.5067446782,18.5713190394,15.0792450611,14.506259846,16.2145058509
32,338,18.5380087309,18.6258432468,15.307881126,15.7719246512,16.4557002828
32,339,18.5770401078,18.6406137729,14.3183526234,15.7469019428,17.1158388515
32,340,18.6698708881,18.6601556605,15.6918819704,16.3226330933,16.1135999705
32,341,18.728725991,18.6644632531,15.8079141,15.1818621402,17.4107053525
32,342,18.8020603924,18.715922272,14.8089668448,15.2042404703,16.3587336058
32,343,18.865879089,18.8505606215,15.0767819808,15.1467134311,16.7472584479
32,344,18.9283323352,19.0589696803,15.0711586876,15.5928657794,16.8338945475
32,345,18.9697268997,19.0813050944,15.6303029241,16.0557455718,17.6623375974
32,346,19.0477445647,19.0860849411,15.2404675913,15.5141849065,17.1864666622
32,347,19.131070627,19.1103192596,14.9274304524,15.7637335118,16.4999080196
32,348,19.1629649118,19.2889690119,15.8522662119,16.2976472638,18.2200529984
32,349,19.3015152491,19.4723352431,15.9422095813,16.3783378972,18.6075217553
32,350,19.3352211214,19.5782432068,15.9528539383,16.303510774,16.7906133848
32,351,19.3671652464,19.5830315412,15.7204172858,16.267734953,16.8350958839
32,352,19.4534973383,19.5913078493,16.3315400978,16.9925107674,17.1313954806
32,353,19.5184585266,19.7290343508,16.4011755561,16.3737720237,17.1750869232
32,354,19.610905717,19.7795077128,15.604237462,16.4346414481,17.3262300128
32,355,19.6936323987,19.8669803767,16.0092211818,17.4499596134,18.0800722749
32,356,19.7445316154,19.944221192,15.779966716,16.1794862106,18.7754311748
32,357,19.8128685877,20.1043512221,16.0346188814,17.0668483694,17.5649323094
32,358,19.8886927895,20.1518368793,16.6823944188,15.7450560151,18.18700608
32,359,19.9767623046,20.1674454352,16.5444281007,16.4060991649,17.2611236929
32,360,20.0170139816,20.1695053894,16.2911032693,16.8243615197,17.8592193347
32,361,20.089236439,20.1695071011,16.7596264747,16.735903128,18.5482993508
32,362,20.1244617231,20.3223284277,17.3891236596,17.3498185101,18.1199454738
32,363,20.1635562214,20.3224763721,16.7056599449,16.9209650914,17.2017394367
32,364,20.2622220197,20.5233529542,17.1186223742,17.0107578124,18.6579855254
32,365,20.3356666718,20.7331042588,17.3764037326,17.1022646018,18.2633573379
32,366,20.4052299205,20.7818563158,16.7694962689,17.7726000837,18.5501955358
32,367,20.4244011186,20.7897709458,17.385397389,18.3882731105,18.7433343033
32,368,20.5152859395,20.8687167413,16.9638646635,17.3395412026,18.7096870388
32,369,20.6578368008,20.9206558015,17.0158656039,18.2323040712,19.3375291909
32,370,20.7376722803,21.0693315078,17.6373524857,18.3356469383,19.1045598338
32,371,20.7624981244,21.0695889989,17.2742826794,17.4291382951,18.7010226331
32,372,20.8071563741,21.0971976747,17.3344947288,17.9779185257,19.2515978935
32,373,20.9120846334,21.1028301305,17.2808297247,18.1993405078,19.4359104642
32,374,21.0510732963,21.2812309107,18.1965464567,17.8070813592,18.8854241042
32,375,21.0620403911,21.2887004709,17.7807952864,17.6562518333,18.6789812393
32,376,21.1717620972,21.2910622528,16.2788297852,18.2049408911,18.9062923618
32,377,21.2777603221,21.3132378337,18.4716616459,18.1904885417,18.6027070679
32,378,21.3642664138,21.3248993863,17.640611875,18.9212885234,20.3417640376
32,379,21.3757001371,21.565176113,17.570873788,18.4310396243,19.2254248324
32,380,21.4263072364,21.7401709279,18.3509125239,19.0611847383,19.7074806261
32,381,21.5743437534,21.7748804138,17.9481204338,19.0767149143,19.7285743187
32,382,21.609872867,21.7756295339,17.9123125294,17.3885223197,19.2661320743
32,383,21.6774670145,21.929615019,18.2181222942,19.5488417653,19.5744770828
32,384,21.7637318004,21.9609787066,18.4657150202,17.8894117277,20.1440844139
32,385,21.8185328448,21.9954084418,18.0786520477,19.5794669789,19.7602655799
32,386,21.8631689368,22.0004699044,19.5297826433,18.261916196,19.5683071715
32,387,21.8900111014,22.3270600481,18.2909009257,17.8557842769,19.5243648528
32,388,21.9366933537,22.3273607445,18.7688867362,19.2523614393,20.3518296975
32,389,22.010624657,22.327648166,18.5446268653,19.2758943139,21.4212952462
32,390,22.0961310335,22.4665253573,18.5636780612,20.1343456046,20.1122615904
32,391,22.1342343278,22.5035338031,18.569951565,19.5347620845,20.1654743823
32,392,22.226758115,22.5437973954,18.5807611179,19.2919812478,21.2820191678
32,393,22.2769768609,22.7566396189,18.6804253585,18.5496988422,20.5365346487
32,394,22.3915206369,22.7620354021,19.1932478357,20.0817362354,20.1280091755
32,395,22.4592453422,22.8997506941,18.4469196569,19.1478580845,20.7942289553
32,396,22.4943036012,22.9296644834,19.8360777582,19.6004218688,21.3983932803
32,397,22.5603557013,22.9845183168,19.4763134293,20.4241785598,20.8346832904
32,398,22.5768921194,22.9845183168,19.6477394657,19.6400740114,20.4666489625
32,399,22.7343175221,22.9845183168,19.8129752564,20.8616166929,21.2597662118
32,400,22.7984986828,22.9946229714,18.7463406857,20.6132713107,20.6167627591
32,401,22.8138547586,22.9994379487,19.9345689471,19.1696075277,21.0517467133
32,402,22.8798762429,23.2060473887,20.6023314597,20.3430339168,19.9185206457
32,403,22.9638433213,23.2087736105,19.9091393508,20.2069412298,21.1735685665
32,404,23.0042569821,23.2089729504,20.2962902871,19.1317222985,21.5516996701
32,405,23.0769910533,23.3387708755,19.9532351537,20.4781242636,20.801467359
32,406,23.1181493426,23.4416683371,20.2924265065,20.4248725128,22.3541452437
32,407,23.2560388549,23.7081950998,19.8651771509,19.9337231124,20.633830002
32,408,23.3206669794,23.7249854398,20.8154126928,20.3439523889,21.7997175832
32,409,23.4818501309,23.8216578581,20.5465740735,20.8157339713,21.810120513
32,410,23.5070641498,23.8720312609,20.7707290871,20.9524912297,21.6263392155
32,411,23.5550507614,23.8728479122,20.3247496617,21.4191461964,21.9923026917
32,412,23.6431231911,24.0884468407,20.7251940526,21.540458927,22.3943697441
32,413,23.6697304118,24.1136167488,21.2357273769,21.1146654597,21.9670315626
32,414,23.8526493661,24.1310210609,20.3067498095,21.1473986519,22.17625734
32,415,23.873424884,24.1377974504,21.0685871767,20.8273928837,21.9617002324
32,416,23.9501279056,24.1721301233,20.9984426354,21.3397364459,21.6841853653
32,417,24.0142489101,24.1850817161,21.3706362753,21.4954572363,22.1413133759
32,418,24.1375231674,24.1952621689,20.6833341437,21.9005627085,22.0615984338
32,419,24.2064368771,24.5782315802,20.1642183613,20.8059849689,22.7411335968
32,420,24.2551394584,24.7087761909,21.4116439098,21.7825045872,22.3141733941
32,421,24.3008006461,24.7443972512,21.1020811376,21.6147414851,22.5028976676
32,422,24.4520014336,24.7664544921,21.7196262209,21.6246657018,22.4451252278
32,423,24.5088158627,24.7665439765,21.6402980103,21.8306353809,22.5694673836
32,424,24.5833289757,24.7732601631,21.5828832158,21.4510046622,22.8196348866
32,425,24.7170483492,24.7740789901,21.7361140063,22.5462374691,22.2790180744
32,426,24.7580661967,24.9176695751,21.0523430778,22.3269589349,23.1743222516
32,427,24.793932052,24.9179749206,22.0644342619,21.02397294,22.3456964581
32,428,24.8644768415,24.9802050442,21.4703507197,22.2797681977,22.7260515824
32,429,24.9616667419,24.9802846905,21.8339526272,22.947897545,22.4848442209
32,430,25.04402875,25.1530036198,22.4860389725,22.9416688446,22.5102895722
32,431,25.2649257926,25.4082318263,22.1844806204,22.4391745864,22.8149001794
32,432,25.3177471856,25.4108800327,21.6305580482,22.1005184699,23.5246944963
32,433,25.3783337894,25.4141540308,22.0224090576,22.2669005699,22.4878501991
32,434,25.4690774951,25.5250188805,21.881093581,22.5147787445,23.6998366612
32,435,25.5410261129,25.578845527,22.7358585612,22.7011165307,23.1528885144
32,436,25.604643728,25.6602554481,23.2148193163,23.5881018632,23.1995248939
32,437,25.7072738307,25.8113975072,22.9659763121,23.2722536738,23.4224746527
32,438,25.7933529787,25.8301514447,22.7830205819,22.3412289518,23.7393920265
32,439,25.8825677744,25.9613120994,22.2820212563,23.6624298754,23.1938484726
32,440,25.9738430324,26.1791777241,23.2147324362,23.680879555,23.8300844886
32,441,25.9844660054,26.1791777241,22.5151626369,23.229715706,23.7689178956
32,442,26.0822615342,26.2391625143,23.2157652877,23.4309846525,23.6634236257
32,443,26.1358307063,26.2418088595,23.8051775629,24.4397161182,24.3452295327
32,444,26.2929924604,26.4435709447,24.2056325412,22.7769887542,24.5182840461
32,445,26.347357924,26.4543985245,22.6535702609,24.0159645295,23.829008653
32,446,26.3903548535,26.4543985245,23.3056184242,23.9797505404,24.2406922709
32,447,26.4023611986,26.4543985245,23.5126275775,24.0060123258,24.5561927771
32,448,26.4713740346,26.5438203041,23.0856176416,24.3019454537,23.6790653169
32,449,26.4868800537,26.6848729624,24.3362954821,23.9306413567,24.4508755662
32,450,26.5908223907,26.7639320225,23.9101558788,23.9771216138,24.6766713453
32,451,26.7468080812,26.7639320225,23.573202492,23.9358637765,25.3928377991
32,452,26.7744697212,26.7639320225,23.8102302068,25.1231633114,24.9106537187
32,453,26.8846897429,26.986786518,23.4570204503,24.3213183089,24.7698367611
32,454,26.9595833972,26.986786518,23.7290440122,24.7192371958,24.5323566434
32,455,27.0150661278,26.986786518,24.4851442757,24.7886818439,24.8402519178
32,456,27.1869391549,27.2100193286,24.7859855391,24.5600805204,24.8388539387
32,457,27.3517535773,27.3793409387,24.9066187753,24.3487821211,26.0778951837
32,458,27.4384471872,27.4934964131,24.6610757107,24.4968856807,25.5267775456
32,459,27.4978450967,27.7612280824,24.5747887639,24.2290126929,25.1258064561
32,460,27.5011062254,27.7612280824,24.79014807,24.6035539498,25.7801276818
32,461,27.5426201573,27.7612280824,23.7937870311,25.2277431149,25.250188272
32,462,27.7650068028,27.7612280824,24.2392570991,24.783851869,24.8214104477
32,463,27.7716717841,27.7612280824,25.1106599665,25.1458004536,25.7999701444
32,464,28.0,27.7639546175,24.8806503777,26.0535594673,25.7048989045
32,465,28.0,28.0,25.5973965966,25.3086832504,26.3766314343
32,466,28.0,28.0,25.1755900802,24.7018440052,25.2408808926
32,467,28.0,28.0,26.2730446025,26.1379399142,26.3935642157
32,468,28.0681483474,28.0,25.5522801171,25.3470295072,25.695459498
32,469,28.2679491924,28.0978869674,26.0195489826,26.0434292127,25.949043808
32,470,28.2679491924,28.3819660113,25.9805233456,26.449610642,26.5440362138
32,471,28.2679491924,28.3819660113,25.973713715,26.248641985,26.2683287553
32,472,28.5857864376,28.5857864376,25.7834715244,25.4241505288,27.0133885306
32,473,28.5857864376,28.5857864376,26.0250169797,26.3145561703,25.8934215111
32,474,29.0,28.5857864376,26.4587916701,26.0337115728,25.5342910914
32,475,29.0,28.5857864376,26.101340938,26.7749963916,27.2854059324
32,476,29.0,29.0,26.6403154455,26.8640833633,26.9755711422
32,477,29.0,29.0,26.3815367293,27.1203518231,27.023750252
32,478,29.0,29.0,26.9130989036,26.9456904152,27.185020299
32,479,29.0,29.0,26.6769878187,26.6515350932,27.0068697416
32,480,29.0,29.0,27.3330142,27.6839144162,26.2684565855
32,481,29.0,29.0,27.7143144839,27.0086075467,27.4261572761
32,482,29.0,30.0,27.6440793459,27.2591671627,27.5966689128
32,483,29.0,30.0,27.3799895871,27.6158399975,27.765747863
32,484,30.0,30.0,27.3341216357,27.9266836048,27.6897553791
32,485,30.0,30.0,28.1171572875,27.9496959882,27.5983911319
32,486,30.0,30.0,28.1212656498,28.4137382113,27.6693090601
32,487,30.0,30.0,28.0478227468,28.5054275751,28.1279418838
32,488,30.0,30.0,28.3071207613,28.1181374146,28.6742933388
32,489,30.0,30.0,29.0,28.7659827027,28.8
32,490,30.0,30.0,28.8343145751,29.2,29.0763932023
32,491,30.0,30.0,29.0,29.2,29.3171572875
32,492,30.0,30.0,29.2,29.3171572875,29.6
32,493,30.0,30.0,29.8,30.0,30.4
32,494,30.0,30.0,29.4,30.0,29.8
32,495,30.0,30.0,30.0,30.8,30.4
32,496,32.0,32.0,32.0,32.0,32.0
36,35,0,0,0.0106894625,0.0466439925,0.1006361746
36,36,0.030384494,0.030384494,0.0210300293,0.0508774616,0.107978171
36,37,0.030384494,0.030384494,0.0306817021,0.0150662965,0.1098165993
36,38,0.0987940897,0.0987940897,0.035469054,0.1121667224,0.1380058296
36,39,0.0987940897,0.0987940897,0.0749742544,0.0561324402,0.1018729347
36,40,0.1054604295,0.11979548,0.0519447018,0.0567304066,0.194108624
36,41,0.120168474,0.1203323111,0.0355426943,0.1148391339,0.1515062202
36,42,0.1611723664,0.1822254517,0.114970738,0.1345857465,0.1066687113
36,43,0.2158003411,0.1891423096,0.0987305346,0.1174766175,0.075889667
36,44,0.2463320109,0.267699835,0.0861787254,0.1390685143,0.1415001313
36,45,0.2863009672,0.3071599978,0.1184286684,0.1883890914,0.2286150236
36,46,0.3392003076,0.3225111307,0.1549575008,0.1765499108,0.2448262401
36,47,0.3789544033,0.3472276442,0.1699198268,0.1664787793,0.1922627525
36,48,0.3970549618,0.3667414408,0.1786837359,0.2480485246,0.2509553553
36,49,0.4132298878,0.3858584823,0.175780445,0.2561237843,0.2215869301
36,50,0.4630889766,0.4564472449,0.1617691852,0.2685221783,0.3235902084
36,51,0.5243950976,0.4984042192,0.1837321681,0.3268378968,0.4200631532
36,52,0.5511389438,0.4996666522,0.2386223789,0.2576891428,0.2935417224
36,53,0.5652888372,0.5510961492,0.301863427,0.3384512877,0.3507782349
36,54,0.6006619766,0.6097963602,0.3042092863,0.24885095,0.4941835823
36,55,0.63892331,0.6380583879,0.293554924,0.281184594,0.368994552
36,56,0.6620158866,0.7159596473,0.3195734159,0.3626782532,0.4043325831
36,57,0.7197082525,0.722324722,0.3036117381,0.3932292418,0.4338868913
36,58,0.7567081431,0.7745451198,0.3053638413,0.3998267832,0.4766561966
36,59,0.820122092,0.859630715,0.3589699592,0.4128055052,0.4034650665
36,60,0.839442385,0.8785450053,0.4979195289,0.5478605906,0.4222276517
36,61,0.8576750103,0.8854931454,0.3739014969,0.439505112,0.6279844488
36,62,0.936363747,0.9244146296,0.2864557406,0.4692596375,0.5718934283
36,63,0.9491475036,0.9843901071,0.368791756,0.5136551694,0.7306011739
36,64,1.0416705069,1.0222419293,0.4605357704,0.4589547579,0.696434995
36,65,1.0654250494,1.0455693488,0.5355611306,0.5311883125,0.6630014834
36,66,1.0783943265,1.1004234217,0.5306524981,0.618008079,0.7148347111
36,67,1.1635234231,1.2122882956,0.4801866008,0.6323120633,0.8035262793
36,68,1.2060714276,1.2315571921,0.5785097894,0.5742886751,0.7934823835
36,69,1.2264010862,1.2519447868,0.6356712035,0.6207345673,0.3789766906
36,70,1.2949833821,1.3038363763,0.5333676732,0.6112081066,0.6646131873
36,71,1.3225439705,1.3129163761,0.7104784526,0.5853013886,0.8037031431
36,72,1.3790951793,1.3168301109,0.4347134089,0.7796979371,0.985516179
36,73,1.437004914,1.3945202873,0.4904208297,0.7744164101,0.9148062242
36,74,1.4656033897,1.4409784947,0.5359659105,0.9038686056,1.0104719441
36,75,1.5018747484,1.4592553837,0.582629379,0.9195102244,1.2217230748
36,76,1.5329017059,1.5166788498,0.618866096,0.8992210982,1.1797186789
36,77,1.5996764204,1.6290417158,0.6683186931,0.9664137882,1.2235435111
36,78,1.6593475912,1.696125813,0.6604936568,0.9295665923,1.312596
36,79,1.6937134107,1.7728220596,0.655055468,0.9723729587,1.2999345103
36,80,1.794584746,1.7755673906,0.6125738601,0.9965820174,1.2826492759
36,81,1.8097697232,1.8637192157,0.7442435413,0.8732080095,1.2941140449
36,82,1.8789724147,1.9139186864,0.7033283661,0.9904553497,1.0012974558
36,83,1.885830537,1.9422419495,0.7090928008,1.1695189632,1.3053557218
36,84,1.9461267756,1.9567471291,0.7592106025,1.0733218635,1.4600830313
36,85,2.0304029825,1.9838071547,0.8903318028,1.1649091407,1.4795068797
36,86,2.0676486688,2.0623898338,0.9066493226,0.9179969514,1.3326332927
36,87,2.1187681074,2.0827335501,0.8721642819,1.2029026811,1.3858764517
36,88,2.1578874422,2.1593925692,1.0415622746,1.2895927416,1.1699492455
36,89,2.2283721782,2.1701067432,0.9599183917,1.2203737925,1.2100315005
36,90,2.2390901353,2.1972549481,1.0957110248,1.3277052868,1.6399672271
36,91,2.2960439179,2.3179065522,1.0769067046,1.4215701712,1.592572439
36,92,2.3490866056,2.3821080102,1.0431220975,1.4390502332,1.587740785
36,93,2.4351585803,2.3917945976,1.0939592318,1.0428052781,1.5833023462
36,94,2.4603614306,2.4056521083,1.118760525,1.315067894,1.494129782
36,95,2.5045086012,2.5204324731,1.2238737951,1.3127720813,1.88800476
36,96,2.5806088539,2.5266288735,1.3335433399,1.5420199925,1.6654753246
36,97,2.6327122439,2.5696762183,1.3900780132,1.7074291259,1.8167736417
36,98,2.6793881887,2.6316790464,1.1679768939,1.5155014322,1.6511603083
36,99,2.6976742317,2.7063751751,1.1029114252,1.5520611608,1.7952851535
36,100,2.7452900972,2.7344883341,1.3384789199,1.4864121312,1.5766871655
36,101,2.8125449228,2.7665152417,1.43826326,1.4818669012,1.8283956612
36,102,2.9021001362,2.7788587623,1.4879297144,1.9147707659,1.9761986403
36,103,2.9188619027,2.8468539031,1.3705660647,1.8034160661,1.8037466064
36,104,2.9682419508,2.8519162082,1.5012740674,1.4552999589,2.1386953453
36,105,3.0267076285,2.9330370916,1.3420504264,1.9195905624,2.0990505315
36,106,3.0640079481,3.0037164372,1.5840094031,1.6911477696,2.0333278445
36,107,3.0836818768,3.1035073938,1.530576327,1.7977395675,2.0034567466
36,108,3.1385474411,3.1036898492,1.3069019338,1.906211302,2.3362520285
36,109,3.1791743754,3.1411085894,1.2106791004,1.6385350313,2.4863896915
36,110,3.2433720043,3.2598076801,1.2575592428,1.9372333891,2.1581607707
36,111,3.3032219055,3.2602267046,1.2468448351,1.7798846769,2.6243113249
36,112,3.3199978675,3.4151973074,1.3774057547,1.9253302055,2.3050716203
36,113,3.3839553077,3.4666344754,1.464173537,2.0920003117,2.1633594789
36,114,3.4236909444,3.4795005149,1.419687553,2.060082845,2.1336020579
36,115,3.4609601896,3.52818427,1.4949226808,2.1852958677,1.8211404315
36,116,3.518292415,3.6228602774,1.4892054411,2.284039001,2.3852394679
36,117,3.5732843792,3.6796630941,1.5839711457,2.046433022,2.7622239866
36,118,3.6172836087,3.776160289,1.6565395282,2.4824987175,2.4977880825
36,119,3.6937973461,3.7762102056,1.7462036085,2.2483305999,2.8203413897
36,120,3.7520659616,3.8382485704,1.7379154785,2.3431841377,2.5870710239
36,121,3.7704402696,3.8429406729,1.7204666364,2.4273273621,2.6210016292
36,122,3.8494993878,3.8478006103,1.7426172126,2.046740841,2.9701793734
36,123,3.9088909774,3.8605705941,1.7706825048,2.6038404512,2.8627447202
36,124,3.9769707469,3.8607546997,2.088947672,2.4853378235,3.1394839151
36,125,3.9979252717,3.9043597483,1.9890514075,2.3610158916,2.6190930302
36,126,4.0242317006,3.9257411207,2.1356978154,2.5721879326,2.9493354651
36,127,4.0647273791,4.0680627541,1.9983686664,2.8232154391,2.8759013904
36,128,4.0759362075,4.1452763408,2.1542900448,2.6113029006,2.8619977744
36,129,4.1225738555,4.1702087501,2.1203565117,2.7207865769,3.3814878706
36,130,4.1993491753,4.1979381083,2.2951967109,2.7631560448,2.7109473999
36,131,4.22645028,4.266988937,1.9898472849,2.6609851922,2.9140478795
36,132,4.3081660568,4.3984735323,2.1261807744,2.7729997902,3.1282430337
36,133,4.3454675744,4.4134683057,2.3522417807,2.5608316312,3.3575191242
36,134,4.42378518,4.4143879315,2.2538153076,2.7779251548,3.0723897714
36,135,4.4790006283,4.4565967348,2.0807080013,2.6706168547,3.4693411724
36,136,4.5092155855,4.4663804555,2.3062980361,3.102240348,3.3510362835
36,137,4.6179430402,4.4822484273,2.5201247558,2.9095018239,3.3720689831
36,138,4.6764466047,4.4828802108,2.4886456816,2.6615156755,3.2547344478
36,139,4.7346224887,4.5115543141,2.4970582936,2.5514244851,3.1934073545
36,140,4.7854853494,4.5725565407,2.6440499579,2.9630239076,3.3256646046
36,141,4.8173620425,4.7459985896,2.2990043906,3.0576733718,3.7140651084
36,142,4.8831763532,4.8703522593,2.5383691591,3.3846921239,3.3567578738
36,143,4.9062076923,4.9473449802,2.49406568,3.0161413919,3.3191594397
36,144,4.9503327236,4.9865709885,2.1666066454,3.4283369928,3.4661583748
36,145,4.9733989926,5.0561643814,2.1876028377,3.2984317333,3.9246737361
36,146,5.0525911222,5.0825909666,2.115695435,2.8853707971,4.1061951216
36,147,5.0966956496,5.1833877367,2.2337007557,3.5253263161,3.9488563438
36,148,5.1778039727,5.2846058614,2.3054250578,3.4447947828,3.9596943829
36,149,5.2443660569,5.3303586869,2.4616541605,3.4476245014,3.7571138712
36,150,5.2800637842,5.3315303217,2.4675603027,3.0553545744,3.637409364
36,151,5.3083199461,5.4113765515,2.6639124053,3.2519483018,4.0322652723
36,152,5.4096903578,5.466005829,2.4698967421,3.0514020985,4.1830119555
36,153,5.453262457,5.4923712439,2.574736748,3.3218073517,3.9746727813
36,154,5.4852760722,5.697164273,2.5511289882,3.2666022682,3.3649239487
36,155,5.5060776276,5.7046486951,2.6600924198,3.8311140795,4.2292949837
36,156,5.5815346767,5.7913829976,2.8415828343,3.6955072604,4.60239621
36,157,5.6345812361,5.7984948259,2.9722896734,3.5496552984,4.0770213161
36,158,5.7092449313,5.826671852,2.7817489166,3.7342439535,4.3747166418
36,159,5.7351834672,5.9461344338,2.9733244481,3.5606146189,4.2206899586
36,160,5.7784909136,5.9489426599,2.8828492263,3.8656429071,4.4196371692
36,161,5.85738407,5.9768866183,3.038868886,3.8205737955,4.5515168314
36,162,5.8911841845,6.0179883677,3.0623070795,3.985196893,4.9606271189
36,163,5.954928167,6.0180292935,3.069369485,3.9662871688,4.9103501381
36,164,6.0032020953,6.1220321371,3.1892911232,3.9675319958,4.0415136321
36,165,6.0455360829,6.1539046666,2.7920368732,3.9050176571,4.4182197254
36,166,6.0973749027,6.2465267875,3.0203839637,4.415900831,4.4875784681
36,167,6.1852166193,6.2683285844,3.2109540586,4.3943728157,4.9188887684
36,168,6.1982134734,6.3188710342,3.1076175823,4.0007844029,4.9782383481
36,169,6.2477054942,6.4121114541,3.4153336554,4.1634671342,4.4104413952
36,170,6.2793763867,6.4190372995,3.4859731687,4.0846287386,4.6107299026
36,171,6.329489217,6.5363286671,3.5094083471,3.8985746618,4.2521365016
36,172,6.4073147944,6.5645471606,3.6638057103,4.5048455407,4.9340117139
36,173,6.4556875991,6.6449555994,3.4194069401,4.601304648,5.3106942064
36,174,6.492333187,6.6539060071,3.5539871866,4.580664897,4.7230002111
36,175,6.5514320328,6.7056897124,3.6425543329,4.4688897558,4.7585883756
36,176,6.5955080877,6.7418032487,3.6584605043,4.4903076921,5.1506940121
36,177,6.613990961,6.9071229848,3.7945569397,4.7610710976,5.0323596726
36,178,6.6943108386,6.9312548434,3.7778745021,4.7375780146,5.4286267027
36,179,6.7576326012,6.9853032509,3.7593898281,4.4636311642,5.060669478
36,180,6.8167806168,7.0428581281,3.4106739266,4.791286499,5.8551643573
36,181,6.8334566588,7.1278261521,3.4481487837,4.7710874436,6.0357039448
36,182,6.9255245184,7.1496543881,3.4006475527,4.9692834094,5.5430044275
36,183,6.9604301172,7.2400470482,3.4785043869,4.7288395584,5.4912237918
36,184,7.0100540563,7.3355530655,3.5850424623,4.8723700938,5.7788330448
36,185,7.0381293231,7.3384707075,3.4051327311,4.9653735505,5.7826447688
36,186,7.1242196043,7.3660492835,3.8693784059,4.8099064939,5.3397466119
36,187,7.1523696691,7.3661678578,3.7301037627,4.6918817115,6.0546039289
36,188,7.2862907418,7.4024114825,3.4665517187,4.7412878635,5.9904125137
36,189,7.3117734836,7.5167532689,3.5501084632,5.1766198402,5.8467895267
36,190,7.3633599354,7.5795907581,3.8868884221,5.3835542637,5.8544797184
36,191,7.4140662087,7.5872468801,3.9161666749,5.2301372552,5.5812279918
36,192,7.4560464068,7.5891129072,3.7821827045,4.7909806768,6.4993619533
36,193,7.5075949035,7.6324417132,3.9237779222,5.6734681268,5.5500588684
36,194,7.5333501956,7.6714038561,4.0460983735,5.247746801,6.0081889874
36,195,7.5882715524,7.68096348,3.9654592376,5.3641676098,5.953298241
36,196,7.6760160686,7.7531206105,4.1037548982,5.7537726157,5.4682814609
36,197,7.6827710832,7.8152738769,4.1151488196,5.6036880604,5.9029620598
36,198,7.7565519362,7.8522489869,4.2958235454,5.2394447798,6.4424235029
36,199,7.8292852359,7.8877645317,3.9409290392,5.4300069203,5.9866105453
36,200,7.8735251786,7.8922086401,4.4108796497,5.4907094687,5.9271575689
36,201,7.9891907103,7.9215922397,4.5744895535,5.6932404485,6.4507503589
36,202,8.0205180784,8.0007338037,4.4600495049,5.6253441293,5.5252872443
36,203,8.0516997666,8.0437281642,4.4347479033,5.7051038266,5.6090186764
36,204,8.0796407669,8.0457275069,4.5343012236,6.2579598626,6.3552234278
36,205,8.1602559241,8.2037421305,4.6905313462,6.1446336829,6.2956485587
36,206,8.2286700069,8.2107433028,4.9247059356,5.90029596,6.5289062058
36,207,8.2418936172,8.3104063452,4.718187655,5.9521488189,7.3934932657
36,208,8.3159131971,8.4330451549,4.7409586665,5.7923551603,6.0375652617
36,209,8.3797209876,8.4334894732,4.6903334135,5.9723840405,6.6178787361
36,210,8.4096681056,8.4605274363,4.866200797,6.2443860234,6.3077587112
36,211,8.4533084515,8.4642414826,5.107551646,6.2669746916,6.0072153859
36,212,8.492219226,8.4879907986,4.7995245188,6.4996000034,7.2619244161
36,213,8.5386820854,8.4984334572,4.8558339938,6.4449641956,6.1786898884
36,214,8.6151649849,8.5968126134,4.8344568519,5.7123746418,7.1077802119
36,215,8.6463267738,8.6189152523,5.3097138942,6.0643047428,7.136336338
36,216,8.7254712195,8.624181738,4.5361078167,6.5961593129,7.4362320871
36,217,8.7716667748,8.7003838574,5.0692128356,6.0252634663,7.4997447418
36,218,8.8385547353,8.7426611768,4.7348033619,6.3357269912,7.054344894
36,219,8.917205782,8.8966057266,4.6499245269,6.4944891582,7.3702267225
36,220,8.9732052462,9.09105286,4.7828929298,6.6571008111,6.4274754838
36,221,9.0827485117,9.2760730706,4.7852991619,6.5109979794,7.5888483327
36,222,9.0965934425,9.3147900071,4.9565784675,6.4676132935,7.2271738625
36,223,9.1445906727,9.3659279818,5.3364071517,6.5800923256,7.6994674033
36,224,9.2081320267,9.3840778495,5.089516542,6.5127458267,7.5632995411
36,225,9.2521795005,9.4317277419,5.3042521041,6.6417367425,7.0991022144
36,226,9.3011436085,9.4411645786,5.3519196271,6.7065919911,7.6054159257
36,227,9.3680636622,9.4851063136,5.367109114,6.8725203096,7.6751593365
36,228,9.4605221475,9.5470085645,5.3426501095,7.0902241174,7.9249657291
36,229,9.5130803857,9.568379628,5.4473032598,7.122937654,7.2978896006
36,230,9.5988664389,9.7031893192,5.5531069194,6.8809520429,7.0942137844
36,231,9.6565256124,9.7357896135,5.5104221389,5.90482442,8.079060486
36,232,9.7099512189,9.7599518448,5.5402295539,7.2274487695,7.2155903471
36,233,9.7642959999,9.7604726275,5.5948549169,7.478132178,7.0704780242
36,234,9.7952750558,10.1386087639,5.6826478636,7.1584470326,7.3385480159
36,235,9.9061432401,10.1903435822,5.4880056948,7.1327711228,7.7413902845
36,236,9.9344808421,10.1938632538,6.0225336671,7.7049806054,7.7343508817
36,237,9.9594549999,10.2032046113,5.8040843614,7.368683534,8.0897677495
36,238,10.0037905068,10.2126820645,6.1239734413,7.1614904153,7.7277594029
36,239,10.0608037499,10.2244290707,6.0205422932,7.2331671384,8.4965624393
36,240,10.0784688918,10.2423897582,6.2607524438,7.451589103,8.1487930734
36,241,10.2407528389,10.2575192464,6.0492148291,7.1756515818,8.2610200477
36,242,10.2527385391,10.385515801,5.9542389693,7.4354683075,8.6909255032
36,243,10.2730601296,10.4077168325,5.9698858546,7.6732528503,8.7358917002
36,244,10.2968885801,10.5737198376,6.3249807604,7.5680242315,8.7321566357
36,245,10.3780264816,10.6323620148,6.3488433721,7.8977606744,8.7168963834
36,246,10.4378308113,10.6331292787,6.458547236,7.8041363825,8.9681705374
36,247,10.5079126339,10.6519858907,6.5980767253,7.8570448655,8.2539733709
36,248,10.5384614471,10.7338719117,6.7127175961,7.4404565879,9.0413524267
36,249,10.5886821726,10.7489483897,6.4707276429,8.0044352185,8.1760627802
36,250,10.6420649789,10.8227284503,6.7481896483,7.8078657881,8.2570924035
36,251,10.6798084327,10.8321349164,7.211018462,7.5637045836,8.067116713
36,252,10.7499815019,10.8488106884,6.4560768041,8.5372340904,7.8872121785
36,253,10.7878871363,10.9043033476,6.5773795119,8.5318984796,9.8274850974
36,254,10.8730146792,11.21548857,6.4448382164,8.2162647101,9.0906341439
36,255,10.9034819566,11.2664029665,6.5426683423,8.3073817078,8.7612165358
36,256,10.9110110933,11.2674449389,6.4237001416,8.5782048343,9.8227290972
36,257,11.0068234755,11.267474601,6.6278411518,7.7143103087,9.7554055215
36,258,11.0690372988,11.3148298134,6.976655675,8.2919545927,9.5872616754
36,259,11.1293889509,11.4041973695,6.8169874076,8.3513246115,8.6228433258
36,260,11.1615050224,11.4108295412,6.5235611694,8.4701335618,8.7627537795
36,261,11.2247338924,11.4445527657,6.8625656203,8.2368467419,9.7339003212
36,262,11.2819087005,11.5261197485,6.7320734892,8.5935315808,8.8881614075
36,263,11.3748565515,11.5824715336,7.0480323499,8.7650904075,8.9480088645
36,264,11.4994653427,11.6687560884,6.9900206384,9.0934076606,9.578546378
36,265,11.5232644446,11.6915919124,6.864722538,8.8370940638,9.3447640238
36,266,11.5629983723,11.6983705159,7.3324558136,7.8466964995,9.2637859509
36,267,11.6236868714,11.6986694719,7.0728207827,8.5272728514,9.3563863387
36,268,11.6793728884,11.719306248,7.5013871926,8.6163757454,9.6813959116
36,269,11.6991524983,11.731639694,7.0618679325,8.8848896297,9.8761270624
36,270,11.7427108147,11.9036808469,7.4465019055,8.4012399819,9.4934798487
36,271,11.8129051068,11.9491496756,7.8377254322,9.0608737016,10.2085780715
36,272,11.9156913995,12.0532349247,7.7919718053,8.901627597,10.5166945371
36,273,11.9579566625,12.0736188336,7.5579450346,9.2360479656,9.1894555161
36,274,11.9932153583,12.1006760886,7.5375582715,9.202122323,9.7223540113
36,275,12.1721788264,12.1062463765,8.0027363945,9.2100753958,9.9619823465
36,276,12.1958812117,12.2269131157,7.8940368333,9.720387054,9.6777186168
36,277,12.2298549746,12.4906650006,7.6167567087,9.1284202887,10.2230323978
36,278,12.2545393156,12.5208699708,8.2191567122,8.7665384896,10.5658839879
36,279,12.3069969744,12.6209915322,8.0547001994,9.180086654,10.7213562486
36,280,12.360022535,12.6738685199,8.2012863838,10.029835607,10.308646455
36,281,12.4289261449,12.6741133081,8.3405833264,9.3822151258,10.500528761
36,282,12.4754920383,12.675404477,8.2028652729,8.982348494,10.9466276288
36,283,12.4973023032,12.7879141717,7.8745042157,9.762321798,10.0799950698
36,284,12.5510526756,12.8628726581,7.9913374276,10.2297586784,11.1503332089
36,285,12.6134519606,12.8815882285,8.532623839,9.7756429706,10.5566058759
36,286,12.668287508,12.8882008834,8.4247323435,9.9612839219,10.2703831558
36,287,12.722621273,12.8937142129,8.5468375499,8.6894536966,9.488974218
36,288,12.7884188262,13.0214521503,8.4937843197,10.2699290313,10.493901879
36,289,12.806370376,13.0248010664,8.4447897681,9.5120372341,10.3543311632
36,290,12.854932399,13.064730548,8.1630462601,9.4780432013,11.230539078
36,291,12.8923059245,13.066304184,8.0305892725,9.9334361544,10.6147668129
36,292,12.9640237014,13.2510571605,8.4360966797,10.2942284836,10.6079068225
36,293,12.9924706991,13.3729391497,8.4759818325,10.1985299213,10.966951089
36,294,13.0580416591,13.4260271582,8.7750189775,9.6991104029,10.7801119804
36,295,13.1120310803,13.4434768358,8.6204479105,10.4758296655,10.8945715835
36,296,13.2095194911,13.4574020156,8.4859536831,10.1903456083,11.2040434704
36,297,13.2506019155,13.4995187307,8.6961529686,10.8289190768,10.6434329796
36,298,13.2987431812,13.5048824182,8.7896890146,10.3817177651,11.5005914904
36,299,13.3226457361,13.6517758799,8.5859574046,10.5070314605,11.4240502358
36,300,13.3994004575,13.6822609116,9.5156279664,10.0429645561,11.5634971758
36,301,13.5044664942,13.6937805403,9.0745276375,9.9242849463,11.2840873356
36,302,13.5221379771,13.8760970036,9.2776518536,10.3601408532,10.3357453384
36,303,13.6123667719,13.8978620483,9.1005679527,10.7164647448,12.077931476
36,304,13.6580710888,13.9288829017,9.1246627919,10.933924779,11.4352231766
36,305,13.7227710195,13.9581036265,9.2828706993,10.5511634921,11.391765388
36,306,13.827653917,13.9591469862,9.8491772353,10.8829049705,11.8363429928
36,307,13.8726673756,14.0659180464,9.4849377636,11.637216224,12.3655571903
36,308,13.9252322425,14.0824846918,9.4217956712,10.7711225565,11.6965119542
36,309,14.0068743845,14.237690894,9.4588649612,11.134355878,10.9151934116
36,310,14.0695415836,14.2517424273,9.4936818026,11.3391187498,11.9398460687
36,311,14.1079595635,14.269039543,9.9114539536,11.635145763,10.7764297379
36,312,14.1528859229,14.2905355697,9.9365041487,11.5441130455,12.365749243
36,313,14.1895908385,14.2937202938,10.0726146258,11.5087995083,11.7295526026
36,314,14.2436621347,14.3220238095,10.0389739601,12.2111502519,12.8023629757
36,315,14.3035201749,14.3500331967,9.9777585525,11.2037729438,12.4414617208
36,316,14.3721794946,14.366959688,10.2366186963,11.4643782046,12.8045806712
36,317,14.4230792393,14.3854604767,9.7544201728,11.0237941491,11.0429284536
36,318,14.4738763731,14.5586822807,9.8220403465,11.9143210642,12.2280983494
36,319,14.5203087156,14.6127419753,10.4176512339,10.9908623484,12.3516784306
36,320,14.5491395951,14.6148323759,9.8010283643,12.4847069017,12.2259414184
36,321,14.6162982999,14.6952114751,9.945448337,11.6038644363,12.8114044028
36,322,14.6712413979,14.744670196,10.6941898573,11.1277291206,12.9873265627
36,323,14.7258070947,14.7446780353,10.6036247546,11.9557343865,12.0705512592
36,324,14.7494506541,14.7446780648,10.6844473544,12.0283140815,12.8330264093
36,325,14.826673042,14.7887736016,10.5804043773,11.5973812893,13.3060029621
36,326,14.8913332518,14.7957872396,10.8778568699,12.2698961996,11.7593975131
36,327,15.0018509404,14.8108618164,10.1729579136,10.6366892721,12.5752182923
36,328,15.0817294639,14.8136531113,10.8241786938,12.0871167859,13.0560889348
36,329,15.1105843513,14.8824104739,10.7096111031,11.4880677394,13.5581257111
36,330,15.1370731076,14.8840399606,10.7865868011,12.6553321274,13.6604808093
36,331,15.1565726588,15.0752092187,10.7988573014,11.8195452704,14.1969145758
36,332,15.1691303717,15.0818796123,10.7605982755,12.3858430264,13.433551873
36,333,15.2950278087,15.1301579431,11.0271272853,12.6855002779,12.7407391041
36,334,15.3477477536,15.1571580736,10.9529200141,12.1551722089,12.6384889892
36,335,15.3976310112,15.2948785756,11.4169657835,11.9268665621,13.1978444384
36,336,15.4996894469,15.3997500515,11.2954653907,12.6259267058,12.3847679073
36,337,15.5504230698,15.423464548,11.0316692193,12.0798402548,13.5734976872
36,338,15.5754714892,15.4727754029,11.1212739393,12.3225096883,13.4318974014
36,339,15.6100583597,15.4957117277,11.4147948135,12.1533582473,13.2690588679
36,340,15.7437090065,15.660110637,10.8323720685,12.1059428522,13.230488702
36,341,15.8142179786,15.7305357792,11.218361552,12.2426722569,14.4214601164
36,342,15.831421862,15.7333861863,11.4610004555,12.9657378646,13.2884218916
36,343,15.8765992096,15.859418755,11.7994065462,13.2919100472,14.4301988727
36,344,15.9457020712,15.9403552946,11.777451989,12.9380660869,14.5317028277
36,345,16.0235002317,15.9951427395,11.6213534131,13.417530835,14.0158068021
36,346,16.0295558923,16.0490350715,11.5311315813,13.5620377018,13.2207774233
36,347,16.1540249864,16.0899063262,11.1281521438,14.0008074107,14.0545067614
36,348,16.2092213412,16.0901584505,12.1124685844,12.8331523512,14.834638353
36,349,16.3071503588,16.1492243881,12.2007236897,12.0582472769,13.9729232842
36,350,16.3240935453,16.25198125,12.0113062596,13.7239693031,14.7058894222
36,351,16.3810900107,16.372900835,11.9638364121,13.5861022845,14.1609725086
36,352,16.4598083596,16.5296608087,12.0624278671,13.2231110077,14.2894318816
36,353,16.5382876906,16.622957625,12.6855934637,12.5289678348,13.7851405244
36,354,16.5760545492,16.7092994241,11.7054941939,13.183124273,14.7441984188
36,355,16.5999142076,16.7214605382,12.5261539183,13.7233994369,13.0041315904
36,356,16.6258922305,16.7446689223,12.6517294714,13.4111340197,13.7468343091
36,357,16.6826971959,16.7943892389,12.6195330561,13.9800994107,14.0334323799
36,358,16.7399295452,16.8151387565,12.7276695419,13.7164127076,15.2169248931
36,359,16.7995534676,16.8519998874,12.9931798187,13.5405676626,14.7882866568
36,360,16.8198377922,16.8974636501,12.3118632251,13.8203809333,13.9457167045
36,361,16.9340581866,16.9205621477,12.5193754496,13.0992409184,14.5365419447
36,362,16.9693560607,16.9535772771,12.5712777263,13.2912017862,15.1433270056
36,363,17.0029889652,16.966774936,12.8835790839,13.2902310487,15.0014915361
36,364,17.052202231,17.1393328905,12.5070453156,13.1217487869,15.2225598815
36,365,17.1654570402,17.180573814,12.6842966098,14.1930663197,15.6140623149
36,366,17.2023574913,17.1871583127,12.8158156097,14.6367806782,14.894647682
36,367,17.3048373219,17.2426380964,13.1568263803,14.0753214908,14.5311828673
36,368,17.330778163,17.3855955365,12.9641487562,13.4276217888,14.7460234824
36,369,17.3930378743,17.4018996704,12.7101515122,14.4479197524,14.4690821954
36,370,17.4368556863,17.4034927442,13.1668288284,14.4125414137,14.8676810209
36,371,17.4652660184,17.4156124148,12.4722347567,13.5919017571,16.2014830128
36,372,17.5642925977,17.5579789627,13.1859996641,14.5480777556,15.8096698808
36,373,17.601692095,17.5805658594,13.5296994092,15.4189946217,16.0697367597
36,374,17.703484459,17.6866866669,13.8401285941,14.4929134046,16.2034805081
36,375,17.740330157,17.7899477837,13.6811209852,14.7578070108,14.3241448349
36,376,17.7732446032,17.8848253223,14.1544412343,15.4399821326,16.7289757702
36,377,17.8628566651,17.9264051788,13.1332701822,14.7936942558,14.7118885892
36,378,17.9463406922,17.9961200521,13.4127880646,14.8065828139,17.4695144739
36,379,18.0432629726,17.9972626558,14.2916090267,15.3921778229,14.9154631725
36,380,18.058005572,18.0021337959,13.7725897237,14.9623111912,15.4692570876
36,381,18.0840443156,18.0481732219,13.2741953116,15.7402904507,14.6991915688
36,382,18.1334700248,18.0946143684,13.8306522927,14.809037048,15.7526977456
36,383,18.239092602,18.1537663361,13.702556355,15.5223365624,14.8897278994
36,384,18.2769718,18.163913381,14.0925066546,15.1899912516,16.236720192
36,385,18.3759498167,18.1971703523,13.9611434717,15.3119356973,17.1319053338
36,386,18.4068433261,18.3167749666,14.4026584615,14.9869573969,16.4803236385
36,387,18.4994503532,18.3569561679,14.6558428857,15.5186465917,16.7472671148
36,388,18.5577062335,18.441582383,14.3498977054,15.2806261485,17.2059641988
36,389,18.5949477282,18.7863194108,13.9898263948,15.7316453613,16.4603570856
36,390,18.641962548,18.8046898003,13.8932791249,15.3551759485,17.2651766652
36,391,18.669093679,18.8057482601,14.5613051558,16.0815200046,16.099640806
36,392,18.7555149027,18.8067436066,14.586622338,16.1169376079,17.5194954293
36,393,18.7693883113,18.8223938734,14.9245159718,15.9351424746,15.5123650332
36,394,18.8469404637,18.8398330225,13.8568735955,15.8207570711,16.6428359153
36,395,18.9026861474,18.9105645837,15.3142102374,15.9730339877,16.8353318977
36,396,18.9887404718,18.9268541722,15.187390371,15.4797132687,17.7386618264
36,397,19.054420654,18.9621907547,14.5506123326,15.4574111601,16.9634576315
36,398,19.0904696637,19.1034312906,15.1586388881,16.943910363,17.282424229
36,399,19.1955158313,19.1591658313,15.1102409688,15.4511908938,16.6219318771
36,400,19.2482699385,19.2450342346,15.2531953192,16.4585173476,16.9778466171
36,401,19.3182002175,19.2749408309,15.1285395189,16.772563414,16.7652884074
36,402,19.3495532609,19.494551664,15.5085428406,15.9142039801,17.3616874605
36,403,19.3880162508,19.5090165635,15.2705230001,15.9638712523,17.3815294965
36,404,19.4932176042,19.670187036,15.4513111486,15.4842314424,17.7975400488
36,405,19.5415228398,19.7952962993,15.2836423271,16.5223863381,17.1723747263
36,406,19.5746870793,19.8226596795,15.7671423187,16.9659279266,16.492437181
36,407,19.691272514,19.8268799823,15.9507750534,16.9219347666,17.6045887664
36,408,19.7714379099,19.8293944153,15.9914634977,16.9158640639,17.4673870903
36,409,19.799559968,19.8556672943,15.8859676671,16.2302891204,16.572495006
36,410,19.8212275979,19.924505772,15.7131052746,17.2402546134,17.0410284866
36,411,19.8773105482,19.9310873845,16.302877142,16.3931519456,18.6599299947
36,412,19.9249992647,20.0142634735,15.7744727687,16.8167732239,17.9749949283
36,413,19.9638093585,20.0315927394,15.7479300963,16.4040678638,16.8006263884
36,414,20.0304472243,20.0471000993,15.6016970394,16.5773240012,17.227455367
36,415,20.090853364,20.1672201053,16.2009091162,16.0557547946,17.9089428358
36,416,20.1198606906,20.2377297959,16.2211192438,15.8633852596,17.1115087809
36,417,20.2499771324,20.2667386636,16.4262641725,17.0749320228,18.0968806276
36,418,20.3044511187,20.2711137885,16.0700325623,17.3102895016,17.3311554499
36,419,20.3993364671,20.6000934098,16.9181808587,18.1339112917,18.1467428129
36,420,20.4405905534,20.7061756808,16.1384106088,17.6032753141,16.8911355526
36,421,20.5208298848,20.7139822212,16.9397811832,17.4834071562,18.9468211003
36,422,20.5872734258,20.7178101392,16.1165387348,18.2823322136,19.4224222585
36,423,20.6840078159,20.7200591248,16.7688833493,18.0350674045,18.016508847
36,424,20.6959703876,20.7531303135,16.4454260096,17.6582870754,18.3508147353
36,425,20.7167050339,20.8887407382,16.5899312008,17.7135235379,18.8317096516
36,426,20.772532459,20.9067086482,17.1209055787,18.276368551,18.1646133182
36,427,20.8246685051,20.9103978801,16.7412381645,17.1697730272,18.0949206626
36,428,20.8859054266,20.9717338508,16.7829054818,17.5061171243,18.5348480846
36,429,20.895644736,21.0512173617,16.9392115907,17.8855652185,18.7423752811
36,430,20.9851902521,21.0949184109,16.9471365834,18.201386085,18.5190747024
36,431,21.0520985988,21.1462679074,16.8856409355,18.8441708478,18.8282643621
36,432,21.0553743383,21.1618995568,17.9724701989,17.2774950387,19.9700871396
36,433,21.0944106829,21.1619546096,17.3326494521,18.8319273134,18.4817529533
36,434,21.1992529511,21.2021466144,17.5221313734,18.4599616705,18.5939798626
36,435,21.250210181,21.4325504919,17.155947867,17.6572985234,19.8977658585
36,436,21.2633253932,21.4486694124,17.0219121095,18.8058386237,19.7182383422
36,437,21.3675713572,21.4541008821,17.8325576658,19.258096936,19.5192084466
36,438,21.3924416798,21.4768851874,18.1366449926,18.616045714,19.9474658318
36,439,21.4682984935,21.4771358286,18.0437433343,18.314849075,19.4487506039
36,440,21.5224827614,21.7832075596,18.5800446993,18.2327626937,19.9935200607
36,441,21.6123467779,21.9879885377,17.541840935,19.0191420901,19.0404172641
36,442,21.6508818221,22.0008124133,17.9768342128,17.8224649609,19.2481102557
36,443,21.7194361807,22.016001423,17.9842966628,17.628714131,20.0814339237
36,444,21.7671131969,22.0195522234,18.539523734,19.3480687334,19.4353189945
36,445,21.9277357109,22.0873241801,17.7026099552,18.2826816594,20.7032645375
36,446,22.0600895431,22.0921487283,17.4456207708,19.1572388299,20.3994748356
36,447,22.0664047403,22.0929332863,18.4469483682,18.2549877014,20.2491083923
36,448,22.1467329545,22.2773377009,18.3282156925,17.0684110963,19.7399677513
36,449,22.1796417904,22.3425235371,18.1371126822,19.0874252459,20.5410064895
36,450,22.2325595489,22.707069376,18.9051817915,18.3315245606,19.6103493466
36,451,22.3223106298,22.8889085773,18.5054710605,19.1095645174,20.7881303591
36,452,22.3622776069,22.9171170608,19.2456577509,19.3253896413,20.9489035076
36,453,22.4208989537,22.929612131,18.7660798103,19.6396163711,19.3515647774
36,454,22.5080086527,22.9690907805,19.3264561442,18.3438952568,20.4256483017
36,455,22.5336736729,22.9844695612,18.8674284428,18.8654274095,20.6363029839
36,456,22.6137027421,22.9847304765,19.0384161313,19.6861853562,20.6199678094
36,457,22.6856552398,22.9852920564,18.6771348714,19.463742838,20.504675323
36,458,22.7644325239,22.9859833212,19.6389802522,18.8462361364,20.9701040931
36,459,22.8189629984,22.9904966215,19.5858737874,19.9284480232,21.7151233134
36,460,22.8895082124,23.0056975768,18.51922968,20.1857815666,21.6192174473
36,461,22.9816477065,23.1136844569,18.9102017697,19.0749144724,21.115276731
36,462,23.026562586,23.2455880676,19.2364566064,19.854748823,21.506008756
36,463,23.0770100323,23.2472117748,19.3280038831,20.2130023926,21.1755468638
36,464,23.1431413117,23.2853004099,19.301978194,20.1739769945,21.6841025897
36,465,23.2376833654,23.3954429156,18.9611431672,21.228918189,21.7585936491
36,466,23.2706967869,23.6057382881,19.6253308398,20.8060695976,21.900314643
36,467,23.3700603064,23.6638284451,19.3970659941,19.4596424585,21.8250543002
36,468,23.4558430236,23.6687715543,19.7113255255,20.5396811067,20.7338679802
36,469,23.4700351586,23.7643200965,19.777238997,20.5964238267,21.2404587512
36,470,23.5093539881,23.8055068355,20.0481469161,21.2145083595,21.4158313308
36,471,23.5183219109,23.9660973816,20.4189659459,20.8685991925,21.4102797282
36,472,23.5491419814,23.9718868165,20.5494026219,20.2090211959,22.272184366
36,473,23.6145775532,23.9856855331,19.9423204872,20.1722842574,20.814816258
36,474,23.7025647303,23.9982296832,20.5470054604,20.0682217834,22.2871419181
36,475,23.7336583857,24.0029867624,20.4806113533,20.015071353,21.1277497485
36,476,23.8007829854,24.0815157229,20.0835568257,20.7685478877,21.0831929798
36,477,23.8731529735,24.0976924708,19.4433587962,21.3587133458,21.542823473
36,478,23.8894514442,24.0978395099,20.171297891,20.7581839164,22.6988949493
36,479,23.9718963761,24.0978558377,20.2298388785,20.6925310191,22.1399979168
36,480,24.168949749,24.1561051574,20.4166396823,20.3676898202,22.360501703
36,481,24.1769977738,24.1561353183,20.8652245675,20.9962676831,22.9053158974
36,482,24.2360021741,24.1561749706,20.4417276721,21.8283129513,21.256989583
36,483,24.3267382836,24.5442952585,20.7133647541,20.4463586965,21.8176646593
36,484,24.3819088651,24.5491454342,20.5428274624,20.0058448538,22.785257221
36,485,24.439993573,24.5491454342,20.1768803033,20.7681670009,22.2625859338
36,486,24.4680472893,24.5497063747,21.0597687697,20.0755887699,23.4194552148
36,487,24.5613122744,24.5557231386,20.3946541504,21.6860116585,22.5111864103
36,488,24.6567265625,24.6001523061,20.4238482828,20.9834452082,22.6133878573
36,489,24.66946093,24.6001523061,21.636206546,22.3360051346,22.0663527167
36,490,24.6988413451,24.6588344372,21.4901435921,22.2236054053,22.6468188672
36,491,24.7708631167,24.7662965719,20.7665989564,22.0807469041,21.8567566365
36,492,24.8242830115,24.8919233111,21.0058555971,21.2782272371,21.9800075474
36,493,24.8414451392,25.1278429931,20.5800756041,21.7275085455,22.2585766905
36,494,24.8834884062,25.1587157823,21.2411801306,21.7791353618,23.4785364934
36,495,25.0102886529,25.2047224372,21.4588567029,21.3325733001,22.2535828842
36,496,25.1003416982,25.2047224372,20.8087782874,22.2333551597,22.8359699096
36,497,25.1557741429,25.4214389865,21.5132530887,22.4320206705,24.0574176696
36,498,25.1920028479,25.4214389865,21.7009156983,22.8372382743,22.9157599163
36,499,25.2326830612,25.6620686503,22.2096595533,22.3854236712,23.5724118653
36,500,25.3437788815,25.7811512512,21.4329209058,22.4012211456,22.8169813186
36,501,25.3752820548,25.8525212159,22.0048775878,22.2433802017,24.0628252595
36,502,25.4022749061,25.8628414949,22.3402305189,22.5505771194,24.2214453912
36,503,25.5166402898,25.8628414949,21.6534716641,22.52886401,23.1498686112
36,504,25.5557249067,25.8628414949,21.9173369492,21.8463034171,22.9385870313
36,505,25.6216406056,25.895052839,21.9577283681,23.3105282047,23.9000104209
36,506,25.7271919921,26.0532140411,22.1753078063,22.9003711326,23.8737998208
36,507,25.7490598942,26.0533717674,22.567007138,22.9252926594,24.28097944
36,508,25.7988811157,26.0533717674,21.7799460584,22.52218096,24.2382943674
36,509,25.8927392643,26.1549364561,22.8734571884,22.823271135,24.5868740001
36,510,25.9761844366,26.2150050465,22.3388615427,22.4118224647,24.6835341299
36,511,26.026842368,26.2150050465,22.4829071846,23.0994134069,24.4790525018
36,512,26.0584945489,26.3875333799,22.605081669,23.0870005814,24.1445203328
36,513,26.1988130937,26.3875333799,22.6159875844,22.3750491785,23.4542409403
36,514,26.2536382611,26.3875333799,22.9709936641,23.3285816098,24.5922587768
36,515,26.3108461155,26.6788257243,21.5521522324,22.5915333808,25.1760890896
36,516,26.3640964594,26.7741243266,23.1364207036,23.6029269549,24.5223983438
36,517,26.4862611898,26.851299042,23.678921014,23.6107896597,24.4870403423
36,518,26.548644555,26.8855675559,22.803197924,23.4702970345,23.3140187605
36,519,26.6633704956,26.8855675559,22.3418184571,22.3000803037,24.3449223887
36,520,26.6792190636,26.8855675559,22.0844394435,23.9466964263,24.3592566607
36,521,26.7232722538,26.8855675559,22.8441638283,24.1549412538,24.602798196
36,522,26.820271622,27.0043854707,23.0781470975,24.3075818228,24.6799174487
36,523,26.8596430983,27.1829796156,22.674845187,24.1938308722,24.40895631
36,524,26.9422852691,27.1829796156,23.1916654165,23.8672912279,24.6857428121
36,525,26.9741747402,27.2541702551,23.2496921851,23.4693293239,24.7580610408
36,526,27.0467840149,27.2541702551,23.2789687576,23.7041726507,24.1200743494
36,527,27.0637482657,27.2541702551,23.3908727695,23.7817335027,25.0898693799
36,528,27.1387891367,27.2636288777,22.5935994449,24.5476250066,25.4933243517
36,529,27.2503631766,27.4062005993,24.2320897641,24.0547670941,24.6098343091
36,530,27.3180344714,27.4062005993,24.1747183217,24.6160819406,24.7504685436
36,531,27.3337571323,27.4062005993,24.1003167747,25.1323510042,24.5412282045
36,532,27.4341532598,27.4062005993,23.8903905917,24.1308469376,24.8217278409
36,533,27.4767129213,27.7346430231,23.5302302671,24.6769886752,25.0860587895
36,534,27.5178864751,27.827763135,23.4418689164,25.1808925162,25.3503844475
36,535,27.603938477,28.0155662464,24.6446627411,25.0046744749,24.9496506415
36,536,27.7374538541,28.0155662464,23.945837323,25.0281468475,25.3271105808
36,537,27.8118954716,28.0889566712,23.9194303663,24.9410398163,25.7139825607
36,538,27.8668769202,28.0889566712,24.5719276178,24.4012161024,26.3024512096
36,539,27.9124429257,28.0955987911,24.2482134721,24.6242666344,25.5665350268
36,540,28.0466851765,28.3069389686,24.1417553982,24.9462799302,26.0975169156
36,541,28.0540651252,28.3320081991,23.8441657796,25.3835729606,26.515944453
36,542,28.1425442425,28.3320081991,25.7989217336,25.2268407663,25.2525649811
36,543,28.2295498231,28.4006304082,24.5304505998,25.0226174072,26.794790456
36,544,28.3090165372,28.5309276954,25.4470391837,26.5056026864,25.6291784975
36,545,28.4205820366,28.6214568937,25.4514568475,25.6185075183,26.3373521689
36,546,28.4536515272,28.8218292411,25.0443546958,24.8190568139,25.4575122568
36,547,28.5461552731,28.8218292411,25.2793658996,25.8454671079,24.9856885577
36,548,28.6396806631,28.8293241627,25.5675379514,25.1712517581,25.7554577883
36,549,28.687757856,28.8293241627,25.1816889323,25.317710311,26.5283619447
36,550,28.702646674,28.8451593762,25.5050126938,26.0259040381,26.9914004242
36,551,28.7360943553,28.8578392676,25.0567864028,25.8735507987,26.3340742694
36,552,28.8090755668,28.8578392676,24.7595580263,25.3041915785,27.7294124118
36,553,28.851907806,28.8578392676,25.7521794248,25.6096530155,26.833697974
36,554,28.8839977977,28.8578392676,25.4314719561,25.8642239878,26.9023590802
36,555,29.0238055479,29.1010945698,25.8057781966,25.9078963511,26.3210906207
36,556,29.0712933563,29.2262088505,26.2716285956,25.5217190264,26.9607199948
36,557,29.1511249138,29.3542486889,25.4905633961,26.0752241689,26.3677446436
36,558,29.2310118438,29.4367786506,26.0980231805,26.9436979551,26.90928903
36,559,29.3140898314,29.4367786506,26.3541996887,25.7937097815,25.9322712121
36,560,29.3915498538,29.6700721973,25.9456726422,27.0826888227,27.427096753
36,561,29.4239192569,29.6700721973,26.478466898,25.6249964238,27.2088765577
36,562,29.6141782692,29.6700721973,26.2749642384,26.173267051,27.1397616099
36,563,29.6957179152,29.6700721973,25.9981656821,26.561860296,26.7327608129
36,564,29.815100892,29.6700721973,26.4406689525,26.6888296249,26.4648602055
36,565,29.8672424808,29.6700721973,26.5494598248,26.316934399,27.6877967167
36,566,29.8736197842,29.6700721973,26.8721410935,26.947084535,27.8774918882
36,567,29.9769729447,29.6700721973,26.5290316349,27.0650435621,26.3188220972
36,568,29.9933952474,29.7780218833,25.7654927213,26.7035060736,27.4771505344
36,569,30.0426204471,29.7836853465,27.4434629061,26.3930805206,27.7766008712
36,570,30.0542620529,30.1082771876,26.9457328963,27.820051447,27.2701190423
36,571,30.1029337143,30.1082771876,27.611779114,27.2208332278,27.8368638194
36,572,30.1296432581,30.3286352124,27.5197664019,27.8170084574,27.6789930736
36,573,30.1812166034,30.3286352124,27.0289174301,27.5424308817,26.4005549768
36,574,30.2388061562,30.6819860564,27.2576084482,27.2130903855,27.8887878585
36,575,30.3149980123,30.6819860564,27.6963032738,27.6741893425,28.972253542
36,576,30.3593221197,30.7933574494,27.1358204616,27.1661730647,27.6129928515
36,577,30.4601144789,30.7933574494,27.3912985417,28.2439657149,27.6172363226
36,578,30.5536339856,30.7933574494,28.2394694145,27.5832848018,27.9525665998
36,579,30.7226644223,30.9953955822,27.1876214052,27.8066644895,28.330944567
36,580,30.7700352039,31.0,27.6455235974,27.9589706388,27.8163304376
36,581,30.8650454057,31.0,27.5285721275,27.3766407597,29.0111675886
36,582,30.9470268273,31.0,27.8421768262,28.1899528802,28.4758353485
36,583,30.9997572043,31.0,27.9935732911,29.2390862027,28.9452886318
36,584,31.1334436404,31.3819660113,28.686693316,28.2538416487,28.2707358737
36,585,31.1884672438,31.4024091874,28.2629305774,28.8459469581,28.7710326095
36,586,31.24785834,31.6972243623,28.4457360401,28.856461447,28.4939174218
36,587,31.3575664519,31.6972243623,28.7884934671,28.8231151826,29.4124606826
36,588,31.4235850967,31.6972243623,28.8957706289,28.643209498,29.5367666701
36,589,31.456703469,31.6972243623,27.9887063198,28.6234391182,28.4012190624
36,590,31.4942609969,31.6972243623,29.0749038022,28.4727775878,29.6342971628
36,591,31.5184714733,31.6972243623,29.2656670461,28.9230867526,28.9939991033
36,592,31.5857864376,31.6972243623,28.6682634642,28.4748415006,29.8104927119
36,593,31.7639322061,31.6972243623,28.511218103,29.0709245859,29.4095844986
36,594,31.8299135134,31.7856802566,29.1691768069,28.7167842771,29.432013955
36,595,32.0,32.0,29.1852531661,29.5775278117,29.8012949835
36,596,32.0,32.0,28.6406569908,28.7306722935,29.3088335213
36,597,32.0,32.0,29.3044008879,29.1196045806,29.395345045
36,598,32.0437047985,32.0,29.4176838135,29.7509996872,29.6993298648
36,599,32.152240935,32.3819660113,29.9192853387,28.8638280568,29.9346722578
36,600,32.1980622642,32.3819660113,29.2506910358,30.1023749126,29.1184188663
36,601,32.2679491924,32.5857864376,29.8501292618,30.1177350322,30.1531856879
36,602,32.5857864376,32.5857864376,29.512253255,29.2822411295,29.5780741315
36,603,32.5857864376,32.5857864376,30.0669066931,29.9953307143,29.9692862394
36,604,32.5857864376,32.5857864376,30.3663252033,29.7722789748,30.3107904982
36,605,32.5857864376,33.0,30.3076986242,30.0325013088,30.8017185161
36,606,33.0,33.0,30.05258281,30.1690702069,30.9744033918
36,607,33.0,33.0,30.7273587303,30.202616434,30.7191738011
36,608,33.0,33.0,30.0714055443,30.0767646942,30.4235262352
36,609,33.0,33.0,30.5884912954,30.8259809631,30.8491873286
36,610,33.0,33.0,31.2791048777,30.3747703647,30.899590964
36,611,33.0,33.0,30.0521573261,30.2605238898,31.1483424874
36,612,33.0,33.0,30.720895263,30.9570509268,31.0904838834
36,613,33.0,33.0,31.2387663121,31.6096193908,31.4279997344
36,614,33.0,33.0,31.5385423772,31.0325395618,31.231826001
36,615,34.0,34.0,31.4124393316,31.3057584048,31.4352063607
36,616,34.0,34.0,31.2499069536,31.7519971228,32.1613546851
36,617,34.0,34.0,31.7516595296,31.3693889744,31.2873721142
36,618,34.0,34.0,31.8007822875,31.6053929774,31.6373605763
36,619,34.0,34.0,31.8817229561,31.7297888974,32.4423759049
36,620,34.0,34.0,32.0728651419,32.3458630182,32.431405795
36,621,34.0,34.0,32.5574097339,32.8396124528,32.8831399902
36,622,34.0,34.0,32.7514718626,32.7171572875,32.7319654053
36,623,34.0,34.0,32.5171572875,33.0,32.5136222536
36,624,34.0,34.0,32.5039070197,33.1171572875,33.4
36,625,34.0,34.0,33.0343145751,33.3659827027,32.4491226929
36,626,34.0,34.0,33.6,33.6,33.4
36,627,34.0,34.0,33.8,33.8,34.4
36,628,34.0,34.0,34.0,34.2,34.0
36,629,34.0,34.0,34.8,34.4,35.2
36,630,36.0,36.0,36.0,36.0,36.0
64,63,0,0,0.0071048979,0.0065452956,0.0691644825
64,64,0.0096305467,0.0096305467,0.0082117159,0.0266140091,0.0611369185
64,65,0.0096305467,0.0096305467,0.0126011739,0.0265656754,0.0472677855
64,66,0.0341205471,0.0341205471,0.0150162338,0.0463698054,0.0742009234
64,67,0.0341205471,0.0341205471,0.0239618634,0.0403031443,0.0584472851
64,68,0.0354408181,0.0384294392,0.017037534,0.0460039161,0.032306578
64,69,0.0384063424,0.0384294392,0.018947775,0.0326027056,0.1296459432
64,70,0.0722973477,0.0578774351,0.0385375453,0.0580712628,0.0610555576
64,71,0.0829140838,0.0596105044,0.0399515784,0.0459836116,0.1008444083
64,72,0.0987890462,0.1099921928,0.0320742649,0.0346978465,0.0760271001
64,73,0.1029483105,0.1135805763,0.0280119803,0.0758009156,0.145083539
64,74,0.1172827679,0.1221295457,0.0423533734,0.0725743145,0.1147694429
64,75,0.1343016719,0.1225320087,0.0719227895,0.0824564538,0.0954539324
64,76,0.142538505,0.152240935,0.0363202911,0.1170400707,0.1395390253
64,77,0.1493002075,0.152240935,0.0864818712,0.099458002,0.167470804
64,78,0.1738578761,0.152240935,0.0647340055,0.0892597095,0.1342746213
64,79,0.1800938464,0.152240935,0.0948343874,0.1282610647,0.1826088941
64,80,0.1970660154,0.152240935,0.0756312965,0.0994472094,0.2023838223
64,81,0.2066554286,0.1738791223,0.0904702103,0.1349351256,0.1666515357
64,82,0.2347772349,0.2241871428,0.0941061134,0.1446322085,0.1855505833
64,83,0.2428865486,0.235983138,0.0888279295,0.1660778737,0.1456160307
64,84,0.2752265977,0.2362160502,0.1177934867,0.1328751321,0.2415530247
64,85,0.2834565331,0.2615896031,0.1532209307,0.0720283996,0.1990116359
64,86,0.2979799051,0.2675233507,0.1300769169,0.2033264912,0.2282730511
64,87,0.3253454533,0.3136308797,0.1114117848,0.1828428195,0.1525110214
64,88,0.3436718124,0.3377528481,0.1664655908,0.1978139021,0.2045631997
64,89,0.3678439427,0.3534197623,0.140881916,0.1991985518,0.2795325875
64,90,0.3762643949,0.3579226224,0.1713627091,0.1629638775,0.3206370336
64,91,0.4051154729,0.3853788629,0.1920612594,0.2105552458,0.2785864915
64,92,0.4091542557,0.4180264391,0.1890847493,0.2802644752,0.2613389247
64,93,0.4172536727,0.429333972,0.2187135834,0.2255956923,0.3227183127
64,94,0.4432675782,0.4661807906,0.1248231458,0.1603432968,0.2623559158
64,95,0.4665751411,0.4669209309,0.1941723509,0.1276344932,0.3162877483
64,96,0.4906693712,0.4797790466,0.2337178278,0.24962793,0.2198561155
64,97,0.4968321152,0.4826283473,0.2527899126,0.3095146711,0.2869432077
64,98,0.5154802024,0.4985702385,0.2305988899,0.2757032104,0.3381945241
64,99,0.559222585,0.5307838307,0.2436518715,0.3261941493,0.3007381348
64,100,0.5653938033,0.5553267045,0.2619374504,0.2666496362,0.4050202249
64,101,0.574204463,0.5918257212,0.183714238,0.329058257,0.4132604399
64,102,0.6175343439,0.6140358938,0.2551813031,0.2687273917,0.4566386841
64,103,0.6323594743,0.6363392453,0.3054829379,0.3453418667,0.3570458431
64,104,0.6497578389,0.6468088291,0.2570375025,0.2544014453,0.4089410373
64,105,0.6610124429,0.6695170377,0.2353926668,0.3395569331,0.3517830031
64,106,0.6925881382,0.6883638106,0.2956678939,0.4021176462,0.402628862
64,107,0.6981686366,0.7150095608,0.3125062983,0.3504816725,0.3731745909
64,108,0.7212138139,0.7555566405,0.3370554228,0.3483046359,0.3917029933
64,109,0.7704252624,0.7666112438,0.3060218746,0.394712761,0.3731400045
64,110,0.7859851004,0.7673548659,0.3563536906,0.4203063173,0.3919630544
64,111,0.8002849996,0.7818592859,0.3793589555,0.480572054,0.4629771257
64,112,0.8116593822,0.7970852081,0.2455198565,0.3362981526,0.4659435037
64,113,0.8317083915,0.8456715013,0.34856649,0.4196177753,0.4244843591
64,114,0.85968261,0.8522726532,0.3937061958,0.3644920849,0.5216132253
64,115,0.8812886859,0.8548470676,0.3812029844,0.3685971041,0.4065588605
64,116,0.9028151547,0.8829708023,0.4233430747,0.3818465109,0.5954969116
64,117,0.9041624243,0.9286118134,0.4218509166,0.4855218176,0.5833568001
64,118,0.9373879158,0.9440891197,0.4062368676,0.3650361392,0.4218504107
64,119,0.950614364,0.9440892572,0.3215756236,0.5440199631,0.5829437073
64,120,0.9752523756,0.944757674,0.3772528219,0.4484615563,0.5860631488
64,121,1.0105956193,0.9575920505,0.4983345186,0.5107312805,0.611248466
64,122,1.0271011144,0.9889113409,0.4274208601,0.4834101516,0.5980256235
64,123,1.0328649762,1.0360325411,0.4489224795,0.4067818424,0.4434544687
64,124,1.0787796536,1.0707527836,0.4767183734,0.586140836,0.6250153171
64,125,1.0859705929,1.0827630462,0.411621595,0.3362291841,0.5612996881
64,126,1.1064592488,1.0840426253,0.5076463536,0.6267420131,0.5358710093
64,127,1.1291933872,1.0919132343,0.5458574185,0.5163043512,0.4440536614
64,128,1.1507058984,1.1230266191,0.4016557704,0.4583872678,0.7847599
64,129,1.1577650583,1.1590091259,0.3776631917,0.5927853216,0.9512900893
64,130,1.1681869245,1.200689783,0.3783709299,0.6153554861,0.9025850711
64,131,1.1853749807,1.2549780827,0.3863428565,0.6835116461,0.8857544904
64,132,1.2252263841,1.2737387689,0.4055844455,0.5810940892,0.9247124577
64,133,1.2395482922,1.2944615206,0.3759225631,0.7616718293,0.8875451505
64,134,1.2463665411,1.3029803666,0.4142082741,0.7136532704,0.9562645192
64,135,1.2758917295,1.34086445,0.4245479814,0.737244801,0.9162861334
64,136,1.347791781,1.3499220333,0.4406179275,0.7513827606,0.8286634381
64,137,1.3670315077,1.3589938251,0.4661723882,0.5613648288,1.0121849546
64,138,1.3954760181,1.4322666721,0.5525688795,0.7046844484,0.9269004848
64,139,1.4203708396,1.4430930945,0.5029180002,0.833871784,1.1436360472
64,140,1.4376948913,1.4774432501,0.5615217523,0.7792406701,1.176358178
64,141,1.4890161092,1.4894393,0.483555908,0.863446335,0.942152703
64,142,1.5146459439,1.5071123473,0.5679151157,0.8383347579,1.0188024674
64,143,1.5307090096,1.5334000843,0.5224081969,0.856735173,1.0159866629
64,144,1.5479661903,1.5369088542,0.620479624,0.8399242912,1.004643182
64,145,1.5885614474,1.5558495303,0.6358659353,0.8322856768,1.1730640017
64,146,1.6307808087,1.5753940088,0.6601919238,0.8172372909,1.0838445479
64,147,1.6467811847,1.5755582906,0.624157813,0.9236264052,0.8309338799
64,148,1.6631922721,1.6269532123,0.6203625404,0.7695394275,1.1423304541
64,149,1.6931830792,1.6465742344,0.6710336025,0.8550152758,1.1310594037
64,150,1.6993517778,1.6742369126,0.6363516296,0.8741589232,1.0043043905
64,151,1.727186047,1.6870324109,0.5762312743,1.0250352315,1.0696422352
64,152,1.7562719745,1.7203362489,0.6267552609,1.0044456862,1.1771975183
64,153,1.7936141413,1.7271996278,0.6755517229,0.9903072428,1.3432193026
64,154,1.805830272,1.7592542723,0.662007606,1.0429433502,1.3318615203
64,155,1.8474608796,1.7599357193,0.7344555608,1.0639718966,1.206911156
64,156,1.8691788726,1.7840387805,0.7561124327,1.0295750765,1.0766215008
64,157,1.8871373486,1.8096591136,0.7227944106,1.0325718609,1.3128748253
64,158,1.8904696847,1.8406086524,0.8588804579,1.1436186406,1.3759953659
64,159,1.9260058982,1.8851241149,0.7418778303,1.1188250816,1.28755227
64,160,1.9432539615,1.8894713449,0.8670038275,1.0632826272,1.3459606042
64,161,1.9885790405,1.9573662006,0.927089214,1.0767721692,1.5510517697
64,162,2.0210064781,1.9766622184,0.84730783,1.1970983838,1.5124970852
64,163,2.031874022,2.0554267761,0.8482388464,1.0561945136,1.4417258601
64,164,2.060244009,2.0634965781,0.9686934833,1.1442875735,1.4663174805
64,165,2.0812513587,2.063504187,0.9377839376,1.2724771718,1.3536707744
64,166,2.0873429803,2.100606692,0.8603822902,1.117304562,1.4104738325
64,167,2.096546204,2.1029331524,0.9355535886,1.2444698295,1.3886893282
64,168,2.1163456043,2.1570384267,0.9708563516,1.3051839371,1.5087871211
64,169,2.1672324246,2.1773190658,0.9472380208,1.1417230771,1.4694693323
64,170,2.1841131595,2.233569616,1.0180061853,1.3062031658,1.3233880933
64,171,2.2076153468,2.2509324604,1.0358265382,1.2605004128,1.5423278089
64,172,2.2331049268,2.2883709069,1.0402350371,1.2754798005,1.0925400126
64,173,2.2491492331,2.2958296608,0.9704999587,1.2147959149,1.2020464735
64,174,2.2826324844,2.3286840835,1.0288312502,1.2294498102,1.5523934353
64,175,2.3254623826,2.3582955071,1.0932681681,1.2613092281,1.694707901
64,176,2.3510355275,2.3585537279,1.1064063623,1.5017633352,1.4626751864
64,177,2.367405239,2.3769572138,1.0807153593,1.3039116044,1.8589580099
64,178,2.3794063949,2.4235050777,1.0563521472,1.4100025295,1.4598319757
64,179,2.4155537402,2.4313127309,1.1069315621,1.389916914,1.5286337808
64,180,2.4522117763,2.4694407073,1.2773718151,1.4830942571,1.5577006394
64,181,2.4629095565,2.4930244248,1.1602867433,1.2776829474,1.8897502027
64,182,2.4827340824,2.5126310684,1.2435343901,1.4110730958,1.7300966683
64,183,2.5035732377,2.5127548336,1.0209371409,1.4288268698,1.740093325
64,184,2.5204462016,2.5131749581,1.2776532812,1.4963135689,1.341418137
64,185,2.5421425678,2.5768011952,1.2244617815,1.4775387018,1.5992805979
64,186,2.5687758536,2.6523601645,1.1869838882,1.4520867022,1.7555316963
64,187,2.5990039112,2.6763181492,1.2423956863,1.4716194005,1.8213685178
64,188,2.6177658254,2.7008530277,1.3076683397,1.4583956097,1.9339764847
64,189,2.6236546184,2.726419347,1.2999591934,1.5934091271,1.9264216317
64,190,2.6575075029,2.7610086342,1.3980197787,1.4954684861,1.5619305441
64,191,2.6886645803,2.7644616592,1.3288991582,1.6277387857,1.7797390354
64,192,2.7056889144,2.8103318923,0.9094956828,1.5865154896,2.119684548
64,193,2.7598398115,2.8116501554,0.8890356621,1.5825191943,1.9136650831
64,194,2.7735385095,2.8729469274,0.9928019966,1.632492277,1.9304802259
64,195,2.8055950431,2.8875532794,0.9632199554,1.4715876887,1.9900855883
64,196,2.8343367758,2.8875839482,0.9969765514,1.6258581354,2.2413971019
64,197,2.8492899462,2.9353741983,1.034402118,1.5990761579,2.0015135957
64,198,2.8759611978,2.9767749214,1.0069777352,1.7299041135,2.1818059094
64,199,2.8850405161,2.9878089358,0.9451889739,1.5985665925,2.0116588985
64,200,2.9425981071,3.0130579785,1.0352826302,1.7076304021,1.8342307442
64,201,2.9645910488,3.0130625886,1.0998992567,1.6401674563,1.9627162536
64,202,2.9841376902,3.0393754065,1.0734085708,1.7364890561,2.3249081094
64,203,3.0198753271,3.080374032,1.1389693123,1.6980720963,1.9664184312
64,204,3.0324699325,3.0934429068,1.1760154503,1.4771020078,2.4107364787
64,205,3.0417608937,3.130162273,1.1963717317,1.7693884243,2.2623424234
64,206,3.0888251088,3.1541570125,1.0853810761,1.7844923395,2.3664586219
64,207,3.1247302057,3.1729061746,1.2294581423,1.8556235599,2.235694433
64,208,3.1382404024,3.2027025163,1.2153475016,1.8349090325,2.3537235176
64,209,3.1836206888,3.2260691953,1.2721322449,1.8063380863,2.3013337192
64,210,3.1988665226,3.2731633491,1.3243536612,1.7552143972,2.0666996597
64,211,3.2310311853,3.3216223327,1.3322674418,1.8340684761,2.217518019
64,212,3.2790921526,3.3387186624,1.3035530526,1.6556774204,2.437508492
64,213,3.2926794091,3.388679933,1.3659,1.9426171945,1.9729580711
64,214,3.3108812702,3.3892405108,1.3169529947,1.68258577,2.0484172344
64,215,3.3736670897,3.402272753,1.2526482489,2.0607055713,2.203246454
64,216,3.3839355148,3.4024455243,1.4070871571,1.9329608848,2.5691864734
64,217,3.3876744782,3.4057523449,1.2646605343,1.9979366296,2.5162450311
64,218,3.4243826009,3.4891770905,1.4650147431,2.0002178206,2.3291926135
64,219,3.4687314529,3.4967525867,1.4140615379,1.9879990689,2.6092087764
64,220,3.4868142319,3.5482486704,1.4375355235,2.1154455698,2.4440161394
64,221,3.5233114393,3.5740926425,1.6193154334,2.0549097304,2.3987830277
64,222,3.5333909988,3.600660448,1.5249269696,2.2641010213,2.6478889167
64,223,3.5734869964,3.6006757636,1.5460142217,2.328955042,2.618969407
64,224,3.6067011383,3.6074095477,1.5880007402,2.3370033936,2.5590347756
64,225,3.6573641832,3.6841323665,1.5295086807,1.9700931029,2.5160352254
64,226,3.6721169539,3.7439147002,1.6211259395,2.3479854552,2.7287785466
64,227,3.7017860123,3.7735268053,1.6200996733,2.199777682,2.633757785
64,228,3.7422764026,3.7827950925,1.5494106136,2.0921083003,2.4820261835
64,229,3.7512377463,3.8036501465,1.7082696545,2.270731502,2.3932695005
64,230,3.7881919593,3.8542797636,1.604829128,2.3314968383,3.0676072206
64,231,3.8329094037,3.8660812601,1.7412463315,2.2729054555,2.898567157
64,232,3.8425104563,3.8680359899,1.6882260233,2.2710650569,2.7020791712
64,233,3.8477985048,3.8775043969,1.6844331948,2.0537486664,2.6250026066
64,234,3.8759979889,3.9240414489,1.6298419784,2.4278541588,2.5311824305
64,235,3.8858086181,3.9611582921,1.8467515191,2.4740401124,2.8414454135
64,236,3.9321693837,3.9893368331,1.7899904637,2.4778693983,2.8808660414
64,237,3.9596688877,4.032821223,1.8400714383,2.493039309,3.1160530926
64,238,3.960568803,4.079445144,1.7877384421,2.6471404042,2.9408622337
64,239,4.0126967617,4.0899959175,1.8366188391,2.5883247563,3.1207658581
64,240,4.0237783108,4.1038971149,1.7854899029,2.4021621582,3.1232494841
64,241,4.03403771,4.1046722048,2.0389057543,2.5514648162,3.0102948007
64,242,4.0660738345,4.1067707875,1.8539331274,2.3442785776,3.3060339765
64,243,4.1016541569,4.2110960053,1.8683448187,2.5425945829,2.9801213558
64,244,4.1232264726,4.2219882257,1.7595788699,2.5992075254,2.8623962195
64,245,4.154475918,4.2221610915,2.0098221896,2.7646598115,2.5504781657
64,246,4.1770622871,4.2222581065,2.0496271007,2.5862192209,3.0665263098
64,247,4.2046860014,4.2364618381,2.0723650948,2.6223201483,3.0982874367
64,248,4.2190118905,4.2947155807,2.0312766937,2.5369402614,2.9491079021
64,249,4.2505090335,4.2979117936,2.0628983869,2.5344550048,2.7977055472
64,250,4.2595588152,4.3135683759,1.9852421994,2.7210258459,3.1285766463
64,251,4.3274020757,4.3413701362,2.1435053884,2.772351072,3.14698949
64,252,4.351576935,4.3833827332,2.1423362852,2.6669722927,3.2892977007
64,253,4.3832968523,4.4710968069,2.0671998186,2.8426765732,3.206676796
64,254,4.4105958934,4.4713548775,2.288188918,2.7710587958,3.5444308051
64,255,4.4443994673,4.5008682163,2.1078474538,2.8824310062,3.1660066191
64,256,4.4639243007,4.5153206654,1.5464768999,2.6450257101,3.4107577472
64,257,4.4830105663,4.5272428589,1.6830403617,2.8350947726,3.6198199461
64,258,4.5125353409,4.5284735218,1.6373485568,2.8099297003,2.8800813222
64,259,4.5373210934,4.6015570261,1.6856971644,2.7758946606,3.6188297679
64,260,4.5706169924,4.6232756379,1.7246727758,2.7479878934,3.4473487173
64,261,4.5941754134,4.6255590283,1.7403328464,2.7507857613,3.3732809883
64,262,4.6115549864,4.6532479599,1.6949324905,2.8664401639,3.4444959946
64,263,4.6327338555,4.6550375961,1.7983866605,2.8811378844,3.5484914075
64,264,4.6598076562,4.6803709797,1.7119608406,2.6376205011,3.4569367858
64,265,4.6822177047,4.6962289516,1.7403554795,2.8981863973,3.3856131986
64,266,4.7180606211,4.7065841889,1.8631069031,2.7727768493,3.0325569554
64,267,4.7547497529,4.7096573381,1.9273634121,2.631145707,3.9009531175
64,268,4.7878360342,4.7591292801,1.9881442653,2.9245760593,3.7686984255
64,269,4.8032504862,4.884122257,1.8717415099,2.8313686766,3.682210398
64,270,4.824371989,4.9148694361,1.9219972459,3.0163083394,3.5675868089
64,271,4.8380336245,4.9236339236,1.7724937554,3.087814018,3.4309433175
64,272,4.8544917301,4.9251581865,1.9746042022,3.0095844224,3.8500624646
64,273,4.889231403,4.9546608257,2.1146688813,3.0076627985,3.6684967468
64,274,4.9550826468,4.9703504067,1.9548629112,3.1171088311,3.7087545479
64,275,4.9611073019,5.0420400612,1.8652303671,2.9993097551,3.8287635184
64,276,4.9836498191,5.0650144653,1.9800621044,2.9951083287,3.5317630895
64,277,5.0136097489,5.0787461331,2.041457581,3.2446135147,3.5206021621
64,278,5.0460730111,5.0804437532,2.1650449075,3.0909484172,4.223918792
64,279,5.0814877534,5.1292167185,2.1956827123,3.0016677409,3.5902480945
64,280,5.1059906852,5.1471591772,2.0999941799,3.1751914496,3.8156671288
64,281,5.1483509609,5.1714676582,2.1184010377,3.2831489326,3.9700202226
64,282,5.1750536674,5.2135118478,2.1431597122,3.0745940999,4.0208791073
64,283,5.1795959831,5.2621184117,2.1963656294,3.4891121935,4.1366333459
64,284,5.2230201612,5.3387365471,2.2159494449,3.1354983068,3.7575323646
64,285,5.2342664158,5.384564695,2.1849927816,3.1050925311,3.8875085419
64,286,5.2548554103,5.387257348,2.3595908394,3.3469588565,4.2649870896
64,287,5.2894748272,5.3934149905,2.4245006935,3.3856644313,3.7623404085
64,288,5.296246662,5.4029578293,2.2559951397,3.1054159093,4.3362937844
64,289,5.3446551622,5.4500608564,2.3113373534,3.4729071472,3.8528556471
64,290,5.3653386158,5.4792837416,2.5276939464,3.4996126696,3.695727644
64,291,5.3801798502,5.496698772,2.3887721841,3.2727640344,4.0310013255
64,292,5.4375828562,5.5167768017,2.3957194991,3.3328073939,4.1262028046
64,293,5.4558888565,5.5195698084,2.4766906167,3.5984096108,4.0900577907
64,294,5.4819763284,5.6264643698,2.4120768931,3.5499699705,4.4654038667
64,295,5.4998314403,5.6413012721,2.5340191011,3.3701056529,4.3060636919
64,296,5.5364054973,5.7094269117,2.6020944983,3.099609563,4.4799834515
64,297,5.5483678575,5.7404874109,2.565988846,3.6619452225,4.1784302424
64,298,5.5818190374,5.8047098251,2.5516504255,3.5549146512,4.4531320801
64,299,5.6353070414,5.8133877131,2.6709601487,3.5168165667,4.3867635607
64,300,5.6430788282,5.8566997001,2.7031297091,3.8554276645,4.2719239966
64,301,5.6906079316,5.8569989095,2.6348165674,3.7384196085,3.9001506756
64,302,5.7163050508,5.8732419243,2.6613348928,3.4109447006,4.327067285
64,303,5.7638059604,5.8858273009,2.5927113439,3.8301552941,4.3173334585
64,304,5.7717068092,5.9005801684,2.8802271593,3.7944678567,4.4034236931
64,305,5.8033434796,5.9348868951,2.7520207501,3.7987185728,4.319924388
64,306,5.8239714793,6.0024208671,2.7535864496,3.9510536241,4.4874237918
64,307,5.8334735165,6.0538460382,2.7491938419,3.8184592555,4.6782406764
64,308,5.8622050481,6.0712411811,2.7708670623,3.6937338094,4.1834815901
64,309,5.8774126775,6.0720226948,2.6021303645,3.6642228132,4.5307142306
64,310,5.9073855166,6.1098457399,2.8641554132,3.776264986,3.9631996036
64,311,5.9493800751,6.1110274752,2.8601290878,3.725633753,4.5896621316
64,312,5.9833734803,6.1194567078,2.9719659167,3.7460082284,4.6113567629
64,313,5.9943567659,6.1820051042,3.0942799764,3.8891046889,4.5234364982
64,314,6.0483271036,6.2154999507,3.1049710116,4.0540993942,4.7277176403
64,315,6.067581975,6.2269733177,3.0139653186,3.8530797067,4.7276512796
64,316,6.0979071061,6.2451547797,3.1463086628,3.9588192391,4.505481816
64,317,6.1469970261,6.2557574279,2.9909029571,4.1757224606,4.4340941668
64,318,6.1541814065,6.2681242461,3.0582745015,4.0087435719,4.7912910393
64,319,6.1736145037,6.2783356804,3.0253733795,3.8765178773,4.5467198561
64,320,6.211432954,6.2831624342,2.3703528117,3.8671144596,4.1634256775
64,321,6.2381618634,6.3631717616,2.4005389336,3.6076261335,4.3765029686
64,322,6.2579707296,6.41086791,2.4254296053,4.1820537053,4.8589535903
64,323,6.2916849751,6.4851620569,2.409497554,4.043578221,5.2537176523
64,324,6.3199933481,6.4955479141,2.4092939106,4.0703931739,4.5977074637
64,325,6.3275080747,6.5006940938,2.438317004,4.0179080683,4.7067888979
64,326,6.3737371272,6.524470555,2.4281239508,3.7007742154,4.5578984677
64,327,6.397842068,6.5254256044,2.4903991929,3.8568511801,4.6894626672
64,328,6.4342902867,6.5397156429,2.5260897702,3.8826549127,5.0153526925
64,329,6.4694802953,6.5598738264,2.6710184255,3.8292145968,4.5623397576
64,330,6.4761050717,6.6215528406,2.5834870598,4.1278198508,5.1918255763
64,331,6.5052115737,6.6924424052,2.5421963424,4.0106129975,5.3546292092
64,332,6.5499499227,6.7191523264,2.7502855338,4.2087386183,5.3024728301
64,333,6.5895174321,6.7637743619,2.6485555737,4.2720151444,5.213823636
64,334,6.6317111316,6.7646739772,2.7066297347,4.3396033017,5.090393677
64,335,6.6469357051,6.8022947363,2.8574589263,3.4565082691,5.0780876803
64,336,6.6750934036,6.839146477,2.8523294335,4.0232434875,5.2352509013
64,337,6.7064474124,6.8473129841,2.9046163756,4.2875055538,5.0259784485
64,338,6.7214001696,6.8481533334,2.7483328891,4.318480817,5.2002002342
64,339,6.7512288173,6.8764904031,2.7875216255,4.1776982364,5.1715150388
64,340,6.7823859519,6.9067531219,2.9325808732,4.5319670933,5.4287508403
64,341,6.8049267669,6.9179314709,2.7274276981,4.2356620894,5.2764825336
64,342,6.8337020009,6.9741663694,2.7764704148,4.473318155,5.2970158552
64,343,6.8730570713,6.9760069056,2.8557821604,4.327443043,5.3136658649
64,344,6.909206378,6.9883721881,3.0474953671,4.5084603661,5.3344645677
64,345,6.9566607045,7.0205939538,3.0538842723,4.3557519557,5.4692614488
64,346,6.9619920507,7.0510960251,3.0123964175,4.6097016431,5.6911509676
64,347,6.9887125904,7.0542212321,2.9201593059,4.4974361105,5.6992981562
64,348,7.0074145654,7.0655404341,2.9145851844,4.4825886051,5.7161249283
64,349,7.0437627712,7.1299931664,3.3364479762,4.3321476331,5.1145544654
64,350,7.0760562142,7.1309806383,3.2713637903,4.7161920309,5.4040961127
64,351,7.0877900892,7.1573302581,3.0168301541,4.8212258674,5.6485738921
64,352,7.1404146838,7.2592891718,3.2120399992,4.736674686,5.6910547288
64,353,7.1567531386,7.2700828959,3.1738528998,4.9711069274,5.6731736103
64,354,7.1856739176,7.2765937473,3.1441222142,4.5727716394,5.8023310928
64,355,7.2203388727,7.2806414522,3.4361336811,4.7586578279,5.3569182735
64,356,7.2444119137,7.2880274796,3.2265180612,4.7170130941,5.4745371423
64,357,7.2760469244,7.288430555,3.280382033,4.820364089,5.5203337179
64,358,7.2978891844,7.3044229079,3.3701147519,4.5919023153,5.647229514
64,359,7.313032648,7.3901780693,3.1914352327,4.6904753238,5.6438350075
64,360,7.3200118889,7.393702118,3.2944412888,4.4675096323,5.6393277609
64,361,7.3593136485,7.396459827,3.5012543472,4.7976819548,6.4492533907
64,362,7.3842649476,7.443014649,3.4211592559,4.8505946591,6.0961329155
64,363,7.4340277929,7.4430148655,3.5109959393,5.0599943721,5.9291045474
64,364,7.4702245608,7.4467152117,3.4984351314,4.8494315743,5.929275496
64,365,7.5075509537,7.5205043797,3.6040556529,4.8598382567,5.9236101155
64,366,7.5112975653,7.5347382127,3.6170479137,5.1185688876,5.1770336878
64,367,7.5454758831,7.5348235811,3.5680426419,4.8284139357,5.7499887709
64,368,7.5484733586,7.5446233085,3.4441951474,5.0581030768,6.241001356
64,369,7.5940004172,7.5736344489,3.7128094963,4.9967696226,5.9710138298
64,370,7.6338842163,7.5736450501,3.7570538022,5.2111079928,6.0340921394
64,371,7.6515681971,7.6072963348,3.7590484432,5.4625181714,6.2576642781
64,372,7.6957171098,7.6346339141,3.6649882747,5.2806508787,6.2563270483
64,373,7.7170282273,7.6726693019,3.7114000949,4.8977891685,5.6996540353
64,374,7.749360514,7.7806071404,3.9541372146,5.4035704362,6.0214866242
64,375,7.7696426648,7.844990882,3.7900320183,5.2484083381,5.9904223648
64,376,7.8015007309,7.8585997294,3.9618789333,4.9483672113,6.0223862336
64,377,7.8258154403,7.859774767,3.8284044,5.3053726988,6.2600031017
64,378,7.8509319563,8.021824129,3.7240596553,5.0505829552,6.3224451364
64,379,7.87392407,8.0254207222,4.0318093417,5.3189777629,6.6156457928
64,380,7.8839431116,8.0838076387,3.9149825845,5.2993480235,6.2740955865
64,381,7.9573111057,8.1045715148,3.8556476561,5.17557361,6.6385833397
64,382,7.9921031604,8.2014760937,3.9288308766,4.9602144959,6.174967758
64,383,8.0080121284,8.2014773545,4.0227501952,5.3464528748,6.6250321333
64,384,8.0476007542,8.2038317674,3.3221128611,5.3220918838,6.6179392746
64,385,8.0782221677,8.2441972214,3.1246606152,5.1455531397,6.7085063877
64,386,8.0921214252,8.2442001917,3.2380507397,5.3413606615,6.9618435693
64,387,8.1238836257,8.2491424284,3.4152106977,5.3238603529,6.0737872055
64,388,8.1546400936,8.2531045728,3.2966923476,5.3596489306,6.352623692
64,389,8.1912577537,8.2560540438,3.3467343623,5.2411555253,6.007722139
64,390,8.2111542315,8.3531777393,3.2401282627,5.0620206732,6.5263606985
64,391,8.267978223,8.4141807759,3.4180451128,5.027455092,6.2030437904
64,392,8.2906545173,8.4165616725,3.213076425,5.2151841278,6.7562946053
64,393,8.3100820599,8.4216686862,3.4891346968,5.3382873345,6.6846193736
64,394,8.3489180887,8.456574734,3.5765683709,5.3995826769,6.9392756654
64,395,8.3697948717,8.4733578715,3.4783828677,5.481240147,6.6040174696
64,396,8.3917202074,8.5381848512,3.3565350183,5.1731282424,6.7427908035
64,397,8.423341999,8.538485909,3.439457559,5.5055506724,6.1592656082
64,398,8.4290939143,8.5424373114,3.5870841833,5.3012276415,6.2857948178
64,399,8.4523657857,8.5994791484,3.7162005291,5.5030783094,7.2426538745
64,400,8.4945990456,8.6456878606,3.6831090787,5.4119199152,6.4658830509
64,401,8.568039624,8.6708465558,3.9519495507,5.5339576837,7.0971419249
64,402,8.5984733057,8.6962958728,3.5835029871,5.5572669216,6.1262452984
64,403,8.619455453,8.7281433491,3.9182686073,5.6542018414,6.7891218644
64,404,8.6471372083,8.7430586603,3.8303828882,6.0212601874,7.0854951706
64,405,8.6672828011,8.7444383085,3.6334893191,5.5888378622,6.4209534436
64,406,8.687523848,8.7530010152,3.8933202107,5.8407769288,6.6527517857
64,407,8.7178865206,8.7883168029,3.8737808356,5.9488539141,7.3106562139
64,408,8.7802456956,8.8594156757,3.9860823392,5.7284050237,7.0148349568
64,409,8.7908253389,8.882063893,4.0930750002,5.5575936186,6.979196513
64,410,8.8066942321,8.920775488,3.7942592425,6.1014605342,7.3730958327
64,411,8.8361347684,8.9219741174,3.9724653071,5.9173957903,7.2293481857
64,412,8.8856182391,8.9256685209,4.0684655763,6.0771871422,7.1565478645
64,413,8.8927492645,8.9261687646,3.9650996051,5.8512400415,7.0206635003
64,414,8.9289711585,8.9656225007,4.0497685752,5.7591582436,6.8393732256
64,415,8.9611893644,8.9792862038,4.0935902688,6.1228063238,7.0925868445
64,416,8.9863800156,9.0229106203,3.8917936798,5.3823797278,5.8578524174
64,417,9.0109314509,9.0866687458,4.1802252396,6.2973281062,7.0237147566
64,418,9.04872593,9.0887253312,4.219266863,6.1060461672,7.1204895847
64,419,9.0753721944,9.1043213308,4.2647695487,5.7840354599,7.2283777265
64,420,9.0854745372,9.1098342333,4.1177483976,5.9499703929,7.3058011456
64,421,9.1244024272,9.1643619362,4.1151813027,6.2675079303,7.4491838286
64,422,9.136614424,9.1665848675,4.4053439529,6.1740133611,7.4379831897
64,423,9.1570432286,9.2280065261,4.4430529244,6.2488233662,7.597824457
64,424,9.1947577,9.2559613718,4.4603150433,6.1933372162,7.5105528605
64,425,9.2315157662,9.2691339581,4.3770100228,6.2559772425,6.880547873
64,426,9.2509411454,9.305766206,4.5538550381,6.1094316898,7.5032739068
64,427,9.2971077527,9.4140602612,4.2423431876,6.435371773,7.3279225544
64,428,9.3214784963,9.4403479936,4.3946905115,6.0674667647,7.6679846478
64,429,9.3379001385,9.4452278121,4.6151114289,6.1961903119,7.5603807864
64,430,9.3805154532,9.5420036795,4.4892953405,6.2641689606,6.4164374504
64,431,9.4086019722,9.5497688569,4.6787004091,6.7850908305,7.7011416771
64,432,9.4471736484,9.5686303093,4.7393340763,5.9781352955,7.2050373783
64,433,9.4865505204,9.5976098974,4.5019762111,6.409595307,7.2184254139
64,434,9.5163220163,9.6041793343,4.6219845323,6.3857710211,7.9453267648
64,435,9.522071699,9.675421768,4.6696482733,6.365435746,7.9195114128
64,436,9.5454859093,9.7385546116,4.817058106,6.4957731188,7.310471221
64,437,9.5929421621,9.8094635969,4.9743904127,6.4369345317,7.6507162524
64,438,9.6006702561,9.8445971088,4.7024543994,6.4163119637,7.1929713056
64,439,9.6379890572,9.8567926065,4.8488092175,6.2851652525,8.1579910332
64,440,9.658037214,9.8640165798,4.9007955836,6.5138818774,7.7053938392
64,441,9.6989844745,9.8841243691,4.7040708905,7.0615159098,7.4308473616
64,442,9.7005195931,9.9151978248,4.9542563228,6.6141388425,7.4060645835
64,443,9.7492325893,9.9280465371,4.9711399109,6.8481618305,7.8059932155
64,444,9.7568439992,9.928566703,5.0259086014,6.3547983442,7.9742354149
64,445,9.7843820841,9.9471949146,5.0367916496,6.5712627024,8.3753989129
64,446,9.8359701081,9.991673347,5.1066299692,6.9053129328,7.2814087669
64,447,9.8666762524,10.0167764704,5.0027387854,6.9131676859,8.0696539738
64,448,9.8899757205,10.017313261,4.3128177547,6.5151892185,7.895626044
64,449,9.926810289,10.0789599375,4.2277002277,6.4489534539,8.178975424
64,450,9.9596052361,10.0791159452,4.0124942509,6.3582325421,8.1083920679
64,451,10.0232235225,10.0865693337,4.1413936709,6.823521846,7.7828998576
64,452,10.0474772666,10.1178901262,4.3924793037,6.6508525714,7.8068510716
64,453,10.0707735601,10.1203292657,4.4349025326,6.2018889135,8.3767667291
64,454,10.0750250655,10.1370951872,4.2962759244,6.6581708415,8.151643482
64,455,10.0869963017,10.1544682076,4.4037824674,6.595052953,7.6551302445
64,456,10.1196942121,10.1987980642,4.396909247,7.0247941628,8.3691470323
64,457,10.2014665544,10.2001377594,4.4366769723,7.0525324182,8.4320745735
64,458,10.2345749976,10.2023433626,4.5474088401,7.1475426799,7.6749334369
64,459,10.2582533621,10.2023459008,4.4928560704,6.822224306,8.636853125
64,460,10.282962365,10.266483128,4.6735709504,7.1699224769,7.9402396391
64,461,10.3155870858,10.3171503797,4.4449713507,6.7016448973,8.1678658332
64,462,10.3380717783,10.3174750505,4.6945685643,7.1507249964,7.5911264529
64,463,10.352351961,10.3703985598,4.6938211564,7.2960764015,8.3002456116
64,464,10.3646945545,10.3777332995,4.4822035376,6.7377494601,8.4094286115
64,465,10.3729003757,10.419964853,4.6773867575,6.9526118168,8.0115341299
64,466,10.4388445472,10.4240883836,4.9404517559,7.1514393173,8.4496431138
64,467,10.4579672512,10.4241108932,4.7716878113,7.2121522959,8.4972505853
64,468,10.4776831575,10.5040962371,4.9355962798,6.9989316636,8.0785983459
64,469,10.5006904609,10.6043921887,4.9254129069,7.3226254537,7.9552015926
64,470,10.5581425836,10.6043966292,4.7843707623,7.1471039846,8.9136834743
64,471,10.6129386246,10.6092045044,4.827123769,7.2964915832,8.4226902939
64,472,10.6248515755,10.6593082047,4.9128242232,7.2936210966,9.0699827199
64,473,10.6665359941,10.7488221098,4.9127133984,7.1641288983,8.2991233393
64,474,10.6865962224,10.7652717885,5.0889250067,7.348647815,8.2028756213
64,475,10.7056972682,10.9007754177,5.180325212,6.8379663704,8.757445861
64,476,10.7327131242,10.93813517,5.0537797662,6.9030709222,9.0440958038
64,477,10.74827542,10.9383204553,5.1844925618,7.3562114203,9.2330306532
64,478,10.7761499603,10.9539377362,5.0839329252,7.4903198828,8.4009418474
64,479,10.8125174523,10.9574151512,5.0844610698,7.4832759836,8.0784057291
64,480,10.8418724857,11.0572738307,5.2859515547,7.713537025,8.9983500466
64,481,10.8811452531,11.1272123819,5.1011939128,7.6306097968,9.5920247518
64,482,10.9042176905,11.1452959676,5.0980234106,7.3624698848,9.3890191749
64,483,10.9491329444,11.201212378,5.3603430454,7.7699391418,8.6662758675
64,484,10.9735572956,11.2343880292,5.3237809013,7.9428103327,7.5435469918
64,485,11.0178855914,11.2362577276,5.2054139852,7.760778234,9.1855381972
64,486,11.0361992899,11.237543651,5.3979173846,7.512188698,9.3877869566
64,487,11.0555853325,11.2476490021,5.569002416,7.5831691556,8.1636569402
64,488,11.1043225137,11.2932654899,5.5931927888,7.4374240666,8.9701707271
64,489,11.1191383708,11.2932672149,5.5448988574,7.8004586214,9.2213603657
64,490,11.1874549266,11.2934427065,5.4264000642,7.6568370036,8.1192291827
64,491,11.2083027889,11.3074556072,5.4545933932,7.6593673221,8.7014033971
64,492,11.2514186465,11.3093120377,5.5056038182,7.9801553763,8.5501564263
64,493,11.2787957842,11.3365318798,5.5803000405,7.7024940231,8.4031248176
64,494,11.3133020698,11.3651100881,5.5849103805,7.8552172097,9.4255586801
64,495,11.3547254453,11.4338496722,5.7948305948,7.8658922227,9.3394256321
64,496,11.3849286166,11.4570581762,5.7224085688,7.8758503075,9.4953650487
64,497,11.4290215407,11.4727977547,5.8766258617,8.1125751869,9.4615431937
64,498,11.4559922974,11.4902083617,6.0969966305,7.7671720606,8.6856989725
64,499,11.5352069129,11.503074249,5.8144191288,7.691207788,9.4861522959
64,500,11.5403713706,11.5036944984,5.7156765327,7.9948100164,8.9809041218
64,501,11.5515473826,11.5590023156,5.6778598215,8.0688005873,9.5106861569
64,502,11.5774036175,11.5615659509,5.9480016845,8.3033502116,9.7156904557
64,503,11.586028085,11.5818082226,6.0377958238,8.2332793817,9.0863376459
64,504,11.5958140001,11.6655461575,5.6200963792,8.1848081181,8.9978387372
64,505,11.6514708638,11.7170859318,5.8820821799,7.9058712057,8.5081563049
64,506,11.6740110184,11.8683573763,5.8798071278,8.6723814062,10.0057549205
64,507,11.6873521686,11.8699898321,5.9427552721,8.9299398352,9.8521832647
64,508,11.7281948684,11.8749179543,6.2091756047,8.1766607383,9.629971733
64,509,11.7515276903,11.883912691,6.0229916168,7.8331398616,9.9104522899
64,510,11.78206165,11.9450412569,6.1684538259,8.4040158508,9.3391972501
64,511,11.7933814769,11.9795717301,6.2264979262,8.4324595069,9.2827160771
64,512,11.8537519123,12.0133334197,5.1150961891,8.0342649384,9.9677923194
64,513,11.8563879953,12.0246365298,5.2396443516,7.8645470203,9.9876006939
64,514,11.8802963597,12.0246579318,5.4498922404,7.8627407346,9.8133511637
64,515,11.9314437453,12.0363175073,5.1946335497,8.0694476091,10.2188504659
64,516,11.9528516185,12.0538867359,5.358978799,7.9248145655,9.5682715881
64,517,11.976726325,12.0539420979,5.4511010027,8.0261147636,9.424981215
64,518,12.0598671309,12.203935582,5.4965029686,8.558782643,10.1635443956
64,519,12.0679389042,12.297852898,5.6713040214,7.8628365187,9.7354006305
64,520,12.1188590866,12.3024980886,5.4700890152,8.1012234565,9.8786200248
64,521,12.1346014847,12.3274838164,5.4882064381,8.2076970845,9.9899401156
64,522,12.1498816228,12.3458281809,5.6367110315,8.27794456,9.5090279217
64,523,12.1899084904,12.3800864254,5.5751984582,8.275906637,9.3403931814
64,524,12.205059341,12.3878662199,5.6553799909,8.4033345087,9.9222911018
64,525,12.2278617092,12.4188605853,5.6620445888,8.3388429558,10.0783434992
64,526,12.2919815073,12.4225087842,5.5937385938,8.0634567958,9.5684132928
64,527,12.30221773,12.4284817561,5.7868385152,7.8725630028,9.7803722194
64,528,12.3247831378,12.4341713167,5.8501815314,8.7410234909,9.5216732811
64,529,12.3453121297,12.4720880788,5.9416835935,8.2054156283,10.0856841579
64,530,12.3594959699,12.5291595295,5.8731687739,8.6378713103,9.213564286
64,531,12.4140772928,12.5352010216,5.9785131463,8.2735975935,9.4228658696
64,532,12.4327281426,12.5434729285,5.8075490773,8.7649491039,9.3941594915
64,533,12.4740847271,12.5806060625,5.9592296098,8.517084094,9.9339705222
64,534,12.4874847416,12.6819488554,5.8588501855,8.8714271759,10.0541791203
64,535,12.506749019,12.6823574632,5.9613391199,8.7106576746,9.1021983015
64,536,12.5331992431,12.6857768471,5.9445735588,9.1903814477,10.6141577173
64,537,12.590508447,12.7115832471,6.3559297525,9.0168287299,10.1945846935
64,538,12.5980950554,12.7824553482,6.1280751091,8.9603978045,10.1866799831
64,539,12.6382297864,12.8310379293,6.1430383242,8.8023253537,10.6050907004
64,540,12.6754470312,12.8863869481,6.2339142417,8.3714833595,9.1149494018
64,541,12.7045559927,12.8864452145,6.1920769363,8.8251607351,10.8332633444
64,542,12.7334990248,12.8943536265,6.2224088236,8.9253105097,10.7177926543
64,543,12.7562798962,12.8953821675,6.40339728,8.7742030023,10.3914275508
64,544,12.7857378009,12.9220801473,6.5843361656,9.1702521632,10.6155338726
64,545,12.7981780598,12.9843495671,6.4803547519,9.1339863186,9.9588556016
64,546,12.8216880791,13.0259065683,6.3973814074,9.4670815003,10.4629684658
64,547,12.859044645,13.0443101932,6.4095014307,8.5304217536,10.1148868228
64,548,12.8857139786,13.0464460582,6.4285727187,8.8735825005,10.8343332761
64,549,12.9056323672,13.0990681428,6.5735825303,8.8207808682,10.6203138566
64,550,12.9375173074,13.1050498493,6.6085014144,9.3144084066,9.9475331507
64,551,12.9652323705,13.1261935277,6.6773743248,9.1178845022,11.069212228
64,552,12.9923851907,13.1296453155,6.352490175,9.2816150038,10.0353991055
64,553,13.0143707995,13.1655804349,6.8472191579,9.4759579277,10.6532125382
64,554,13.0517173554,13.1931202376,6.7121762052,9.4036497032,11.0844417958
64,555,13.1003207536,13.1986337039,6.8588107201,9.2724131316,10.6187255683
64,556,13.1306521601,13.2731677863,6.8141768543,9.3202483548,10.8733475949
64,557,13.1862849153,13.2749045503,6.8393407737,9.4263956483,10.8010078481
64,558,13.224483111,13.2969620626,6.6518184658,9.2023685044,10.2142743557
64,559,13.235707907,13.3649227529,6.8047252614,9.9708247179,10.2176603962
64,560,13.2470860736,13.3659184135,6.8241368296,9.5110568542,10.9381564483
64,561,13.3019846859,13.3698213435,6.788634053,9.3146039383,10.7088430078
64,562,13.3143984847,13.4603679345,6.8442764204,9.064848085,11.0615216946
64,563,13.3286702444,13.5957164821,6.8069688564,9.8581645704,10.0893547678
64,564,13.3592884744,13.6129191879,7.1828584431,9.8041618682,11.3523167757
64,565,13.3870565703,13.6131160374,7.1754298315,9.1297296989,11.3134065504
64,566,13.4082168662,13.6474017715,6.6995766305,8.8234358802,11.4924595502
64,567,13.4152980997,13.6474099725,7.0090856982,9.6801520517,11.1178147388
64,568,13.4735342804,13.6511617638,7.0033850481,9.7315260111,10.7766917874
64,569,13.4872986314,13.7652154526,7.1698237476,9.5753197135,10.6975628043
64,570,13.5200270895,13.8078245508,7.1229554736,9.414364482,10.0656030614
64,571,13.5807899108,13.8515070809,7.0642392926,9.732323269,10.3960826324
64,572,13.6159582157,13.8604973313,7.7149723244,10.1290798106,11.5854536756
64,573,13.6502982295,13.8638541844,7.4080511094,10.0824370738,11.5996861219
64,574,13.6671102453,13.8722279381,7.3656691926,9.3648688799,11.1220388341
64,575,13.6993881721,13.9147776889,7.1995431617,10.3504165733,11.1483654066
64,576,13.741816224,13.9429354117,6.7500345722,9.6501961859,11.0426524839
64,577,13.7698341412,13.9712284452,6.5910935735,9.4979463862,10.8407684294
64,578,13.8188355908,13.9734383353,6.5248986963,9.700363741,11.7316042531
64,579,13.8318652461,13.9777817941,6.6271140785,9.321849011,11.4117533978
64,580,13.8576879912,14.0136928209,6.4663089166,9.2115646076,11.2357205724
64,581,13.8729398073,14.0654752232,6.6261682269,9.4465046656,10.9164556914
64,582,13.9136795998,14.1258805083,6.5692611812,9.6004802758,11.0821067861
64,583,13.9205900228,14.1372415634,6.8581405339,9.5055567098,11.4912594633
64,584,13.956771997,14.1408000575,6.7185003209,9.6024096942,10.8988358606
64,585,13.9885454208,14.1411477164,6.9003986383,9.9126693205,11.8468315844
64,586,14.0526183472,14.2277865049,6.8372193685,10.1021531704,10.7356895615
64,587,14.0983494133,14.257219406,6.8966334322,9.8256787217,11.1686384232
64,588,14.1107812339,14.2690627495,6.7820483531,9.77449883,11.2184084258
64,589,14.141258283,14.2740871705,6.7594186352,9.712597025,12.1366410476
64,590,14.1775303071,14.2976063516,7.0461096943,10.2316083278,12.1537328294
64,591,14.1831661505,14.3827374975,7.1872115199,10.2559483533,11.8636147871
64,592,14.2324336514,14.4161591212,6.8275865784,9.790120362,12.0536223013
64,593,14.2403581646,14.4379641083,7.2102235343,10.4317183655,11.301178971
64,594,14.2575271542,14.47524527,6.8865148299,9.8284141477,12.5167975255
64,595,14.2873716954,14.4856399014,7.3474515395,9.8311154719,11.3732104943
64,596,14.2988309584,14.4887712158,7.4096809306,10.4902852363,11.9792341189
64,597,14.3607711937,14.5287210483,7.1698675058,9.6097618438,12.3822753607
64,598,14.3807552037,14.5294943961,7.2357823559,10.2064106749,11.693987016
64,599,14.3968537897,14.5825911301,7.1664001891,10.0899624035,11.0164909787
64,600,14.4083904829,14.6142097976,7.3643919663,10.681149391,11.4312819146
64,601,14.4847097785,14.720512243,7.2998889643,10.6575624645,11.7248186817
64,602,14.5086294574,14.7537113458,7.3353285085,10.2601797868,12.6821015472
64,603,14.5398595881,14.7537147863,7.627291695,10.7121392743,12.8951865572
64,604,14.5573189053,14.7675255336,7.3676314449,10.4033081194,11.503186344
64,605,14.5754217798,14.8206729322,7.631456725,10.8650568241,10.8348116021
64,606,14.653607198,14.8391597207,7.4342892664,10.6368534354,10.6107312247
64,607,14.6666834952,14.8659929862,7.724431809,10.3942409605,12.5741355552
64,608,14.7080727099,14.8721313388,7.8680841536,10.5465862281,12.2153633316
64,609,14.7133308311,14.9408941992,7.9480094203,10.750888336,11.8081759922
64,610,14.7860683385,14.964528419,7.7373373764,10.2152925245,12.2099709712
64,611,14.8041123699,14.9649115888,7.8151600823,10.3836018633,11.9033235454
64,612,14.8241696642,14.9973791924,7.8715778799,11.0164851153,12.700201409
64,613,14.8322402136,15.0007795289,8.0207440253,10.3944752098,12.3301318808
64,614,14.8659588187,15.0921936417,7.9256144414,10.3458444954,12.3574415057
64,615,14.9150019068,15.1269839257,7.524108098,10.6757830824,12.0941276283
64,616,14.934231253,15.1374989383,7.8225149534,11.3606518901,11.8419199541
64,617,15.0012105744,15.1839260931,7.7938907509,10.6626165897,12.1131938266
64,618,15.0124970742,15.2264488897,7.8612962065,10.3662970047,12.3504027522
64,619,15.0376193583,15.2760492359,8.2343554152,11.0230307609,11.2844244668
64,620,15.0953927683,15.2858098547,7.9149198066,11.1696706618,12.6925052126
64,621,15.1352865162,15.3086946858,8.1910805882,11.1256782273,12.005518389
64,622,15.1511112775,15.3262782107,8.1130962505,11.2319773666,12.3035539041
64,623,15.201755057,15.3313000195,8.1151445653,11.0422045539,12.8133277592
64,624,15.2158854136,15.3488308711,8.3448606075,11.4000780534,11.2220469798
64,625,15.2519440042,15.4064562849,8.1238223453,11.1808578558,12.5767053977
64,626,15.3034196383,15.4380580389,8.0439950611,11.4448255515,12.5370227493
64,627,15.3180463714,15.4684681239,8.130121565,9.8026186276,12.6357585419
64,628,15.345912864,15.4724764528,8.3506906668,11.4612302223,11.8451929717
64,629,15.350290818,15.4725620133,8.2538990606,10.5698403966,12.7368197898
64,630,15.406092533,15.4725818492,8.2270534803,10.3166836852,13.2782099565
64,631,15.4288485515,15.6541743172,8.3397475767,11.0607099202,12.6634477136
64,632,15.4492757426,15.6712940682,8.2859811505,10.9147780259,11.8441635652
64,633,15.4754172562,15.67158495,8.9125910802,11.170783988,12.8861955382
64,634,15.5028961733,15.6882555343,8.562998866,11.1211043672,12.445141253
64,635,15.5300066943,15.7449838119,8.2764682667,11.3276326196,12.930043915
64,636,15.5454007519,15.7630578728,8.3887721846,11.3931587485,11.9484922353
64,637,15.5800944325,15.782733501,8.9858774688,11.6245060834,13.6797317396
64,638,15.6110144545,15.825474999,9.0216212989,11.3045709047,11.9322072758
64,639,15.6421316209,15.8355092019,8.637895668,11.660179154,12.9603486783
64,640,15.6567717634,15.8488243585,7.9666958212,11.091413413,11.9311715486
64,641,15.6683111101,15.8855913239,7.960425379,11.1632948836,13.4061043454
64,642,15.7123664427,15.888071178,7.9645858354,11.2974214781,13.368456075
64,643,15.807656422,15.8988525758,7.6576118804,11.3006896468,13.8638215408
64,644,15.8375328383,15.9136357184,8.0530017527,11.218537418,13.3593660434
64,645,15.8886857146,15.928458033,8.102785212,11.5754597595,12.8477260603
64,646,15.8934094525,15.9946426735,7.8704682545,11.2516348656,13.827207723
64,647,15.9433730461,16.0220120017,8.18461457,11.7090497698,12.3875323025
64,648,15.956520012,16.1146372718,8.1510009865,10.5127155421,12.1022397192
64,649,16.0095074838,16.1586654021,8.0765977099,11.8133818757,12.5133692817
64,650,16.0199403661,16.2147174822,8.3054932047,11.4760508259,13.8689789594
64,651,16.0358073683,16.2539316252,8.5311556813,10.9835307833,14.1749365223
64,652,16.0519576745,16.2748295431,8.4494039309,12.0253252994,13.2551417816
64,653,16.1307597765,16.3371311527,8.2127942223,11.565971002,13.5813547148
64,654,16.1400373796,16.3393617267,8.2906261364,11.3861762125,12.2485701801
64,655,16.1624961814,16.3453009425,8.3394380499,12.192266395,14.8441154251
64,656,16.189044584,16.3861057162,8.4028321638,11.805645639,12.8403556354
64,657,16.231999323,16.3918302352,8.7536511052,12.2408317192,13.4690545536
64,658,16.2459743959,16.3921634254,8.3237930559,12.0999775045,14.4498104364
64,659,16.2823765013,16.3926679775,8.752850273,11.6386990902,13.8256579461
64,660,16.2957737086,16.4145661822,8.3550062559,11.637163237,12.8728599137
64,661,16.3023907505,16.4528501705,8.5236826031,11.6719228522,13.3782512743
64,662,16.3322740644,16.4801109903,8.7644090463,11.7841611994,14.2891385012
64,663,16.3599550835,16.4815484282,8.8956622333,12.3118459156,13.8412709702
64,664,16.4221186338,16.50044846,8.9826370147,12.0189715645,13.0711010302
64,665,16.4454370782,16.5481514042,8.6791238827,12.1180827837,14.4209021727
64,666,16.4738989042,16.5486886641,8.7288822972,12.6053349328,14.1532768629
64,667,16.5070475773,16.6419901834,8.6936657135,12.4451138004,14.0861641086
64,668,16.5413830441,16.6420133648,8.8917489376,12.0733773976,12.3264220651
64,669,16.54557341,16.6575127167,9.1379108916,11.4547952569,13.7936017927
64,670,16.6043213356,16.7096415827,8.7195071762,12.1655662297,13.3115763776
64,671,16.6417667879,16.7427584941,8.9886814758,11.8092150538,13.8216891862
64,672,16.6517781582,16.7466230265,8.9904943142,12.2415071792,14.1230576277
64,673,16.6642355164,16.783236381,8.7971218127,12.7960316145,13.869387949
64,674,16.6789744186,16.836020627,8.838082913,12.4575081499,13.6767026006
64,675,16.7216688443,16.8463906009,9.1140681253,12.8063361674,13.6056786586
64,676,16.7530865406,16.8894874288,9.4727617197,12.0717736143,14.2437454637
64,677,16.8036559427,16.9396167431,9.1292826293,12.2558240613,14.4776827964
64,678,16.8747515831,16.9457837555,9.3582687146,12.8056707769,13.7010326096
64,679,16.8835551835,16.9460723945,9.2973646745,12.8584958614,13.7795917195
64,680,16.8942737454,16.9565258525,9.4319357509,12.191166762,14.7219291381
64,681,16.9538695357,16.9579080623,9.2136079643,11.8993037793,14.4307488959
64,682,17.0036290169,16.9801424898,9.3665111194,12.0692925635,14.3676583859
64,683,17.0186815299,17.0202061863,9.7236651394,12.6570512224,14.7314073604
64,684,17.0353416228,17.060283671,9.5952699466,12.3385604663,14.7489948009
64,685,17.0604353429,17.0846465709,9.4047947366,13.006486461,14.7890018282
64,686,17.1130909074,17.1233171484,9.5911088682,11.9722876294,13.6266223397
64,687,17.1297395346,17.1644389213,9.6101761458,13.0997357717,14.3473937728
64,688,17.1469398598,17.2008837376,9.474462756,12.6102169461,14.6049591969
64,689,17.1681633504,17.2284618063,9.6288542539,11.8030824415,13.7578543128
64,690,17.1877741327,17.3019626842,9.5661931946,12.783359738,14.0933534755
64,691,17.2020650264,17.3022073061,9.7181410734,12.9059783846,14.7668026808
64,692,17.2591280683,17.3072809697,9.7845606229,11.9992359918,13.1324189473
64,693,17.3132036351,17.3587562235,10.099276906,13.1820757577,13.7761440039
64,694,17.3228969334,17.3649664742,9.700428439,12.9045277647,14.4681713064
64,695,17.3553473577,17.3849185364,9.9702039808,13.1191494349,13.3678820805
64,696,17.3990520154,17.3868167423,9.9804258914,12.8728395398,14.5606744073
64,697,17.4657698343,17.3897868199,10.0605156881,13.5408379943,14.0972506655
64,698,17.4846925246,17.4366098643,10.1866100055,12.4906084824,14.6954348353
64,699,17.499798771,17.4790460934,10.1821419203,13.3255498798,15.3035948053
64,700,17.5175455831,17.484372891,9.8492668187,13.125276441,15.0216397692
64,701,17.5628543201,17.4976426088,10.5707037787,12.8195434397,16.3591406136
64,702,17.6066125075,17.5831367859,10.1415165549,13.6082222666,14.1511243766
64,703,17.6330632584,17.5975437072,10.196594353,12.554194722,14.4022891155
64,704,17.6395714895,17.65097468,9.1873662959,12.7216752754,15.7090171484
64,705,17.6730284178,17.6520708642,9.4628506117,13.0520247302,14.5741206041
64,706,17.7041236929,17.8094967437,9.3508868434,13.4406981649,15.3551084731
64,707,17.7271682085,17.809548534,9.3726568937,12.9568796643,14.5970052899
64,708,17.7794949769,17.8790166191,9.3964631024,12.921639001,15.2698768724
64,709,17.7940605564,17.9874441389,9.6611828931,13.0126734045,13.2971651452
64,710,17.8318304336,17.9932071103,9.5543916672,13.2571785586,15.2179186625
64,711,17.860106068,18.0023623994,9.5580627237,12.7523298933,15.5440775318
64,712,17.8923373629,18.0153728228,10.0337668896,13.0722246485,14.3698043367
64,713,17.9402864476,18.0155912829,9.7941192345,13.2038095838,15.3796535709
64,714,17.9737759556,18.0155941189,9.7715708439,13.6956966911,14.4867180778
64,715,18.0057664876,18.02664441,9.9103661152,12.4343449081,14.8577225458
64,716,18.0229070652,18.0855118274,9.5723938845,13.1506620763,14.8301750435
64,717,18.0452540834,18.0907837217,10.1070048705,13.4594454028,15.0955658053
64,718,18.0837475273,18.1225787541,10.2521268258,13.1905362829,14.3280134996
64,719,18.0885587033,18.1226389129,9.9813767703,13.8064568057,15.7619963474
64,720,18.1351389487,18.1922953667,10.0321001345,12.9808317672,15.2921644812
64,721,18.1792004072,18.2415005715,9.5945357958,13.3879461322,14.1521193367
64,722,18.1930491597,18.2775211718,9.8849883081,13.3844277879,16.372821617
64,723,18.2608075657,18.3832992367,10.2334235252,13.7541113344,14.8582807519
64,724,18.2986841555,18.383752911,10.4157231983,14.1011796737,15.2863697048
64,725,18.3188039617,18.3890584848,9.8936544475,13.9258439037,15.8086437334
64,726,18.3319817343,18.394422531,9.9812107737,13.9993268076,16.168507927
64,727,18.3459151301,18.4427008128,9.9853177834,14.160605765,14.3442591795
64,728,18.3718527519,18.4427219617,10.4115651596,13.3702279266,14.6895126058
64,729,18.4094604509,18.6462787284,10.3389665777,13.4444374001,15.0556225695
64,730,18.4279345113,18.6843413747,10.4404124671,13.3424634889,14.67002917
64,731,18.4589007336,18.7531236077,10.2742718909,13.3964827789,14.6525841034
64,732,18.4975297492,18.8183670923,10.5222171337,13.7996650784,15.5973369769
64,733,18.5373528727,18.8217836005,10.3344624534,13.6475209363,15.3938843202
64,734,18.5541664245,18.8221579107,10.363693817,13.8199018977,16.0380106164
64,735,18.5799662723,18.8422419769,10.22630324,13.6799134425,16.3438186376
64,736,18.6121084539,18.9175860142,10.5377415904,13.9386478682,15.8316930413
64,737,18.6391086388,18.9681851473,10.7099704786,13.7359122858,15.332924786
64,738,18.6744780399,18.9727197915,10.8294658637,14.4743209881,14.9808004389
64,739,18.7071181677,18.9748221863,10.5981533711,13.4645859769,14.8397396314
64,740,18.7382083455,19.0270659537,10.8106405552,13.7352272555,13.7748261866
64,741,18.75738294,19.0276084297,10.4574930749,14.057124747,15.6484738862
64,742,18.8012291181,19.0333694124,10.7300410685,13.6952776083,16.3584479187
64,743,18.8545120574,19.0403549047,10.7909840141,14.1122683036,15.8168702013
64,744,18.8806214094,19.1551311478,11.082220396,14.8527482183,16.2301430631
64,745,18.9070485893,19.1890809499,10.6413217409,13.8926717556,15.5766508993
64,746,18.9452520782,19.1890984506,10.6618002634,14.6500109848,16.2396578209
64,747,18.9991712357,19.2245605257,10.9197723395,13.8786746782,15.3522185215
64,748,19.0119971405,19.2565669021,10.8475185519,14.3048244589,16.0803825088
64,749,19.0475202264,19.2734808573,11.3028360316,14.559283822,15.8817555117
64,750,19.0685195743,19.2768197932,11.1925286846,14.268496209,14.7670081186
64,751,19.0948726248,19.2813740752,11.3167488042,14.167042443,16.3135138451
64,752,19.1033051108,19.3031562607,10.8198110252,13.8991808135,15.4840060364
64,753,19.1114366428,19.303183461,11.3413268378,14.0382708908,15.4081829117
64,754,19.1448016735,19.3739716942,11.1356353016,14.5620058794,16.2784677117
64,755,19.1794798945,19.4182889902,11.2807449541,14.6626620031,15.6550996673
64,756,19.2355560611,19.5322345208,11.1482263571,15.3247181924,16.121235061
64,757,19.2527417374,19.5399574244,11.2057157372,14.4872693735,16.6695440028
64,758,19.2671116665,19.5405659562,11.5553884104,13.4623846527,15.6617205279
64,759,19.2838581749,19.5706416586,10.8529042963,14.7984020679,15.3111677922
64,760,19.3098887248,19.7370373334,11.4893301451,14.580297425,16.6612179095
64,761,19.3459206556,19.7394967807,11.3135438154,14.5904719831,16.8525418856
64,762,19.3554167222,19.784055292,11.6609281667,14.8005207365,15.3676429124
64,763,19.3975756198,19.7959163985,11.5804981224,15.463367014,15.4902819464
64,764,19.4114735768,19.817713065,11.6768015141,14.6601921654,16.4971125546
64,765,19.459145451,19.9109950111,11.6635616397,15.4064186637,15.0012356654
64,766,19.4964829524,19.9754515037,11.4238904046,14.6343219244,16.9042014413
64,767,19.5232765067,19.9763860255,11.6700585225,15.7103090217,15.4020002129
64,768,19.5835488739,20.0734627405,10.9119697927,14.6432236513,16.7861041524
64,769,19.6071475918,20.0888114769,10.5184574455,14.6979400952,16.4842956146
64,770,19.6380160014,20.1337775704,11.0398104473,14.911955844,16.9860591236
64,771,19.6717067021,20.1386259336,11.0743426366,15.3369291609,16.3611852041
64,772,19.6943820087,20.14384509,11.093526496,14.7600881526,17.3276533244
64,773,19.7095060053,20.1446629443,11.0939696914,14.746689567,16.5833954526
64,774,19.738498496,20.148631246,11.1297804716,14.8938023005,16.6929921749
64,775,19.7690979899,20.1507158799,11.2357045423,15.2966171861,16.8300146964
64,776,19.7762037355,20.2305540512,11.3329857621,13.9648868542,16.7028871518
64,777,19.8305864368,20.259599241,11.2757443281,14.5282863177,16.0246535806
64,778,19.8869425799,20.2627840002,11.7650951009,15.0683064119,16.3199930181
64,779,19.8919101519,20.2940730813,11.4715318008,15.2866308925,15.698337344
64,780,19.9535162294,20.2981108666,11.5912737251,15.7828589537,17.4528441564
64,781,19.9696712485,20.4803448473,10.9216671939,14.9262738985,16.7328270147
64,782,20.0157408565,20.4922625005,11.3413231663,14.8419252458,16.0986183722
64,783,20.0288486801,20.4928950866,11.4914836079,15.3901625488,15.5798993568
64,784,20.0478331663,20.5654862521,11.7364928801,15.3630477707,15.8209447101
64,785,20.0924749975,20.6436649849,11.5784408443,15.2620361016,16.6768214354
64,786,20.1357055457,20.6456498342,11.6625698174,15.0471151679,16.6093225967
64,787,20.1410257601,20.6780122775,11.7319210313,15.6698971607,17.1298024468
64,788,20.1586728217,20.6802580404,11.6716009563,14.6901717022,15.9660586816
64,789,20.1915376157,20.6953696121,12.1330219493,16.0418385007,16.0660404058
64,790,20.230641281,20.7546355617,11.8578986087,15.4247053557,16.1820319727
64,791,20.2752437959,20.7547419861,12.0135274193,15.7156881199,17.6764581523
64,792,20.2927333702,20.8077813306,11.4902621275,15.2473437871,17.5838789061
64,793,20.3569853854,20.8221231867,12.1916516774,15.407036246,17.5600607116
64,794,20.3762698617,20.8227200859,11.9412583545,15.5999453376,17.7945459751
64,795,20.4135179397,20.8229437348,12.0646604309,15.4983527703,17.7664828053
64,796,20.4409206265,20.958764914,12.0579598945,15.372913077,17.3402459066
64,797,20.4553730754,21.0206729794,11.9183658229,14.7731888456,15.9716236928
64,798,20.4910323169,21.0356976084,11.9955180383,16.3999631631,17.4439099986
64,799,20.541830469,21.0520936264,12.137779187,15.9267614729,17.0098615374
64,800,20.5952538707,21.0796243887,12.1511968996,16.6252767204,14.858597676
64,801,20.6001057179,21.1011273153,12.5792031865,15.4749802715,16.5585810501
64,802,20.6544148236,21.1011347085,12.2386924069,15.3291013185,16.7723551561
64,803,20.6804076786,21.1488477713,12.3894466781,15.7062823487,17.3556270812
64,804,20.6878804406,21.2002260192,12.2974742642,16.0163790366,16.8091371148
64,805,20.7131429964,21.2066639783,12.3864096131,16.0946692106,17.9795593934
64,806,20.7306687715,21.2066958124,11.988029175,15.341774931,14.1885129126
64,807,20.7874222764,21.258704337,12.7182316293,14.9923718226,17.5695531921
64,808,20.8073845843,21.2589779938,12.3892802536,15.5788768407,18.8281092679
64,809,20.8179121817,21.3102155534,12.5071756383,15.8309988466,17.864445476
64,810,20.8774500875,21.3128864854,12.5627243934,15.5724729541,18.0682002232
64,811,20.897828858,21.3210242063,12.9301637973,15.4095519212,18.0527097818
64,812,20.928101515,21.3238075265,12.292998174,16.0427781634,17.8096370567
64,813,20.972064599,21.3863559655,12.7199014049,15.7042336948,18.1470072561
64,814,20.9973698463,21.4038023037,12.8984189921,15.9576330333,18.1362705498
64,815,21.0428437949,21.4676149977,12.9266694777,16.0347246371,17.5278619691
64,816,21.0582895826,21.473924045,12.6302130998,15.9321779421,18.32043985
64,817,21.0987571008,21.4829303454,12.7104148319,15.8568088104,17.6859797735
64,818,21.1302797709,21.5208215282,12.9210959879,16.3903794056,16.9600664548
64,819,21.1849664948,21.525562588,12.7879696161,16.8581387126,17.2193940513
64,820,21.1921940346,21.7114962117,12.8405226353,16.4615269368,18.1080617865
64,821,21.2096204358,21.7678493269,13.0150487316,17.248054725,18.4183171323
64,822,21.2413345102,21.7799553986,12.7715268588,16.9921358234,18.6543963416
64,823,21.2787564094,21.7865073563,13.2955302837,16.0554236112,17.8744631828
64,824,21.3093146534,21.8273095116,13.0511984571,16.922684685,18.1629591206
64,825,21.3226668484,21.8278285024,13.1024251028,15.8600708469,18.7214775782
64,826,21.3551973648,21.8317263446,13.0955953847,16.5447467297,17.1222113872
64,827,21.3720435032,21.8317742341,12.8515718166,16.8950922027,17.5841256878
64,828,21.4294150439,21.8330517344,13.5307771656,16.7129681003,18.6497858567
64,829,21.5073763226,21.8334077127,13.2952167691,15.9116421209,17.9494017469
64,830,21.536751864,21.8429853775,13.4166110099,16.2715955488,18.1708494713
64,831,21.5683037927,21.8631528119,13.3782466163,17.420218845,19.0225417104
64,832,21.6065848963,21.8820561483,12.8824359617,16.7826250946,18.1405739901
64,833,21.631471785,21.8935975598,12.9527549323,16.5344561483,17.9951980381
64,834,21.6527011504,21.925558299,12.742951252,17.4126023615,18.7028598906
64,835,21.664760257,21.9502252083,12.8222284315,16.2907717925,16.9494679478
64,836,21.6933580829,21.9858516227,12.5887357467,17.2056133719,18.7233483929
64,837,21.7397723233,22.0454012225,12.9150867808,16.7625869007,17.2698262481
64,838,21.7597759777,22.0603381711,12.9961863609,16.7234500005,18.8217216911
64,839,21.7746321368,22.1064449328,12.986031643,16.8967352417,18.8406050331
64,840,21.8105780782,22.1379076807,13.1312042526,16.8437533144,18.5879222527
64,841,21.8789218953,22.1867272615,13.3474194428,16.1876512688,18.1636151894
64,842,21.9037991478,22.1878454795,13.3377802945,16.7298545029,17.5555163671
64,843,21.94267232,22.1887682129,12.5574105461,16.2736793992,17.838167248
64,844,21.9788657398,22.200669983,13.4427427957,17.1617409303,18.4602641836
64,845,21.9944904073,22.2399300956,12.7635796496,16.9876644152,18.2786732505
64,846,22.0204157459,22.2405990718,13.1357000994,16.3027292879,20.2321779011
64,847,22.0562484862,22.2745398836,13.2557200181,16.6978249595,16.0561138012
64,848,22.0995264929,22.3198035571,13.6843047048,17.3820967772,18.036637245
64,849,22.1269988127,22.3335530525,13.2165349249,16.1877783729,18.6168736949
64,850,22.134832387,22.403750867,13.498196476,17.2334876855,18.959350727
64,851,22.1521797692,22.4422337262,13.8634526338,16.9701638965,18.9027851638
64,852,22.187573074,22.450330003,13.4178003353,17.655049358,19.175987423
64,853,22.218721869,22.5062051531,13.8919181235,16.6139708183,18.0961079781
64,854,22.2606816642,22.5068068468,13.2127326968,17.4558249029,19.2947614039
64,855,22.2719858023,22.6610214955,13.1805526736,17.3515187619,18.6593248409
64,856,22.3014914439,22.6617977895,13.6411347396,17.0106923476,19.0215797749
64,857,22.3466230962,22.6667102815,13.8279818069,17.8419080827,19.1654153459
64,858,22.3651268049,22.6668987034,13.5562941478,17.5073248551,17.5270795718
64,859,22.3974354669,22.6972581915,13.5135188463,18.0170346416,18.9140235435
64,860,22.4401317977,22.7020073906,14.0240078066,16.8381940302,18.3385152006
64,861,22.4777621301,22.725291077,13.6950534653,17.620886866,16.8175764822
64,862,22.4963269977,22.8014840188,13.811639658,17.7788013267,19.1326608415
64,863,22.5232733824,22.8049033388,14.1661067353,17.1930259561,19.8310558791
64,864,22.5574564621,22.8094706624,13.9963601537,17.6014038538,18.8870740521
64,865,22.5744099567,22.8352061634,14.1532548707,17.4932541441,18.5800547371
64,866,22.6547630258,22.835812917,13.85221267,17.1653913187,19.7221359419
64,867,22.677325893,22.8997679137,14.5155858708,17.4204717127,18.8491931496
64,868,22.6938459034,22.9796630831,14.1514331028,18.1146178429,19.1928098708
64,869,22.7378462887,22.9796637403,14.3176175323,17.9991918105,19.3362313087
64,870,22.7497765074,23.1047136088,14.2574292712,18.2018390197,20.2336848724
64,871,22.7641298956,23.1047147435,14.4082015409,17.5166020449,18.1326809071
64,872,22.8028702648,23.1112085448,14.3974839479,17.9061533234,19.8958701372
64,873,22.8411230015,23.1122400203,14.6292792245,17.8713648652,18.4128241836
64,874,22.8774218223,23.1206915947,14.3679845752,16.9694582797,18.9958829749
64,875,22.9129240837,23.1698953511,14.4818346178,17.5184024565,19.3996135096
64,876,22.9501247153,23.1755194971,14.8711730719,18.4340441318,19.6092799765
64,877,22.9748234854,23.1835938493,14.4414200257,17.9920994282,20.3188034765
64,878,22.9927962181,23.2194726666,14.7383925163,18.0228676597,20.0420159767
64,879,23.0525082152,23.2213571945,14.5012467635,17.7379258432,18.5456217739
64,880,23.0967177727,23.2218190908,14.5817971941,17.4974017524,20.1662797719
64,881,23.1553606813,23.2965622103,14.6798156809,17.8166754495,19.4470562691
64,882,23.1643539523,23.2968256485,14.7235532078,18.3167922561,19.6782461959
64,883,23.1880986555,23.3373006161,15.1206984227,18.4796940584,18.7315309256
64,884,23.2295615491,23.3780305584,14.9345059677,18.3262686672,19.9483456649
64,885,23.2780448433,23.4743656798,15.0917271614,18.5851111362,19.9990909757
64,886,23.2950978213,23.4755654191,14.7718200221,18.6874429253,20.4994808022
64,887,23.3130636415,23.4765357554,14.8478051022,18.6059189009,20.3066551607
64,888,23.3247448709,23.488771617,14.9853327031,18.2052496781,18.6475111083
64,889,23.4118976563,23.5554379945,14.8459537336,18.8476050857,20.8611749708
64,890,23.4253071438,23.5816714162,14.7499141723,18.3051728176,18.9886971679
64,891,23.4481518408,23.7391561554,15.1766898651,18.0538664908,17.8046895995
64,892,23.4647793191,23.7629328223,14.9390669452,18.2481492397,17.7865973284
64,893,23.4951436453,23.7878862047,15.2024820218,18.4406936652,19.5208687561
64,894,23.5330703081,23.8084280759,15.2942681574,19.0634114105,21.3413342673
64,895,23.5534659771,23.8154845191,15.2539627787,18.3696122416,19.9623919856
64,896,23.6166430487,23.8393200534,14.2047322855,18.8934500526,21.7983824819
64,897,23.6219284362,23.843486611,14.9913378899,18.7597559397,20.9829306673
64,898,23.6910304835,23.8435410627,14.4928333723,18.622575142,20.2069251066
64,899,23.7293393447,23.8752480539,14.9178705122,18.4483501548,20.0707437599
64,900,23.7751234453,23.8774878347,14.9673974383,18.6477562619,19.9693780769
64,901,23.7897642704,23.8785965671,14.7557605951,18.6514961758,20.2848076274
64,902,23.8205257696,23.8812691223,14.9647127613,18.2045674848,19.494295353
64,903,23.8551851877,23.9757794095,15.1790876063,19.4616589573,21.4598099489
64,904,23.893214546,23.9757942473,15.0344875686,18.7098234715,19.8002076644
64,905,23.9273499282,23.993152517,14.6928757404,19.1029799541,21.6204076251
64,906,23.9552827193,24.0779514685,14.5711392174,18.7151018574,21.4040517901
64,907,23.9929696888,24.1221205256,14.7232490488,18.6508888057,19.4923407631
64,908,24.0124970853,24.1245722103,14.9028830819,18.6208062882,20.0660672079
64,909,24.0341118802,24.1272787408,14.8288126196,18.1183515681,21.147956716
64,910,24.0482282914,24.1273238072,15.1532816481,18.334859482,21.2076719279
64,911,24.0620891482,24.1273998248,15.5164065405,19.1529303512,19.5886720687
64,912,24.1010535047,24.146683253,15.0407530409,17.8337607667,20.8602055308
64,913,24.139353854,24.1677106105,15.4780257714,19.3161121135,21.9331591351
64,914,24.1699598724,24.1715398483,15.5068169736,19.19270209,20.3834024404
64,915,24.2073294185,24.2280055623,15.2145982869,19.0387502812,19.9405304297
64,916,24.220401444,24.2491977074,15.4763766798,18.7320512772,19.5670538864
64,917,24.2451868803,24.250947985,15.8202398029,18.9957536442,22.1896889852
64,918,24.3188115662,24.2537929454,15.3547874996,18.8596479743,19.0073368451
64,919,24.3372451282,24.2548659462,15.707654543,19.7667601916,20.9443729439
64,920,24.3628879277,24.3037282597,15.7707877506,19.2747894568,20.4547901787
64,921,24.4027699268,24.4697340188,15.3396326964,18.9049749437,21.1361446873
64,922,24.4349480903,24.6478555353,15.430676671,19.3821451504,21.3370914926
64,923,24.4412989602,24.6485764618,15.7456077742,18.4310831609,20.4750103105
64,924,24.477275906,24.6777097234,16.164474201,19.6066446571,21.8747341331
64,925,24.5111083625,24.6785454648,15.7833569783,19.8083300747,21.1119421406
64,926,24.5455802279,24.7405030675,16.3127335345,19.7469911635,20.4884417106
64,927,24.5822763441,24.776355547,16.0467268982,19.5746049246,20.7155630949
64,928,24.6088176084,24.8285965668,15.847517998,19.1523139751,18.7844140633
64,929,24.6347239687,24.828860225,16.1337490495,20.0487327734,19.7120850744
64,930,24.6598516157,24.8325999628,16.043103943,18.7483371944,20.3582953008
64,931,24.699735821,24.8586069265,16.3401616445,19.5741635159,21.802971663
64,932,24.76748827,24.8835351575,16.0458417841,19.8111117567,22.0808933469
64,933,24.7991485655,24.9680011174,15.9903970058,19.0780763372,21.7204237422
64,934,24.8123990862,24.9759400511,16.0213081082,18.9322770694,21.1036822068
64,935,24.8233245416,24.9865377159,16.4464459674,19.4486865877,21.3366300956
64,936,24.8566437204,24.9877547782,16.0820068597,20.3332378151,20.2834630572
64,937,24.8721832156,25.0264755698,16.485212318,20.1640279398,21.0329145311
64,938,24.9057060022,25.1278644313,16.5608007191,18.627873269,21.3384826554
64,939,24.9374371214,25.1531800086,16.3380110781,19.5530795768,21.1146063382
64,940,24.9685333583,25.2646923441,16.3475336835,20.6132611867,22.4856052315
64,941,24.9923677894,25.2664738087,16.459913809,19.6427002753,21.6768584511
64,942,25.0157735774,25.2785822657,15.8006412399,19.857482373,19.6040338914
64,943,25.0668663639,25.2933194144,16.5654743069,19.6535601462,21.289515807
64,944,25.075154921,25.3050525529,16.9564869363,20.2615762916,19.8663769466
64,945,25.0955560234,25.3278555271,16.4536313753,20.2556782162,21.7190435981
64,946,25.1395821026,25.3302400064,16.8685641526,20.1613554343,21.1675333995
64,947,25.164004595,25.4151074945,16.6772101013,20.3844244922,21.2404189262
64,948,25.1768901046,25.4409529396,16.7874734528,21.3388438092,21.2074931533
64,949,25.2065221414,25.4498560825,16.9420928068,20.7236734581,21.7966297506
64,950,25.2668123303,25.4587745192,16.7683919036,20.2364962219,20.0039439524
64,951,25.3259212435,25.460325683,16.9174961205,20.9312923682,20.9220248971
64,952,25.3276026971,25.4631058514,17.1114949991,20.6585433996,21.7420267757
64,953,25.3597836625,25.5317515839,16.647590412,20.6887075702,22.3261079745
64,954,25.4122607746,25.5616765498,16.9281466469,20.4954283995,21.5878485647
64,955,25.4245696311,25.6213874485,17.2090457092,20.4081511737,23.589819824
64,956,25.4855965514,25.715945127,16.9341010592,20.5737476344,22.2203821
64,957,25.4929371605,25.7238329425,17.2061217311,21.2199863352,22.2343471384
64,958,25.5798359626,25.7289924718,17.1064756525,20.1937131055,21.8505512411
64,959,25.6169506858,25.7633400274,16.8300064955,19.6291492687,22.662418727
64,960,25.6344062249,25.7803182875,16.7954408446,20.8252905305,22.0174376417
64,961,25.667315044,25.8480317577,16.6227839013,19.538394438,22.2048101305
64,962,25.6951600491,25.8484220449,16.7842462232,21.2199806006,22.8203261167
64,963,25.7428862235,25.8975900963,16.6456652483,20.2509768366,22.8484800877
64,964,25.7540978664,25.8989622337,16.9714653721,20.5376339122,21.3190394894
64,965,25.7935692507,25.9123562395,16.8245990499,21.1007378514,22.5526963865
64,966,25.820712003,25.9482529624,16.9220058808,20.4271285764,22.3502410162
64,967,25.8346761196,25.9596882184,17.3684291426,20.8294752272,21.5643649497
64,968,25.8783190462,25.9606654517,16.6077185014,20.8809560387,22.435588817
64,969,25.9040664686,26.0389981384,16.9004415983,20.7543311936,23.1042306856
64,970,25.9303959834,26.0417761182,17.0973666897,18.4231569349,22.2282473457
64,971,25.9604355504,26.0932951175,17.0909969138,20.9060111378,21.4184139975
64,972,26.0320687406,26.1340789078,16.9346638965,20.7012906802,19.7165584059
64,973,26.0546958633,26.1475798122,17.1453540998,21.7569208982,22.5342170882
64,974,26.0738135579,26.1475891874,17.584987472,20.7401597094,22.1102016191
64,975,26.1393103327,26.2873841949,17.1133130027,20.5865938811,20.8925471423
64,976,26.1722902118,26.2992068151,17.0340036391,19.7411960287,23.3000609622
64,977,26.1963859595,26.3071236449,17.1443862188,19.8446470428,22.5305810209
64,978,26.2194374912,26.334580924,17.5237836268,21.5587687192,23.3871196941
64,979,26.2472098355,26.3349419864,17.3577861135,20.5389410492,21.6814846193
64,980,26.2582023705,26.4489822421,17.3673610918,21.1658028557,22.1515877915
64,981,26.2978263722,26.4635721289,18.0638008062,20.9020793788,21.3184696239
64,982,26.3498801161,26.489758481,17.0039087473,21.7957765088,21.7339049897
64,983,26.3589744432,26.4915501695,17.1069966651,21.4069527196,22.5085021111
64,984,26.3727961372,26.6011044078,17.984142591,21.2978815922,21.8302454031
64,985,26.4385938173,26.6013636259,17.8161338647,21.9443167341,23.0178092328
64,986,26.4759925194,26.6163327141,17.8669180049,21.0394738053,22.5509488751
64,987,26.4830340624,26.6166343182,17.9473056378,20.8761973975,22.4778803061
64,988,26.5100913691,26.6168365003,17.9246447902,21.8802897471,23.3099848224
64,989,26.5412636542,26.6886274636,17.6548807753,20.6402474864,21.5937123407
64,990,26.5645416715,26.7641809703,17.8433968812,21.3658220944,22.0299058841
64,991,26.5731318485,26.8036128741,17.4956726081,21.9497101804,23.718846423
64,992,26.6037262635,26.8055053344,17.9674930478,21.9847037413,22.8677176942
64,993,26.6991298812,26.805774919,18.065271269,20.6736305359,22.2550128906
64,994,26.7052623176,26.8899282926,18.3013717269,20.7038686809,22.3307813174
64,995,26.7359759732,26.9449716614,18.1054316989,21.126483229,21.9120236537
64,996,26.7540058337,26.9561862126,18.491358913,20.9358408149,22.9249900653
64,997,26.7891186389,26.9675709398,18.2130242011,22.6557793,23.8342207798
64,998,26.8108857519,26.9686390335,18.3033854795,21.7011605962,23.6924423247
64,999,26.8323136086,27.0010155046,18.0709489461,22.2099448088,23.7301996829
64,1000,26.8651189008,27.0374355604,18.3894244102,21.8943795972,24.1308695315
64,1001,26.9094696398,27.0379872185,18.4427016034,22.383528633,23.5694806695
64,1002,26.9537764242,27.0417651767,17.7941946933,21.7181793335,22.3611878531
64,1003,26.9848460855,27.0443324672,18.235055961,21.6575609218,23.0323432342
64,1004,27.016931937,27.0503745694,19.0575027954,21.0998241158,24.1770231215
64,1005,27.0457910581,27.0890429479,18.6353775568,21.6622966109,24.2164585895
64,1006,27.0816554775,27.0948702377,19.0279686445,23.0221861278,23.5161852059
64,1007,27.0967000709,27.0954476931,18.452497035,22.6135249453,23.3163712219
64,1008,27.1339806936,27.129623473,18.6020814746,21.0917593616,23.5278815726
64,1009,27.167332245,27.19169724,18.645376109,22.0827046972,22.7808233967
64,1010,27.2132392131,27.3753329646,18.3658481817,20.4519300202,21.9988297502
64,1011,27.2245240635,27.375791141,18.8844565755,20.4935945307,24.0445388157
64,1012,27.2661516603,27.4279167277,19.1257519546,21.3377950228,23.6653756874
64,1013,27.3194110785,27.4514721065,18.8760754183,22.0653511064,22.3645179745
64,1014,27.3225452073,27.4515228174,18.6660590974,22.0010084442,23.1247590553
64,1015,27.3303498044,27.5114748872,18.8557957227,21.6299713535,25.1992120589
64,1016,27.3584515712,27.5328582452,18.7494404145,21.6635539764,23.3504056613
64,1017,27.4034805389,27.5981736276,19.5862321682,22.0007917399,23.5161094653
64,1018,27.4295826697,27.6647188529,19.0490373555,22.7618817932,22.7563660775
64,1019,27.4825333371,27.6689952154,19.0002942248,22.3967091474,23.7455661136
64,1020,27.4946384185,27.6737780016,19.2993174326,23.0590593877,22.3773660371
64,1021,27.5029146043,27.6816920743,18.8694626924,23.0986736699,21.6085306529
64,1022,27.5362827843,27.6874361442,19.296770166,23.1121734699,24.7702518118
64,1023,27.545022392,27.6992809218,18.8028862442,22.9295305199,24.6555572945
64,1024,27.6345220296,27.7272755865,18.8665216931,22.2835149616,24.1287826024
64,1025,27.6482451217,27.7438444442,18.337426673,22.3631336922,23.7823310425
64,1026,27.6816838077,27.7503259539,19.1867657911,20.6098323834,24.2592589093
64,1027,27.7266275581,27.7779922578,18.7325305535,21.2448696229,24.19585953
64,1028,27.747393492,27.7990891012,19.1772064182,21.7480326576,24.3018016344
64,1029,27.7962703473,27.8273992704,19.1143512766,22.4505924452,22.6710561807
64,1030,27.8051498456,27.8365551926,19.0854591901,22.6567397587,24.0592869654
64,1031,27.8283923882,28.0019231314,18.8673468082,22.8680879502,25.427419559
64,1032,27.8481444001,28.0047811137,19.2636193661,21.5524219988,23.7377922038
64,1033,27.8732184218,28.0406922693,19.6246875775,22.0937675687,23.7919972821
64,1034,27.9257792462,28.0564300451,19.2523505415,22.048157705,24.3126345917
64,1035,27.9487070939,28.063345583,19.1183905292,22.6679048247,25.4277294082
64,1036,27.9935904694,28.0633460943,19.382934524,22.4012515544,23.2805893679
64,1037,28.0412132945,28.0639927766,19.0931570359,22.1085010192,23.3464503055
64,1038,28.0573424065,28.1354433278,19.3071247331,21.9059161659,22.2356597313
64,1039,28.067229463,28.1802820662,19.3949328967,20.9696969262,23.4754769162
64,1040,28.0894408079,28.2095702202,19.3824071298,22.4561164948,25.850932742
64,1041,28.1072376846,28.2098481774,19.5663080616,24.2967959734,23.813174712
64,1042,28.1407790662,28.2426868995,19.6367610379,22.8065434354,24.2158858525
64,1043,28.1740908161,28.2883122531,19.859950718,23.6268089565,24.5103313346
64,1044,28.2007092617,28.2895480508,19.6741080752,23.0358849539,22.7532165882
64,1045,28.2628185022,28.289873297,19.3164160114,23.2270628938,24.2936020085
64,1046,28.2636967574,28.3033550364,19.8722629562,23.5236282816,24.9648510239
64,1047,28.2832758306,28.3033550489,19.7132557759,22.8517626642,24.938972468
64,1048,28.3119170302,28.3276110678,19.6403771317,21.4242656448,23.7442625014
64,1049,28.3656808108,28.334095485,20.1376285929,22.9220552132,24.8726229602
64,1050,28.383184968,28.4850633369,19.9342988352,21.9668817041,24.1487424627
64,1051,28.4235852125,28.5419456835,19.8666970546,23.7280911709,24.344318163
64,1052,28.4808624841,28.5419694,20.3727687895,23.1664771902,25.2138898438
64,1053,28.4964026419,28.5515184461,19.7880447275,22.8701817965,25.3251421443
64,1054,28.5219130447,28.6503245629,20.4597056293,23.1813093854,23.5090582476
64,1055,28.5927955648,28.6512756104,19.6444755568,23.5848241962,23.8143136816
64,1056,28.6133511267,28.6582031415,19.8770083019,24.1582397793,24.3085422343
64,1057,28.6511159202,28.6959849084,20.6731572374,22.884641547,24.8743605075
64,1058,28.7028783431,28.6979376112,20.8180387968,23.6705004374,26.5456277093
64,1059,28.7425691357,28.7249114666,20.0859506462,23.4723066574,23.7857478932
64,1060,28.7758692948,28.7249138654,20.4158679591,24.1206012967,25.9746842304
64,1061,28.7939347976,28.731717372,20.4103983778,23.8691713979,26.0975565732
64,1062,28.8258373403,28.7402728262,20.3678243997,24.6409336382,24.202802679
64,1063,28.8407496034,28.7460468785,20.6996349896,24.7477221997,25.6819784583
64,1064,28.8759831535,28.8478309892,20.2709352865,23.7956199061,23.9362162746
64,1065,28.9076749809,28.862792062,20.3353190719,23.2701552959,24.5652494079
64,1066,28.9449673912,28.8628452861,20.2958132423,24.2821662207,24.1242168065
64,1067,28.9838007532,28.8642670827,20.6558622996,23.6110993661,25.5917816858
64,1068,29.0040106387,28.8900129874,20.6866870877,23.0570613763,25.7388496147
64,1069,29.0442646293,28.9902294575,20.4662118061,22.733640114,25.8309733798
64,1070,29.0737534007,28.9964531378,21.0125634896,24.0349729379,26.4289954581
64,1071,29.1103283371,29.0057177479,20.6025502073,23.9378906243,26.1511231449
64,1072,29.1243929723,29.0264172614,20.7358649025,23.1899529975,25.1116829331
64,1073,29.1527926759,29.0687999137,20.4427297372,24.1849187862,26.4763564111
64,1074,29.1670864578,29.0698132004,20.585597211,24.2121618055,24.5690420386
64,1075,29.2065011959,29.0701253993,20.5549723769,24.3840279361,26.112713913
64,1076,29.2257523026,29.1367930724,21.0328793099,23.4671083695,25.1358027155
64,1077,29.2499344534,29.1394104942,20.9286052743,24.6436896509,25.3816949679
64,1078,29.3185599215,29.1755070504,21.0703522714,24.0279761309,23.6173176786
64,1079,29.3532434476,29.194778193,21.0212512373,24.3397173758,25.0149200728
64,1080,29.364632337,29.1955543909,21.0987180143,24.5837873383,26.9971601111
64,1081,29.4062437103,29.1996158976,20.7169173744,22.9950647349,24.5806482179
64,1082,29.4266176997,29.2002560806,20.7086607542,24.3699056283,25.1046138892
64,1083,29.4351688371,29.2793137913,21.5212465105,25.0285460227,22.9771106934
64,1084,29.4783424255,29.3638619078,21.5953922174,25.1972682419,24.8990900722
64,1085,29.4984470472,29.3676712497,21.2001237439,24.3792303274,24.3693797486
64,1086,29.5610948881,29.3863460037,21.6575737617,24.9235091167,24.446995213
64,1087,29.5729575167,29.5137167103,21.3407153603,24.451034039,24.214294179
64,1088,29.5977232734,29.5179098521,21.3080481515,23.7852869643,26.354768095
64,1089,29.6235909521,29.5628230972,21.2690277802,23.8648594937,26.1146990774
64,1090,29.6672396448,29.5714559214,21.3238214213,24.291151376,25.834721408
64,1091,29.7183554663,29.5803643101,21.2592360723,23.5225470093,25.1020296783
64,1092,29.7316934414,29.6179011367,21.3544455912,23.764169589,25.3883080823
64,1093,29.7715232715,29.6181806403,21.3995221577,24.0695575147,23.8557101667
64,1094,29.7990036642,29.698879758,21.3315188063,24.1446931538,24.6024452517
64,1095,29.8154718243,29.7157156625,20.8995575331,23.9097430657,25.2572251566
64,1096,29.8522283784,29.8133850017,21.415663117,25.1513796276,25.9477887074
64,1097,29.904092161,29.8645917143,21.3044129733,24.7050187181,25.3680808255
64,1098,29.9420336654,29.8868960312,21.3403453512,24.3530979375,26.4981890896
64,1099,29.9626865041,29.8900123384,21.6966534663,24.3689761742,24.940607218
64,1100,30.0046631454,29.9199450117,20.9898003354,24.997180527,26.351185761
64,1101,30.0330599383,29.9574678106,21.1838887935,25.4145289358,25.0532214001
64,1102,30.0470980039,29.9574875088,21.4884627847,24.3544693117,26.7284658522
64,1103,30.0777114165,29.9580044254,22.0664400622,25.5669513178,26.0858159508
64,1104,30.1172129551,29.9645421294,21.7159644491,25.6573749583,27.2317996775
64,1105,30.1400958613,30.0342529891,21.8424901541,24.0787048396,24.186376696
64,1106,30.2104512981,30.1425774284,21.8406667761,22.9369575025,26.5920196849
64,1107,30.2250843707,30.143593955,21.9012611928,26.2490960752,27.6586111216
64,1108,30.2492139387,30.146592788,22.0228376205,25.5834497378,26.7722190658
64,1109,30.3026193116,30.2695677542,21.7631243676,25.3548228844,25.855524951
64,1110,30.3088553757,30.2713498439,22.0154841891,25.1610556154,26.7636197767
64,1111,30.356594563,30.272452957,22.1222975874,25.1215454328,27.7231204232
64,1112,30.3629937753,30.3001026538,21.7934854891,24.4774716124,23.7265839768
64,1113,30.3867878459,30.3005607641,22.1340015998,25.6470293405,26.645179294
64,1114,30.4514543549,30.3449289272,22.4260197522,24.7929205001,24.4075489742
64,1115,30.4812477445,30.3475587706,21.7562562847,25.4073411955,26.1546169825
64,1116,30.502917442,30.4017280479,22.4299916306,24.8233641673,26.4460844212
64,1117,30.5370141058,30.4173227185,22.5783700059,24.7617062728,28.068437389
64,1118,30.5902344892,30.4192451464,21.8942446099,25.6710957271,26.2846391193
64,1119,30.5976380765,30.4808339087,22.2321538038,25.2992883717,26.7403740841
64,1120,30.6064784636,30.486437851,21.9156429417,25.1378386645,26.4626533024
64,1121,30.6458783607,30.5540582615,22.6430921955,24.9848821874,26.9431891328
64,1122,30.6582783838,30.6418773127,22.7013705573,23.7854026128,26.8751169637
64,1123,30.7130382181,30.6433245323,21.8845426147,25.1857631834,27.2495491359
64,1124,30.7212974745,30.6438930119,22.4227501336,26.4238753777,25.7906935301
64,1125,30.7412985504,30.6957925599,22.8336963398,26.3411038927,25.6375169155
64,1126,30.7953311434,30.6996574549,21.8161809286,25.8847917107,27.0525379711
64,1127,30.8191540305,30.7165745972,22.3665598341,25.5089504429,27.9879739894
64,1128,30.8676779837,30.7179754401,22.9168245943,25.6130944286,27.6620046386
64,1129,30.8807870979,30.7276183581,22.4054998745,26.0306736305,26.5425709274
64,1130,30.9138302527,30.7393502566,22.8976319825,25.909677348,26.7721756236
64,1131,30.9345052176,30.7465985938,22.8325854465,26.1660479491,27.1037981031
64,1132,31.0110938857,30.7992424719,22.6364562519,25.2887453737,27.2768130859
64,1133,31.0224569858,30.8272309017,23.1858133871,25.8464036418,27.2598147698
64,1134,31.0592717123,30.8473808222,23.0343824382,25.6109842204,26.1080437093
64,1135,31.1258184413,30.8597862262,22.7930006307,25.1038038444,27.4904523961
64,1136,31.1481379297,30.887175866,23.1060006022,25.8944302604,26.9358550794
64,1137,31.1705653776,30.8874624679,23.378050656,24.9702737651,27.3091583934
64,1138,31.218419418,30.9111935056,22.8089986616,25.8669401514,27.238227081
64,1139,31.2283573424,30.9162376946,22.9686130583,24.4766591301,28.0994650135
64,1140,31.2551092378,30.9169251722,23.3782123215,25.8668928444,26.5318309062
64,1141,31.305868371,30.9194490417,23.8396652915,26.6440447877,27.339074599
64,1142,31.3289638404,31.089886824,22.9426067908,25.7724972851,26.3783423861
64,1143,31.3697460712,31.1044887781,23.4569650758,26.1248378674,26.7087582819
64,1144,31.3948881324,31.1045516752,23.6524974838,25.4488993723,28.1325645093
64,1145,31.416143384,31.1098270287,23.6108712687,26.6626214339,28.7425138846
64,1146,31.4584555525,31.1283045367,23.4688959526,27.0524058821,28.6697621812
64,1147,31.4857618586,31.1565265044,23.9438560576,25.7714811041,28.5221450953
64,1148,31.5278959,31.1567639397,23.3810799926,25.4599401129,28.8220701854
64,1149,31.5751776165,31.1647381183,23.4970241513,26.724386204,28.6522797916
64,1150,31.5999336626,31.334426119,23.863607891,25.1464567813,26.1157540366
64,1151,31.6144734154,31.3353342953,23.6172676058,27.1812876544,27.0852678531
64,1152,31.6710734516,31.3551699601,23.0155322504,26.2348284496,28.3141545205
64,1153,31.6895283603,31.4255915375,23.3377075168,27.0365015057,27.533349349
64,1154,31.7284294118,31.4281855125,23.2665436648,25.2901183213,26.1280705801
64,1155,31.7656554355,31.4840066299,23.2466419827,25.4155729634,26.8752987415
64,1156,31.7800226294,31.4975312755,23.1558692378,27.0303104974,27.3633126494
64,1157,31.81036196,31.5019547469,22.978821655,26.3674404134,27.0266242781
64,1158,31.8274874182,31.5498739945,23.7232998893,27.3064166441,27.1005337723
64,1159,31.8863538136,31.5994177973,23.5407684327,26.4044481116,27.4793375001
64,1160,31.9125113324,31.6069155288,23.9039550266,27.2087610666,28.4649257604
64,1161,31.9189159382,31.6335407618,23.8728275509,27.1098989395,28.0424069998
64,1162,31.9417769292,31.7052328878,23.9779547643,26.7616507489,28.6127493421
64,1163,32.0089845147,31.7207384828,24.0062241818,26.2024934391,26.992614698
64,1164,32.0212485718,31.7297611248,24.0715561265,26.267731476,28.6164523226
64,1165,32.044448002,31.7477945059,23.5332769033,26.6556083489,28.6543019049
64,1166,32.0582887445,31.7720305733,24.0291590149,25.8130299224,27.9097670833
64,1167,32.1274824625,31.7739113751,24.1679396524,26.528566082,28.372256795
64,1168,32.1737357598,31.7945795511,23.9687685654,27.6220739994,28.4290808716
64,1169,32.1853712085,31.9470325795,23.6478474531,26.7278550672,28.6929597824
64,1170,32.1999149577,31.9479631851,24.18416738,27.0085828907,29.1751042873
64,1171,32.2639398677,31.9507734679,23.4569894037,27.9675968948,27.4498159754
64,1172,32.2931752477,31.9566129822,24.5662707163,26.9574059181,28.4836172879
64,1173,32.3287660827,31.9989174977,24.6735136318,26.0015627386,28.5338410618
64,1174,32.3385745325,32.0042186384,24.1246054023,27.6034514661,28.5026909699
64,1175,32.4089365778,32.028869673,24.6018398362,27.2961337578,28.5575206581
64,1176,32.4342207664,32.0623722033,24.0475228333,27.5500411938,27.9386865489
64,1177,32.4520694796,32.0787311005,24.4097080006,27.7426700147,27.490505746
64,1178,32.4949300889,32.1419798785,24.4595773036,27.002152152,28.2683557208
64,1179,32.5413629596,32.2008258845,24.5173991859,27.6316778246,27.4809248837
64,1180,32.5645693256,32.2589050507,24.4864233588,27.0251364553,29.4749391984
64,1181,32.6113754058,32.3199800177,24.5119501743,28.2715773811,28.4641197195
64,1182,32.6327711399,32.3264520434,25.0587548136,26.9045353674,27.8705045249
64,1183,32.6810521526,32.3490610516,24.9370698177,26.5876943559,27.9495917915
64,1184,32.6932725276,32.3556405714,24.9393808517,27.6422584868,29.3292574542
64,1185,32.7576510649,32.379402822,24.4759002293,27.7651232864,29.406284174
64,1186,32.7663448559,32.4139260739,24.0607064867,27.5610216424,27.486833787
64,1187,32.8327972931,32.4173463783,25.3909444518,27.1713367156,28.5890429912
64,1188,32.862234274,32.4360412872,25.335559408,24.8136923138,26.7049294861
64,1189,32.8903343937,32.4397043066,24.7364367971,27.6240756297,28.134186545
64,1190,32.9228005033,32.439742527,24.3535974238,28.4976573607,28.0220894526
64,1191,32.952601368,32.4433360723,25.6451269744,27.5245752404,28.0193079769
64,1192,32.9643611163,32.4566091687,24.729532694,26.685470565,28.954466165
64,1193,33.0147521708,32.482006075,25.3234192487,27.6562403424,30.5735051971
64,1194,33.0243072151,32.5233843068,25.1449465568,27.1692543656,31.4109782168
64,1195,33.0817393474,32.5870632675,25.4264050202,28.085494491,29.4943944478
64,1196,33.1059397311,32.5935960307,25.1383492683,27.016174543,30.0204857394
64,1197,33.1421100052,32.613958436,25.0253133277,27.7523225788,28.6809822483
64,1198,33.156595585,32.6148554245,25.6117496078,28.4151073087,29.6386897066
64,1199,33.1923867077,32.640693153,25.118046275,27.1227824281,28.9125812548
64,1200,33.2446815397,32.6949197466,25.4944651727,27.7101076633,30.2240286166
64,1201,33.2845539281,32.6959307126,25.0332843408,28.8364416305,29.8289516638
64,1202,33.3130198418,32.7574393272,25.8047512624,28.3635812545,27.4077482933
64,1203,33.3359985675,32.8175097257,25.6757833775,27.6304971394,29.7557760782
64,1204,33.3770167984,32.8320300148,25.2114377373,27.0777608926,29.6577103494
64,1205,33.3964057709,32.8820750765,25.7008128247,28.7176078741,28.1185744322
64,1206,33.4192690691,32.9005743856,25.7765308216,28.4707530831,30.6914644159
64,1207,33.4665799471,32.9036490361,26.208014772,28.5478746706,29.5049769301
64,1208,33.4985310084,32.9623697901,25.4438201282,29.4583957836,29.7692544849
64,1209,33.5106865655,32.9631713652,25.8293297862,28.560823136,29.1652249726
64,1210,33.5218283995,33.1561380256,26.078515649,26.8730023844,28.1269413836
64,1211,33.5500192499,33.2042601473,26.3281415825,27.6649615632,29.9343427616
64,1212,33.5714848196,33.3360597142,25.9523245942,26.680920555,29.161766347
64,1213,33.6328011875,33.4588052021,25.4407876609,28.7274181595,28.400847358
64,1214,33.6472799183,33.5493696612,25.7285900167,27.5714900755,27.6672176968
64,1215,33.6820020674,33.5518263053,25.7521379435,28.8789209603,29.8741834563
64,1216,33.7405405802,33.5610224393,25.3291034533,28.8596799425,29.9003297683
64,1217,33.7638695671,33.6402025799,25.8928566812,26.4205698204,31.6625184847
64,1218,33.8169795641,33.6417396176,25.9805051926,30.4095534034,30.0977664124
64,1219,33.840250238,33.6508540315,26.139257572,27.7584932365,29.4662186686
64,1220,33.8926355585,33.6575596411,25.4716088674,29.7536856734,30.74319141
64,1221,33.8944088584,33.6595296667,26.1472093435,27.3186646048,30.4269719175
64,1222,33.9260849389,33.662962745,26.0500822897,28.6766672083,29.1768288284
64,1223,33.963116934,33.6648983859,25.857844795,28.7411188046,28.424154395
64,1224,33.9723797874,33.7038333929,26.5628509177,28.4051921709,30.0909051254
64,1225,33.9903654863,33.7046754856,25.8523381183,29.6830440283,30.3946867674
64,1226,34.0847668087,33.8165736307,26.4411668911,28.2068052588,29.0388428845
64,1227,34.1193453235,33.8294569536,26.6492280833,26.6017890277,29.9854315418
64,1228,34.1540562921,33.9144610333,26.0745314595,28.164333802,30.6688829617
64,1229,34.1653012399,33.9873399506,26.2779482126,28.7234630842,30.3041869216
64,1230,34.2108645048,34.0001593444,26.4099908216,28.6484830811,29.4453950091
64,1231,34.2731631279,34.0060768706,26.8238089297,29.3735195464,29.955963419
64,1232,34.2919408296,34.0089726239,27.1585125438,28.6144376993,29.8717124769
64,1233,34.3302516351,34.0286216424,26.2029856343,29.7944631252,30.5255668413
64,1234,34.3683334778,34.108974367,26.3720647611,28.8537560801,31.6815964957
64,1235,34.4035707967,34.1089923278,26.7184990833,29.1968863354,30.8179409075
64,1236,34.4684906936,34.1755525551,27.3160521213,29.2226381965,28.5720811703
64,1237,34.4721405904,34.1797441822,27.2495752685,28.5867451866,30.4520239096
64,1238,34.4958498496,34.3408382363,26.8664422857,28.8429404273,31.2161279934
64,1239,34.5271141072,34.3417212628,26.9295890055,28.4472281849,30.1186448572
64,1240,34.5682567102,34.3444509321,27.5697278904,30.1652618737,30.9688628595
64,1241,34.5976415241,34.3537341898,27.4134443438,28.3386216217,31.2194270628
64,1242,34.6150164488,34.3797125091,26.3688492309,27.7249417741,31.444144037
64,1243,34.6454536755,34.3927933076,27.2210855182,29.5151710489,31.3875943404
64,1244,34.6956496866,34.4028021045,27.1314745657,27.6345975189,32.8373486994
64,1245,34.7111868209,34.4359402108,27.4305494182,29.9067990543,30.8973863515
64,1246,34.7400550409,34.4650093814,27.9468905217,29.2744537139,30.9248178841
64,1247,34.7693616434,34.4750050747,27.0446704022,28.8928906659,31.2597248627
64,1248,34.8162271319,34.5037049483,27.0374252888,28.8750711272,31.4547096307
64,1249,34.8666258662,34.5098620171,27.4386021034,30.5187944662,31.267292425
64,1250,34.9009158849,34.5143777301,27.6050787819,29.735703653,29.6438684311
64,1251,34.9490488628,34.5154633074,27.1018890994,30.2225852883,31.631848961
64,1252,34.9810408118,34.5793733835,27.2945902472,28.976504321,28.8477013198
64,1253,35.0105410676,34.6143833775,27.1300182278,29.924954877,30.7842509736
64,1254,35.0243002827,34.6205020804,26.7335919632,29.8872158895,31.4635321542
64,1255,35.0488379191,34.6295789487,27.0597301978,29.9588477947,31.7706334742
64,1256,35.0868750998,34.7095874628,27.8165089394,30.5773427153,29.8816675614
64,1257,35.1181878702,34.7099116855,28.7422929455,29.4707199302,31.093110025
64,1258,35.1449532005,34.7202045305,27.7263509253,28.8105616462,31.3717721406
64,1259,35.1795807092,34.7225484896,27.0515134745,29.4026022411,30.6723602522
64,1260,35.2020186956,34.7289374694,27.824963697,29.7884665675,30.9864516727
64,1261,35.2320988267,34.7570419945,27.9534139363,29.6689730717,31.1413995635
64,1262,35.259191785,34.7754424802,26.8161112799,31.3819070167,31.0817864851
64,1263,35.2679329072,34.8192804839,28.0250743249,29.5404757473,32.551326992
64,1264,35.3051555183,34.8839662162,27.7552134361,29.0970208604,32.1260810642
64,1265,35.3096611649,34.9788663043,27.5927108672,29.9001397513,30.6511826978
64,1266,35.3625793829,34.9845333914,28.3061291407,29.7110831151,32.8271421588
64,1267,35.3737832073,35.0272892215,27.64392324,29.8214612706,30.350151539
64,1268,35.4536659208,35.1937910357,28.3948009196,30.6915054691,32.0542346473
64,1269,35.466722761,35.2463473909,27.9833256184,31.2650153329,31.6763063178
64,1270,35.4803753137,35.2607622676,28.3194528805,31.2445819212,31.5964244713
64,1271,35.5130064499,35.2607766645,28.0978604776,30.3047433325,32.1374986308
64,1272,35.5476123091,35.338501625,28.8754718799,29.4380142346,32.3589600863
64,1273,35.5839902235,35.4011878007,28.422130351,28.6098385271,31.9382840683
64,1274,35.6182791925,35.4415245656,28.6935064939,29.685695464,31.1033309522
64,1275,35.6748799374,35.4644910467,28.6094916081,31.0827625189,31.897866074
64,1276,35.6980340928,35.5057727661,28.0084538279,29.4832577725,31.3966711117
64,1277,35.7342566545,35.5207199927,27.1253642689,28.9918704103,32.8757095394
64,1278,35.7603539238,35.5208026736,28.4614090251,30.172978797,31.3046256267
64,1279,35.7729618894,35.6462278017,29.2621141996,30.9923868766,30.9603799211
64,1280,35.7968109957,35.7233685101,28.5646829962,30.5192732265,31.0666510945
64,1281,35.8607599965,35.7350746531,28.0028995423,30.4750334734,31.8920553124
64,1282,35.8858535467,35.8110689573,27.5015507844,31.2448366502,30.9923121571
64,1283,35.9274065471,35.8116753327,28.7017195215,30.4793524194,31.3147856968
64,1284,35.9418547802,35.8122340979,28.586649456,30.4168019618,31.1473970477
64,1285,36.0092624799,35.8475852964,28.7806326326,30.6538989313,31.3213860986
64,1286,36.0346492354,35.8514765125,28.5784100697,31.3190682252,32.486405143
64,1287,36.0461205569,35.8672577039,28.817060001,30.7734611213,32.6601018725
64,1288,36.0873303352,35.8698322784,28.8171560776,30.6290445384,31.3671086226
64,1289,36.1146890428,35.8730867405,29.1670595989,29.6418063153,32.9223654867
64,1290,36.1474863348,35.9822833693,28.8231607624,30.2282680002,31.114788533
64,1291,36.190880618,36.0756942584,29.4751472655,28.8896141299,32.8472261386
64,1292,36.2014913693,36.1415306441,28.929321316,31.0832120053,32.3772766948
64,1293,36.2538204247,36.1463672186,29.0875172029,30.7122600658,33.0446353515
64,1294,36.2695542746,36.2131542354,29.2835567762,30.2833286017,33.8658054374
64,1295,36.3288284933,36.2927031578,28.7653992066,29.5158087759,32.4580534399
64,1296,36.3456457534,36.324996821,28.8289123703,31.5066183825,31.9669923927
64,1297,36.3797397108,36.3996673683,28.2931528779,30.1175833366,33.1861182181
64,1298,36.4066994547,36.3998656027,28.8606713907,30.8004727241,33.4136213465
64,1299,36.4186205038,36.4085405253,28.8504222591,30.1539691702,32.7042781373
64,1300,36.4448125185,36.4276155563,29.4491741034,31.1412804869,32.5946476447
64,1301,36.4715884324,36.4755517509,29.3674889873,31.7486140711,32.627828362
64,1302,36.4866596901,36.5341801963,28.5340327033,31.1966028563,33.6284479099
64,1303,36.5130445985,36.753008538,29.1567860238,32.4381635118,32.6230823934
64,1304,36.5554785808,36.8125709984,29.6476916602,30.7745340103,32.7022689799
64,1305,36.5783401164,36.8200348571,29.3091164451,31.9830402194,32.3538064199
64,1306,36.6045790581,36.8462748235,29.1487586613,30.9452891519,33.4163658555
64,1307,36.6808167062,36.8507644368,30.2114454405,30.6518184722,33.5749611815
64,1308,36.7296216571,36.8592544796,30.0490695212,32.0042486732,32.6874492376
64,1309,36.7567006438,36.8639304178,29.0681032765,31.3788904065,32.2896788221
64,1310,36.8046309971,36.8856825529,29.6370016304,31.107641361,33.503215097
64,1311,36.8469103859,36.9342453707,30.0369082158,31.4812162029,33.4055858949
64,1312,36.8575011896,36.9708597318,29.4242540129,30.4476069788,32.0393142194
64,1313,36.8740974525,37.0405823119,29.2408034864,32.2092442035,33.8633984756
64,1314,36.9283663552,37.0454473414,29.527346325,32.2856403549,32.7889329009
64,1315,36.949689448,37.0589047844,30.0297832616,32.280135364,33.4660499476
64,1316,36.9975700513,37.0740406532,29.760441724,31.4558579167,33.7872769609
64,1317,37.0274169851,37.1083819508,29.3969012903,31.1814859872,31.9018668115
64,1318,37.0643029587,37.1083831461,30.5169629166,31.7531209342,31.7667079109
64,1319,37.0921655515,37.1304224836,29.9515431818,30.6352395467,31.7989480249
64,1320,37.1184141792,37.2107625675,29.881693969,32.6827614849,33.1870159276
64,1321,37.1397523808,37.2647638464,29.9987431497,31.4230231255,34.8670162426
64,1322,37.1946563312,37.2693059012,30.5775317705,32.1566743318,33.6709535109
64,1323,37.2109213199,37.27751373,29.9959999513,30.8224349808,35.772192666
64,1324,37.2616762172,37.2786809558,30.1600759739,31.9573325505,34.6205308988
64,1325,37.2877275742,37.348837749,30.0013432871,31.8851498415,32.9758837583
64,1326,37.3171407617,37.3940368077,29.8441778266,32.0916634844,34.1942954849
64,1327,37.3452695901,37.4140974557,30.6700025222,30.9529185882,34.4694880264
64,1328,37.3572759594,37.4394712369,30.1238867499,31.6483547422,34.3332346516
64,1329,37.3931736041,37.4826243092,30.4693539772,30.7753720416,32.3501835346
64,1330,37.4000308509,37.5778803316,30.1795868625,33.4087581991,33.8594511776
64,1331,37.432903126,37.5943772478,30.7847154445,31.9627413556,33.1259321345
64,1332,37.4745991467,37.6376392037,30.2939410988,32.5569359683,34.6288639259
64,1333,37.511024836,37.6787680257,29.9823053383,32.3880042064,34.1886896039
64,1334,37.5971010674,37.7218391611,30.4552681297,31.6664705397,33.8990709947
64,1335,37.6761366006,37.750848638,31.3662267669,32.4866407572,32.4035314592
64,1336,37.7045366105,37.7566044008,30.4586426911,31.9063163768,33.9004025715
64,1337,37.7216770943,37.7698959987,30.5969134724,33.1259234309,33.3885572622
64,1338,37.7388413249,37.7894365777,30.9939549239,32.6139195803,33.9069963069
64,1339,37.7564428523,37.7964295758,30.5231583993,31.8680907527,32.5441521658
64,1340,37.790985906,37.8047297192,30.4213036802,30.9787588365,35.7339034678
64,1341,37.8095892962,37.8497636776,31.3090423706,32.5949907719,34.4406760731
64,1342,37.8410130739,37.932928902,31.1261516525,31.1796952951,34.1254633073
64,1343,37.8468792876,37.9380182638,30.774319645,32.2852633787,32.9011875305
64,1344,37.8701620423,37.9501519919,30.7691542513,32.5756150749,32.7699424746
64,1345,37.9445040534,37.953168826,31.6535288285,31.5259324654,34.9422853376
64,1346,37.9778306028,38.0114260497,31.5076626479,33.0992565863,34.5874173098
64,1347,38.0266380873,38.033256051,31.1596404937,33.7566753162,35.7371383726
64,1348,38.056590712,38.1054451079,30.213274249,32.9253094026,33.8952460296
64,1349,38.0607318018,38.1164465304,30.9664672784,31.9245114106,32.3458794073
64,1350,38.0981420142,38.1274567455,30.3784790461,33.2118308197,34.3189861635
64,1351,38.1519889261,38.3070872783,31.0559699512,33.0951915914,33.93630823
64,1352,38.1615051332,38.3121810207,31.0516683618,32.312402871,34.9814270979
64,1353,38.2056315927,38.3194928092,31.259327191,32.3548970301,35.1554639165
64,1354,38.2415018812,38.4558856466,31.1600561257,31.6154935885,34.7424646982
64,1355,38.2648122219,38.5047673467,30.7458995208,31.047736321,35.5688244517
64,1356,38.3235988106,38.5370452361,30.9036428415,32.8403270927,34.5668869064
64,1357,38.3293567916,38.5377950824,30.9720095461,32.6733445769,33.9397802234
64,1358,38.3554160504,38.5570941227,31.5378589598,32.8220120426,35.0081194931
64,1359,38.3965625997,38.5793816104,31.9393392882,31.5758200971,34.5233056432
64,1360,38.4407285078,38.5993345059,31.5477018178,33.3884931677,35.7450711325
64,1361,38.4584167882,38.7533200461,31.616864469,33.5412439073,34.2390497358
64,1362,38.5084353595,38.7596703808,31.9200864959,32.2557972827,33.7688330787
64,1363,38.5258232276,38.769146661,32.0165216508,33.0890010241,34.4701566822
64,1364,38.5729431529,38.7773362316,32.408657363,33.3152041996,33.3279782338
64,1365,38.5957919805,38.7999422764,31.0101243974,32.607279501,34.8774675096
64,1366,38.6438906939,38.8013632386,32.3415398872,33.6475716645,33.1443454732
64,1367,38.6540520599,38.83484829,30.7191273883,33.5729333158,34.7900055091
64,1368,38.7037463213,38.8424391676,31.5082747817,32.7410241214,35.2491643397
64,1369,38.7227174208,39.0017829281,31.4404336975,33.7165771762,34.8444446095
64,1370,38.7492393327,39.006646121,31.6623326134,33.4339782631,34.9572612113
64,1371,38.7813855773,39.0174439255,31.8646145187,32.6622203153,34.2993934371
64,1372,38.8119796832,39.0181250952,31.772240848,31.9407285334,35.5643254513
64,1373,38.8340698416,39.0759449497,32.03523758,33.4563739997,36.1506095317
64,1374,38.8420699113,39.1573482779,32.5662304683,33.8616110122,32.4877947515
64,1375,38.8968951634,39.1884795761,32.6555572918,32.7159809703,34.474282081
64,1376,38.9380589072,39.2371205397,32.2573641132,33.6580477606,34.7859020603
64,1377,38.9637670703,39.2470935836,32.0052814428,33.0130735229,36.8998480692
64,1378,38.9971274118,39.2982927522,31.3690637334,33.2854758616,35.7075498977
64,1379,39.0204999436,39.3359916901,31.6373371183,32.2670313305,35.4260321127
64,1380,39.0593390169,39.3448261086,32.7009458939,33.9986710707,34.9822566143
64,1381,39.0734592029,39.520172174,32.4868604079,33.1980883976,36.4406399515
64,1382,39.1154305463,39.609886741,31.7850273384,32.9981935861,35.0090019933
64,1383,39.1373886576,39.6291244851,32.7532972502,33.2063815107,36.1241409702
64,1384,39.1703235976,39.6429293439,32.8030181948,33.2120224625,35.3752498548
64,1385,39.1877295145,39.6441933035,32.8777060725,33.7820928465,36.4393662523
64,1386,39.2216610722,39.7013256683,32.5032923778,34.5091601427,35.9621943356
64,1387,39.2685753395,39.7747231169,33.1786460155,34.0809510606,36.7029734664
64,1388,39.3139659885,39.8088945585,32.4104992708,33.3925282309,35.1767116311
64,1389,39.3342358224,39.8141966388,32.3782684706,34.2955745132,36.1223235189
64,1390,39.3861954869,39.9190277087,33.1478134829,32.8796870791,35.9418388899
64,1391,39.4278329308,39.9266498918,32.6056035989,34.9518125862,35.3641515257
64,1392,39.458161419,39.9536514238,32.8512048874,34.9914631891,36.1369341218
64,1393,39.511084118,40.0382259132,32.552238806,34.0815577564,37.7256856034
64,1394,39.5307037283,40.0742882292,33.3226701913,34.5551927417,36.0161174195
64,1395,39.5812145719,40.0767457501,33.1874724853,34.569548737,35.529299384
64,1396,39.6085535097,40.0770981557,32.664853196,33.5942944101,35.8688003231
64,1397,39.626323553,40.1029925413,33.9891279184,34.1884777784,35.9638315078
64,1398,39.6567680937,40.1069826704,33.6333473647,32.9280612637,33.6148787044
64,1399,39.7142124505,40.1139220925,32.3062672035,35.5903286059,36.7914351048
64,1400,39.7359305747,40.1654858038,33.1327593809,33.8035283323,34.7649929026
64,1401,39.759818694,40.1922348785,32.8370656142,34.9080900541,35.6718311839
64,1402,39.7821359277,40.2135222003,32.5459114483,34.2867879477,34.99796282
64,1403,39.8055277723,40.2596719436,32.7791785613,34.6524102195,36.0476078513
64,1404,39.8554760777,40.2603852543,33.3884691543,34.2855419795,34.7943227044
64,1405,39.8650253715,40.2798983378,33.5656979921,34.1439159472,35.1523290639
64,1406,39.8788810411,40.2871300123,32.8867525604,33.9687018194,35.176980759
64,1407,39.9241332785,40.2879226957,33.052496628,32.6423372109,36.54007707
64,1408,39.9619557363,40.3104585747,33.9155947863,34.055533614,35.4257454242
64,1409,39.9630973186,40.3104627203,33.3844292654,35.4909927956,36.1203819494
64,1410,40.0313165173,40.4081713274,33.3421218193,33.3446969701,36.6270736736
64,1411,40.0614818336,40.4165410073,33.1477390707,34.6592992205,36.6967098792
64,1412,40.0865954233,40.5315284839,33.9530901372,34.3844222535,35.9373409253
64,1413,40.1462735735,40.6200042613,34.280988629,35.1282423364,36.265480769
64,1414,40.1849123319,40.6332179457,33.6485029811,34.8756782567,35.6971550678
64,1415,40.2512824115,40.6336546315,33.4107819083,33.594645655,37.5232101223
64,1416,40.2670864137,40.6489557515,33.004927994,34.7403665989,35.7346205178
64,1417,40.3097875721,40.6619937633,34.0279294694,35.9375219053,36.5309042473
64,1418,40.3403918116,40.6700080028,34.3696715656,34.7370767023,36.9355026037
64,1419,40.3553452279,40.6864777002,33.6334388313,33.7154143145,37.8943623004
64,1420,40.4048662111,40.7126364572,34.3432399167,33.7329487687,36.583079445
64,1421,40.4519641756,40.7571904289,33.8692241224,34.9162112989,37.0401698397
64,1422,40.4763121961,40.7941376363,33.5315452227,34.8297811622,37.3357234947
64,1423,40.4905546124,40.8314037095,33.7695464897,34.2595979788,39.0086548083
64,1424,40.5323531015,40.9213371134,33.7793866748,34.3919933417,38.5011978243
64,1425,40.5640742665,40.9899318844,33.9314157986,35.4013934838,38.3831764143
64,1426,40.5790754451,41.0074954078,34.2977257928,36.3776837948,36.6782129087
64,1427,40.6094089357,41.0337043737,33.9465779167,35.1237686607,36.7963167034
64,1428,40.6285761478,41.0340147978,33.8349896018,33.7799765424,37.3124988695
64,1429,40.6885025116,41.0375907792,34.9111187703,34.8110945837,36.7817982387
64,1430,40.6960403753,41.0518253952,33.4548758795,35.325183487,36.9028194697
64,1431,40.7277251793,41.0559868836,34.5343241181,34.9236810293,37.6376891402
64,1432,40.7921932738,41.2090711786,34.2789877458,34.0777935967,35.982500625
64,1433,40.8198647565,41.2747615183,34.3669365731,33.2962408795,38.2312624401
64,1434,40.8313689236,41.2867645416,34.8337301766,35.6728189124,38.4062816596
64,1435,40.8731878985,41.322179737,33.8067746734,35.6520244821,37.4229602808
64,1436,40.8988830811,41.3559148123,34.9568834771,35.9047090629,38.1378865047
64,1437,40.9147162122,41.381372284,34.8645808797,35.1748173168,37.8216880215
64,1438,40.9771843856,41.4525921062,35.5276654805,35.6162998351,35.2800266807
64,1439,41.0190230463,41.5237007381,34.1651206218,34.5195988741,37.704852989
64,1440,41.0459298608,41.5361732402,33.673796408,36.1618240573,37.2831940554
64,1441,41.0617687593,41.5465182763,34.5908341289,36.6874720144,37.2781838108
64,1442,41.0819127454,41.6144990696,34.3092994735,35.9719875541,37.5606651688
64,1443,41.1252072398,41.7979058698,35.2036494993,36.1605197293,37.5010945911
64,1444,41.1960040149,41.8048903407,34.8157721,35.8564130382,37.6729573485
64,1445,41.2170003492,41.8510723555,34.6558131135,36.0901816333,38.0104688711
64,1446,41.277497742,41.8607668806,34.8263064241,35.7095537483,37.6504299693
64,1447,41.2881096842,41.9385973936,35.5056932011,36.801802625,37.0581762494
64,1448,41.322432043,42.0047777555,35.4486255626,37.2699216986,37.5573674785
64,1449,41.3774476064,42.0292432679,35.6556727046,36.1441621094,38.2942863094
64,1450,41.4138001051,42.0299894903,34.6135637971,35.6533590196,37.1298336355
64,1451,41.4310898369,42.0580837858,34.3012760517,34.4421638986,38.3697266893
64,1452,41.4757685279,42.0930099941,34.9860882747,35.7969226484,37.0828909196
64,1453,41.5152464433,42.122193708,34.6564932495,35.8613187734,37.597249478
64,1454,41.5457803865,42.162311065,35.0989060183,35.8018392092,38.4325022317
64,1455,41.5763465629,42.199501255,35.4129556501,36.5915001426,37.3761492095
64,1456,41.6140105879,42.201611419,35.4683471454,36.4696980516,39.3284201945
64,1457,41.6358485966,42.2529414489,35.4837076076,37.8921772047,38.4702776941
64,1458,41.6567710934,42.2944369482,35.4308423111,35.660482103,38.2474305354
64,1459,41.7172066664,42.3070642775,35.5430583845,36.4981787426,39.3165005704
64,1460,41.7762539804,42.3076806309,35.4402404856,36.1816279495,38.930632281
64,1461,41.8205523245,42.3095709157,35.7615189615,36.3736273472,38.3340885452
64,1462,41.8736858297,42.3096425775,35.5151497488,36.6108809598,39.496982308
64,1463,41.8822505971,42.3774021883,35.295736364,36.2730987665,37.5415711538
64,1464,41.9067383104,42.3790467804,35.3866040557,36.6544908603,38.7612074661
64,1465,41.9412161515,42.3971919661,35.3640410934,37.6496477396,37.8853958813
64,1466,41.9648728195,42.406537834,35.5285281079,35.9400409283,37.7693370742
64,1467,42.0004211244,42.4598524197,35.4283296098,36.7020819293,38.646914895
64,1468,42.0460156179,42.4938267311,35.6178046535,37.019172211,38.886546468
64,1469,42.081470726,42.5535040683,36.1452479913,36.5822986157,38.517682079
64,1470,42.1202304146,42.5691213957,35.49071387,36.1468296878,38.6331976518
64,1471,42.1472372736,42.6799525126,36.4411754355,36.2001280982,39.1815392637
64,1472,42.1724663039,42.7186281948,35.9656759916,36.1082812469,39.1555533808
64,1473,42.2031314868,42.7285788224,35.5805186565,36.5546290915,39.0092172242
64,1474,42.2545777888,42.9058430401,36.6054785665,37.127025885,38.861687753
64,1475,42.2830500555,42.9069902807,35.8299425395,34.3857968307,39.2379603758
64,1476,42.3336061376,42.909681472,35.9852996625,36.0057874766,37.9859407753
64,1477,42.3433597382,42.909858984,35.2174429037,36.4439176697,39.30364187
64,1478,42.3890018145,42.9802243121,36.2965755222,37.9215334223,38.8581413265
64,1479,42.3896332354,43.124672301,35.2606499227,36.4815335035,39.5227549155
64,1480,42.4534965452,43.1260446036,36.4104258617,35.4671026134,39.4410379831
64,1481,42.4826855774,43.1320285831,36.142602141,36.2368292853,38.8210810578
64,1482,42.5075725409,43.1320496946,35.6949176105,37.0477003165,38.8799335108
64,1483,42.5472738652,43.1328641585,35.618961065,37.2286213753,39.1349843812
64,1484,42.5869428116,43.1697887027,36.5011731159,36.6669284422,40.069378618
64,1485,42.6299642585,43.1972649563,36.8785932709,37.1457474314,39.66132379
64,1486,42.658597937,43.200485536,36.7302617783,36.8877570178,38.7020554969
64,1487,42.699888041,43.2960034064,37.1354337492,37.172546682,40.2671739315
64,1488,42.7361226489,43.3043746252,37.0199127833,38.131143206,37.6825784982
64,1489,42.7875909422,43.3052425501,36.2561814922,34.9659192521,38.7304768442
64,1490,42.8058226517,43.3053170962,36.5685641731,37.5866796593,39.8279045747
64,1491,42.8466320908,43.305318461,37.7835210391,38.1616719496,39.7105074322
64,1492,42.8731443507,43.4019436323,35.8886867723,36.1771705488,39.1661278292
64,1493,42.9063306787,43.4282983242,36.5436423227,36.9334119454,40.5167745951
64,1494,42.937318591,43.45828242,36.757760238,37.0457544166,38.6276776958
64,1495,42.963712651,43.495374593,36.604685579,38.1964654905,39.4890866847
64,1496,43.0097490491,43.5012763616,37.1561200802,38.1809081815,39.6318329246
64,1497,43.0415567473,43.6061066856,36.9335677066,36.4027467738,40.2564247972
64,1498,43.0488754229,43.6173105688,36.0698706945,37.1227597286,39.8390275047
64,1499,43.094242723,43.7233239844,36.942846332,38.4012406065,40.0415801013
64,1500,43.1281030058,43.7358246485,36.6753129655,35.4819232589,39.133244082
64,1501,43.1574521163,43.7446186899,35.8361666009,37.9239598705,38.2911929874
64,1502,43.1769687923,43.7499735667,37.3728192541,37.413701587,39.7738730632
64,1503,43.224530276,43.7661386226,36.6887074862,37.6897381322,39.6688113626
64,1504,43.2338566653,43.7661403122,37.011249065,35.5789093967,38.9627200506
64,1505,43.269149259,43.7891302566,37.3220092034,37.7076282922,39.2088627927
64,1506,43.2852518374,43.8098975175,37.151691814,37.9867004966,39.4046218396
64,1507,43.3267327866,43.8157626021,36.9862682716,36.7921020479,39.1960838094
64,1508,43.3545935799,43.8157690837,37.2039382034,37.0331634503,40.0017178438
64,1509,43.3726922118,43.8479193244,36.4835853638,37.5628173062,39.778503309
64,1510,43.4508724483,43.8593904125,37.9420033958,35.6814633226,39.6968992724
64,1511,43.4816003498,44.0378037843,36.5976455837,37.7904478606,38.3055989936
64,1512,43.5059626755,44.0378067407,38.1865324231,37.0159292285,39.9444048939
64,1513,43.5443762411,44.1301084345,37.0328044959,38.0740978509,40.5263649106
64,1514,43.6049234399,44.1588651614,37.1686094518,38.2702413058,40.4386024326
64,1515,43.6309439351,44.1593545727,36.2945012816,36.8590674145,40.6621890425
64,1516,43.6732113751,44.2466093779,37.9516088069,38.178655151,39.4546865709
64,1517,43.6864593942,44.2483550756,37.9148844061,38.6622925837,40.3906575779
64,1518,43.7403105354,44.2591297925,37.3388995821,37.1304526554,40.3385778285
64,1519,43.7673943215,44.3067076775,37.9763254726,38.6556029894,40.873523772
64,1520,43.7912022274,44.3866932613,37.8906563595,38.6699231497,41.1840620144
64,1521,43.8259461643,44.3881911801,37.9257255156,39.2857113187,41.3839427023
64,1522,43.8566377111,44.4363972516,37.5570831799,38.9772861215,41.2974650707
64,1523,43.8974413993,44.4574422586,38.6693475852,39.3650160888,40.0116393448
64,1524,43.921093253,44.4588916005,37.5546073724,39.4225708519,41.7010528041
64,1525,43.9452482308,44.4604694594,38.0831070136,38.9848565234,41.2918287623
64,1526,43.9694137436,44.4613583011,37.959508998,38.5699871801,39.6340187576
64,1527,44.0565718554,44.5679968526,35.7282712909,38.7032051523,40.384202886
64,1528,44.0755640718,44.5701448309,38.1189319157,38.1357149596,39.1639889664
64,1529,44.1125034215,44.5988082173,37.6664670455,38.4925298313,38.9557669652
64,1530,44.1286456677,44.6035636947,37.4494993851,39.229120098,41.1697670949
64,1531,44.1808473964,44.6248827334,38.2020461481,38.8432401084,39.3195353708
64,1532,44.2074236207,44.62515242,37.7303449175,39.1450438687,40.7392792455
64,1533,44.2499420272,44.7080943346,38.7697827533,36.9768630541,41.5163789671
64,1534,44.2821959628,44.8658252506,37.9089100808,38.6120638848,40.5629559754
64,1535,44.31250954,44.8661874897,38.0866161486,40.4763043315,41.8102835744
64,1536,44.3487207437,44.9220715717,38.067970941,38.5318427914,40.5193359795
64,1537,44.3751256538,44.9244824895,38.7198717903,37.8703846922,39.6783197532
64,1538,44.3866366687,44.9256634256,38.4962417954,40.4209399245,41.720971847
64,1539,44.4250657664,44.9263710106,38.8416172009,37.4577198626,41.5058900467
64,1540,44.4679255943,45.0611554228,38.3012410005,38.888010811,40.3458278279
64,1541,44.4831189576,45.0624703016,38.12052411,38.7636446596,42.1796978981
64,1542,44.5347769367,45.1165939683,39.0138214144,39.7181048389,40.6990866569
64,1543,44.5731016753,45.116606172,38.1378433699,39.5217150451,42.0313211428
64,1544,44.5800699726,45.1166289268,38.9122867635,38.9515795044,40.4075324355
64,1545,44.61420073,45.117283628,39.3850412555,38.7797029446,41.2931931433
64,1546,44.6413695045,45.2728092642,39.1826674702,38.1539941925,40.79292613
64,1547,44.6759302325,45.2738176828,39.1590200989,39.9841659974,40.6255124876
64,1548,44.6995738406,45.4417368889,38.8812969315,39.1458697972,40.6213952841
64,1549,44.7711031896,45.448768124,38.2708181471,39.3348435995,42.0273368185
64,1550,44.7920776094,45.4554715932,39.032004993,39.1022220912,41.2397558216
64,1551,44.8258417677,45.4593331389,39.1042361743,39.9525841311,40.4690526183
64,1552,44.874464289,45.4610967455,40.3696210785,38.5739508513,42.477210336
64,1553,44.9421868947,45.462717405,38.9014015293,37.6819142075,41.0398226394
64,1554,44.9909403561,45.4694614651,38.4138280519,40.2010437741,41.8462627291
64,1555,45.0278702498,45.4710598841,38.717099312,39.5009168307,41.5833846815
64,1556,45.0439126731,45.4714930398,39.5512177591,39.5203419965,42.2630429454
64,1557,45.0546633807,45.6248128711,38.5948757654,39.1338004302,40.1005326371
64,1558,45.086063879,45.6337446122,39.0012265241,39.4079851826,41.4402442033
64,1559,45.1157280071,45.6763638697,38.2035128009,40.2228938986,42.5588080467
64,1560,45.129500564,45.6763906969,38.9515516016,40.6903436043,40.3658338219
64,1561,45.2026910895,45.7351347868,39.6055255377,40.2749812697,41.5457613974
64,1562,45.2181448006,45.7408183606,38.0338988759,39.2129044061,42.7141732835
64,1563,45.2312010997,45.8144508547,39.6497506917,39.6103979336,41.5155686899
64,1564,45.3123072638,45.8145059559,38.8047576666,38.1004981878,41.3658274843
64,1565,45.3333256294,45.8188750851,38.0270531663,40.1955954424,40.8119157067
64,1566,45.3470312,45.8241044518,39.8961810874,40.1533027528,42.6306259564
64,1567,45.4117698751,45.8267491651,39.2806375531,40.560384433,41.932123144
64,1568,45.4331238047,45.8953736564,39.8986136035,37.8916442666,40.3707663563
64,1569,45.4402664999,45.8976565195,39.088977666,40.1601918276,41.9056038084
64,1570,45.4645703851,45.8976612302,39.6968928639,40.8657137915,42.5528914736
64,1571,45.4806420285,45.9171388289,39.8813922071,38.630552159,42.5003187528
64,1572,45.5229907715,45.9194615952,39.1687174624,38.4803239944,41.5037368899
64,1573,45.5631653978,45.9559306168,40.0480401543,40.2790547052,42.6591766043
64,1574,45.576388684,45.9753184753,40.3206277933,41.122342166,41.4375015186
64,1575,45.6205717467,45.9755370952,39.9998826221,41.0935606677,41.4348237117
64,1576,45.6530261222,45.9762290469,39.9418610941,39.9070337128,42.3822203533
64,1577,45.7024740786,46.0703402723,40.4683102282,40.1372969071,42.7806398986
64,1578,45.7341362104,46.0869276099,40.2709209394,40.859912268,43.0856406441
64,1579,45.7604593367,46.088236932,40.378549647,40.3748772218,42.9702282421
64,1580,45.7854872359,46.0927180715,40.4042207961,41.7587085527,42.2111841591
64,1581,45.8146105847,46.0941798172,40.2259319901,40.7994603907,42.2066453132
64,1582,45.8881776565,46.1574483127,39.4774148693,40.3768283958,43.2780659111
64,1583,45.9313939142,46.2149179099,40.3467038345,40.9344865059,41.8975269511
64,1584,45.9413668785,46.2637170116,40.8615893953,40.4843681722,42.409976371
64,1585,45.9573390609,46.4700723533,39.915102651,41.7690325638,43.161772003
64,1586,45.982888473,46.5528575945,39.6168325619,41.3995257047,42.8880187952
64,1587,46.0238171277,46.6099549126,39.0949369484,41.4095316844,42.7072336418
64,1588,46.0519164269,46.6448078649,40.5879435272,41.6093557057,42.7724156177
64,1589,46.1171817329,46.6635581456,39.7152053888,41.609326235,41.8258869066
64,1590,46.1520787081,46.7258241875,39.268394973,39.7572749942,42.3218759954
64,1591,46.1743939387,46.7262318088,40.3534541318,40.7534629104,42.395626397
64,1592,46.232561038,46.7332817955,40.9911016112,40.7526760289,42.9666699702
64,1593,46.255662477,46.7367047071,41.1646287518,41.8317461799,43.6968012912
64,1594,46.2846797785,46.7409867529,39.812450133,43.1585204762,42.4710322521
64,1595,46.3177546022,46.7410080306,40.7672095924,38.5942223696,42.5855587656
64,1596,46.3656376903,46.7431930504,40.9038048528,41.8453942668,42.5810728956
64,1597,46.4005704444,46.7498235064,40.3060164624,40.9655126081,44.0714018546
64,1598,46.4306733593,46.7570023091,40.5676711467,41.969925771,43.1241844447
64,1599,46.4432467692,46.7616162392,40.214131551,41.5761064008,42.0100994569
64,1600,46.4642659593,46.761742125,41.7766767781,41.7044723671,43.055352038
64,1601,46.4992353701,46.9133426083,40.5226105907,40.6057339634,42.8822704517
64,1602,46.5435771154,46.9199969478,41.6315372139,40.5355786546,42.3464933097
64,1603,46.6005772439,46.9221583996,40.3053023863,42.3465142035,41.7266545265
64,1604,46.6320872582,46.9221637238,40.4914844014,42.3902820007,41.6570753747
64,1605,46.664002493,46.9505782248,41.3924873427,42.1877329024,43.2117967218
64,1606,46.6871229062,47.0086142555,40.034704746,41.5569827135,43.8786120932
64,1607,46.7337552411,47.0221229889,41.4728136133,42.3819316764,42.9720134201
64,1608,46.7820344309,47.0239715191,41.1777498498,40.3453050071,43.1760872673
64,1609,46.8058101657,47.1394412645,41.2012672162,40.9609822902,41.0065009927
64,1610,46.8395555614,47.1394628771,40.8218652896,41.6922459037,41.6899004788
64,1611,46.8686754113,47.3183266801,41.5038773091,42.4141145376,44.0965410268
64,1612,46.9238937792,47.3203504499,41.3964123325,42.0521117723,43.1000305458
64,1613,46.9685831935,47.321084372,41.6176191106,42.8224615491,44.4621761481
64,1614,46.9824115526,47.3226977009,40.361197893,42.2025255132,44.2662364202
64,1615,47.0166092561,47.3233552111,41.939089231,40.2134590502,43.5641349906
64,1616,47.080550171,47.3296676404,40.5675438386,42.1737142958,43.3263241324
64,1617,47.1110446762,47.4171920109,40.0964413772,41.7225339785,44.1636756917
64,1618,47.1519867303,47.4354705284,40.5258834796,42.9832297828,43.2281875571
64,1619,47.1777264721,47.4355728819,41.418543504,41.7764619801,44.0977268491
64,1620,47.1951625718,47.4364942182,42.7040933076,41.3730027377,43.961343836
64,1621,47.2223181766,47.60878708,41.6412241663,42.5387917396,43.5394739594
64,1622,47.2764207485,47.6088010778,41.6394897366,41.7772867248,44.7653764781
64,1623,47.3292512231,47.6100333777,40.7606555775,43.5974174189,44.631639457
64,1624,47.3508206761,47.6151082805,42.0406642885,42.3259866945,44.5025867799
64,1625,47.3744541957,47.6352854583,41.0414507686,42.3572966841,44.6918753568
64,1626,47.4202143003,47.768538686,41.3921774122,41.953964816,44.3307543628
64,1627,47.4463856982,47.780053731,41.4238237285,43.1924298905,44.3383965868
64,1628,47.5110759128,47.7842409488,41.5901554763,41.0537050828,44.2923324018
64,1629,47.5386594063,47.7847411842,42.5164149692,41.8398540277,44.0794945297
64,1630,47.5825682102,47.7847454072,42.4283682883,41.5260540201,43.7279138637
64,1631,47.608933637,47.7858300111,41.4388538824,42.7619789255,43.5186655468
64,1632,47.6783580341,47.7859197263,42.2845840883,41.9497480222,43.7755587477
64,1633,47.7087867538,47.8550340324,42.4490033699,42.0130503331,44.1098034618
64,1634,47.7294141413,47.9900730482,42.737346216,42.909828725,44.5402336288
64,1635,47.7723394563,48.0185380917,41.4369128145,41.8449345538,44.841139496
64,1636,47.7810981384,48.0753987601,43.0732258377,44.1280732844,44.3006664348
64,1637,47.8292422197,48.1311041224,42.0882104319,42.2708928988,44.7398419466
64,1638,47.8610429477,48.1311041224,40.8075160005,41.9414283192,44.845694759
64,1639,47.891892254,48.1311041224,42.1962291438,43.2346764485,43.6473742442
64,1640,47.98248631,48.1311041224,43.0464807366,42.4036970038,44.1713849201
64,1641,48.0264806013,48.1311041224,41.9107951812,42.5829710869,45.0514060318
64,1642,48.0560943289,48.13164164,41.9371825278,42.4750345784,44.8016287979
64,1643,48.114113677,48.3198912522,41.6657147788,42.4918570608,45.0418506756
64,1644,48.1386164799,48.3198912522,41.994442437,42.2060992086,44.0978777006
64,1645,48.1557172802,48.3668722407,42.2694137548,43.041217069,44.4722561362
64,1646,48.1766059723,48.3695359662,42.3559377754,42.0181717824,44.6219748798
64,1647,48.2220288534,48.3695359662,42.4405822883,44.186069781,43.8333856525
64,1648,48.2322137997,48.3695359662,42.912532492,42.6519867109,43.2916464819
64,1649,48.2714288141,48.392750262,42.3606729371,44.4317777029,44.8919313144
64,1650,48.2936764457,48.3970355219,42.7404866633,43.2377004932,44.5244116339
64,1651,48.3180344746,48.3970355219,42.4075298299,42.0696472622,43.115560412
64,1652,48.3475111905,48.5636347032,42.7350733468,42.3284899605,43.9593012435
64,1653,48.3856476964,48.7749251465,43.2875609602,42.6656501291,43.8734414171
64,1654,48.4116901717,48.8658913936,43.1134259083,43.4518887124,44.98928917
64,1655,48.4734388883,48.8658913936,41.585576253,44.0778920413,45.4995385435
64,1656,48.4824903409,48.8658913936,42.7584070847,43.4568132329,45.2653155342
64,1657,48.4937243077,48.8658913936,42.7085561958,43.5696748164,45.6274603779
64,1658,48.5534580038,48.8753639076,42.1012304113,41.6879454084,46.1433046903
64,1659,48.6154995308,48.8818472884,43.2404867723,43.7364001087,45.058474064
64,1660,48.6707258966,49.0739565381,41.9277477796,43.6971576683,44.358911147
64,1661,48.7097906503,49.0739565381,43.1985961022,42.5778311807,45.8136719497
64,1662,48.7238862738,49.0854694101,42.0311156289,43.5883255701,46.3152504671
64,1663,48.7854283921,49.0854694101,43.3217315536,43.6522969325,46.2990981507
64,1664,48.812934483,49.0854694101,44.2792440561,43.0275911533,46.061349716
64,1665,48.8410906945,49.2089429646,42.800375879,41.775073259,45.1099317131
64,1666,48.8803298106,49.2089429646,43.6278115778,44.0491948633,45.5496037381
64,1667,48.926601271,49.2089429646,43.8762335517,43.1514604074,45.6637970219
64,1668,48.9670755211,49.2089429646,43.8001497222,44.0528169179,46.1510527424
64,1669,48.9914658598,49.2089429646,43.4044114216,44.6585190388,44.8864004416
64,1670,49.0415593732,49.216461973,42.2529765801,44.2445545012,45.5418780406
64,1671,49.0724171534,49.216461973,42.6772993324,44.4499679897,46.5362263631
64,1672,49.1126929386,49.4150779903,42.2351743715,44.5164503485,44.460783067
64,1673,49.1172622344,49.6060224188,42.102048816,45.285586276,45.443608408
64,1674,49.1413556243,49.6060224188,43.3273045958,44.3938049932,45.3314865352
64,1675,49.1710478415,49.6060224188,43.7750907208,42.9285647347,46.4867525122
64,1676,49.1934850244,49.6607349057,42.6769741455,43.6596817571,45.8953002708
64,1677,49.2573743727,49.6808383627,44.3258297886,44.4544968425,45.6394606701
64,1678,49.3130150447,49.725236057,43.0028804513,44.3224463538,46.120676767
64,1679,49.3381698136,49.7430138536,43.6654890102,42.0152867931,44.5094325819
64,1680,49.3508564747,49.8028748804,44.8206473061,43.8322468341,46.0880403877
64,1681,49.3984998538,49.8028748804,42.9691896413,44.0955761967,45.8339345958
64,1682,49.4382675802,49.8028748804,43.9525657202,44.6760463089,46.1751432156
64,1683,49.4768545889,49.8073524545,44.1206683779,44.8532458666,45.7193864959
64,1684,49.4994371374,49.8268677328,43.5689565905,44.7237333073,45.9039562575
64,1685,49.534026873,49.8268677328,43.3610431263,44.9697586204,46.273793465
64,1686,49.5593085425,49.8828308497,43.2618611469,43.9882325811,45.03155409
64,1687,49.6062018956,49.9031931496,43.8863714256,45.2267334817,45.7933547606
64,1688,49.6498564408,50.0918779041,44.2188654407,45.0779259556,45.588953746
64,1689,49.6681642346,50.0918779041,43.4956923913,44.2974600212,45.1262107175
64,1690,49.6818625037,50.2009092992,43.1366364095,44.7047978492,45.5072128193
64,1691,49.7363494218,50.2760979922,45.1451299491,45.3494660974,46.1803200632
64,1692,49.7748212956,50.2760979922,44.6313529128,44.8897600401,45.192658564
64,1693,49.7873229142,50.4404029771,43.6798676056,44.7259746702,45.7539641009
64,1694,49.8283777582,50.4404029771,45.5785467135,43.96792007,46.7092485655
64,1695,49.8590672209,50.4404029771,43.8737101022,44.0809388597,46.7244409353
64,1696,49.9322778274,50.4450456675,44.7518296411,44.5498818847,45.7982906252
64,1697,49.9831100432,50.4454131406,44.5268454901,44.697719962,47.7424113576
64,1698,50.0005688698,50.4454131406,44.8434929433,44.8738372987,46.2539453291
64,1699,50.0187629363,50.4504842122,45.7130702468,44.0580307887,45.8695603939
64,1700,50.0484676925,50.4504842122,44.299241424,44.5371505849,46.4996590788
64,1701,50.1278803242,50.4504842122,45.384406176,44.5321740668,46.2822265282
64,1702,50.1427390778,50.4504842122,45.2610488134,45.0324996179,46.3452550098
64,1703,50.1813652981,50.6347218918,44.1802465279,46.0898593662,46.9414306779
64,1704,50.2105014773,50.6434481793,44.5668604498,45.781920211,46.2661065442
64,1705,50.2245906326,50.7613221171,44.7307765423,44.8024023324,45.9473893202
64,1706,50.2775046536,50.7613221171,45.1946954536,45.903932299,45.8191861548
64,1707,50.3180869933,50.7613221171,44.314833987,46.0937339018,47.883113848
64,1708,50.3328068908,50.766962639,44.931563166,45.775142686,47.1747641356
64,1709,50.3653984458,50.766962639,44.1284479871,44.745941363,46.2534095725
64,1710,50.4362554272,50.766962639,45.3204909406,44.2277973402,47.6024739303
64,1711,50.4555576688,50.877498284,44.5841302405,44.3710434067,46.8215102048
64,1712,50.4973688809,50.877498284,42.8193719188,44.5182953786,46.2487717383
64,1713,50.5283807348,51.0252418834,43.3562491792,44.7690725545,45.7655431666
64,1714,50.5952701135,51.135531428,44.5140275822,45.472184295,47.7400279532
64,1715,50.6104010591,51.2157762182,45.1712557696,44.6840575494,47.3549256301
64,1716,50.6368188747,51.2157762182,43.7887784208,46.3088634724,47.4249042437
64,1717,50.6836310446,51.2524676157,45.0005902731,45.9953616712,46.7675162022
64,1718,50.6961316964,51.2524676157,45.4887103862,45.4799954384,47.449121986
64,1719,50.7170681937,51.2524676157,45.5977443901,46.2177972831,47.7173585714
64,1720,50.7639219601,51.5035243627,45.1984158143,46.5528189582,48.2725483404
64,1721,50.8390572119,51.5035243627,45.1689243437,45.9519286025,46.1809045656
64,1722,50.872946821,51.5035243627,45.7106833794,46.3386415259,47.6737797202
64,1723,50.9143410645,51.5040890735,45.4311566855,44.6138817387,47.90037183
64,1724,50.9317393613,51.5241438667,45.1923699481,46.4126395564,47.5766081959
64,1725,50.9636672416,51.5241438667,45.9866879543,46.74927728,47.4984368893
64,1726,51.0135818247,51.5241438667,44.9972408952,46.7211906589,47.0236395898
64,1727,51.0841637055,51.5666433287,45.847498103,46.4061409516,47.1126964599
64,1728,51.0954386953,51.6267601111,45.3765266933,47.039049737,47.5014956834
64,1729,51.1484907724,51.6267601111,45.5126503426,45.9334584076,47.7483017893
64,1730,51.1806125952,51.6267601111,45.5877203809,45.9159322678,46.9605872867
64,1731,51.1963773395,51.6267601111,45.2657342288,46.4644586843,46.4496547163
64,1732,51.2893245219,51.7012023755,46.2108291649,46.6351612551,48.1110045635
64,1733,51.2942948336,51.8544174321,45.392096252,46.660564377,47.8685497672
64,1734,51.3380257082,51.8849939222,44.9317998236,45.7568729528,47.1706942053
64,1735,51.417968971,52.028614672,46.8264852688,46.267474854,47.1703897595
64,1736,51.429410044,52.0455701109,44.9682515546,46.0462301006,47.3151916308
64,1737,51.465551913,52.0455701109,45.2652778507,46.246773486,47.4105449055
64,1738,51.4700090869,52.0469257192,45.6911160002,46.6460122449,48.0457383368
64,1739,51.5306287598,52.1478524407,44.9408206006,46.2244330261,47.7945313921
64,1740,51.5324080914,52.1791513685,45.0578722572,46.7159630704,46.6070219404
64,1741,51.5670147176,52.1791513685,46.0755798334,46.0135051114,47.3674225957
64,1742,51.5941525021,52.1791549233,46.6759421981,46.8090836433,47.1918492118
64,1743,51.6248268535,52.2078836739,46.3927812299,46.0286771991,48.0694223582
64,1744,51.6683603082,52.2078836739,45.9993545119,47.5923525807,48.3009853343
64,1745,51.6750215549,52.2083544307,45.4718146813,46.8115382805,47.5732929487
64,1746,51.758959199,52.3825215106,46.1976007293,46.8480020799,46.7398364167
64,1747,51.7796808856,52.3837318873,45.324237598,46.8747335223,48.1005599402
64,1748,51.8235529377,52.3946221542,47.0605581277,46.7269525121,48.2021305798
64,1749,51.8541424697,52.3946221542,46.6702662691,46.3533626104,47.1469784004
64,1750,51.8797780348,52.3946221542,46.580133252,47.2388034011,47.6827628049
64,1751,51.9173072763,52.3946221542,46.4979582724,46.5178298461,48.1122303136
64,1752,51.9583678637,52.6243143433,46.6048315343,47.4171958968,47.0038891862
64,1753,51.9742209971,52.6807897902,46.9242531425,47.0138567673,47.0198306658
64,1754,52.0034247721,52.7660610713,47.1906556295,46.2633233925,48.3488287094
64,1755,52.0738180769,52.8234443543,47.0201241287,45.4179362883,47.2774210749
64,1756,52.1201432527,52.8234443543,47.0395709752,47.3995739335,48.8366700251
64,1757,52.1326292404,52.9268234853,46.5033627398,47.6836372986,46.3803323038
64,1758,52.1943155022,52.9268234853,47.6354664305,47.7330042822,49.2288554801
64,1759,52.227675321,52.9303932725,47.0029250023,48.8734105136,47.163213297
64,1760,52.2555485264,52.9303932725,47.2774830603,47.6035980169,48.1225185699
64,1761,52.2738398246,53.0093250996,47.797478469,48.4431564266,48.4923328397
64,1762,52.3080602657,53.0143254543,46.2548731982,47.7422390304,49.1695018506
64,1763,52.3178154299,53.0257178771,47.248076438,47.5530240067,48.4338355814
64,1764,52.393862137,53.1203992307,47.4156252733,48.4100139288,48.5267003282
64,1765,52.4137865001,53.153314059,46.8124500758,47.0944706391,48.6025313251
64,1766,52.4512066863,53.153314059,45.980189548,48.4342959189,48.277277199
64,1767,52.4914785305,53.153404957,46.5303698357,47.936977695,47.4646503003
64,1768,52.5769603179,53.1551628329,47.1803013052,48.1072471079,49.0015825866
64,1769,52.6039201413,53.1551628329,47.1766881538,46.926885574,47.6832930392
64,1770,52.6177229347,53.1551628329,47.4914973624,47.7832126716,48.6031240182
64,1771,52.6536935715,53.1551628329,47.3179482121,47.0940469716,48.8701932378
64,1772,52.7017639824,53.1551628329,47.234082545,47.9003647929,48.8775556892
64,1773,52.7171535426,53.1551628329,47.6371068932,48.0300685357,48.4948356845
64,1774,52.8035343078,53.1551628329,48.4740482686,48.5306956672,48.4081914555
64,1775,52.8082710967,53.1551628329,47.2328425556,48.1895177051,47.8134290444
64,1776,52.8588748557,53.1551628329,47.7970595104,47.6531005016,49.0907045191
64,1777,52.8925817142,53.1551628329,47.8666111466,47.9444393258,49.0376781079
64,1778,52.8990204017,53.3384238708,47.526720652,48.0753862105,50.0011651336
64,1779,52.9341221984,53.3572542411,46.3375774227,47.7497294492,48.4969276731
64,1780,52.9763642546,53.3896295078,47.3971570903,47.5805142336,49.5570787534
64,1781,53.0148750254,53.50807851,46.4878327313,48.2738283933,49.2769095266
64,1782,53.0486153675,53.5626287882,47.4734376389,48.5445134391,49.7093165881
64,1783,53.090639498,53.6707604768,47.8084655205,48.1845748802,49.4551076155
64,1784,53.1251967633,53.6853772166,47.4792523242,48.7679713482,49.3557388211
64,1785,53.1588100463,53.7976040214,48.2190112875,48.4274360477,49.6312091039
64,1786,53.2164902303,53.7976040214,47.9368841983,48.210186999,49.3841749626
64,1787,53.2365296315,53.7976040214,47.9054687434,48.8223923515,49.4952268101
64,1788,53.2771909454,53.7976040214,48.6700535252,48.218580403,50.3010821119
64,1789,53.3008392202,53.7976040214,48.2178725499,48.863168885,49.696204515
64,1790,53.3263728095,53.7976040214,47.8609883697,48.2220720987,48.0688396336
64,1791,53.3646333467,53.7976040214,48.1489683919,46.6874121884,49.5936566047
64,1792,53.3924245407,53.7976040214,48.3472477309,49.5629034149,48.9812724482
64,1793,53.41460142,53.9060004936,47.1116178584,48.7368807059,49.644323103
64,1794,53.4530756096,53.9134481496,46.5545634175,49.3143121646,49.7318295447
64,1795,53.4994828815,53.9134481496,48.8261125788,47.8756822557,49.838189994
64,1796,53.5746492971,53.9512266,48.7316807437,49.0015860293,48.638963215
64,1797,53.5953037586,53.9516749387,48.8574972537,48.8058910758,49.576524749
64,1798,53.6499202184,53.9525407049,48.4260965015,49.349237004,50.3137554237
64,1799,53.6709520089,53.9525407049,47.3022878949,49.3285370969,50.1285853858
64,1800,53.7452497585,53.9787725023,48.2434217824,49.8517117827,50.2706994767
64,1801,53.7884397599,53.9787725023,48.232213352,48.9163617852,49.5844958097
64,1802,53.8256786093,53.9787725023,48.8580917718,49.4342069355,50.209150746
64,1803,53.8906481452,53.9787725023,48.5192369967,48.8826891018,49.3267385026
64,1804,53.9249370639,53.9787725023,48.440063006,49.2760460364,49.1502327836
64,1805,53.9466308612,53.978774112,49.1147470406,48.5083877226,49.1767638857
64,1806,54.0032275112,53.978774112,49.1691832941,49.6247405789,49.2538124525
64,1807,54.0305582225,54.3287332306,49.6237407652,49.6870239281,49.5776747185
64,1808,54.0513898636,54.3287625147,48.3252762029,49.4069214047,49.5264617953
64,1809,54.0881518048,54.3288610441,48.8405972613,49.4460009171,49.9757021958
64,1810,54.1439239064,54.3488778913,49.3674169796,50.1396489756,49.3591254961
64,1811,54.1664894192,54.3938471711,48.6183417013,48.9951590722,48.9818118254
64,1812,54.2100531267,54.6844872645,49.1234371647,49.8239023571,50.6114041889
64,1813,54.2449894713,54.7024556473,49.1578610831,50.0507361044,50.1995559746
64,1814,54.2653696102,54.7024556473,49.1737659194,49.7287787212,50.8957105245
64,1815,54.3037095804,54.7024564628,48.6720308952,48.6151708373,49.472541913
64,1816,54.3540445228,54.7024564628,49.9331255807,50.7321554876,49.7738392282
64,1817,54.3924633378,54.7024564628,48.9894468414,49.3944612614,50.5219349096
64,1818,54.4163418594,54.7024564628,49.7623888153,49.877002995,51.3289092889
64,1819,54.4414534247,54.7024564628,48.1036787268,49.0903050936,50.8290671758
64,1820,54.4514398868,54.7024564628,50.2608194335,50.1370533804,50.2266346804
64,1821,54.4596454471,54.7024564628,49.0091872569,48.5509189545,51.4988723987
64,1822,54.492783532,54.7024564628,48.9781629629,49.55501421,51.0786031836
64,1823,54.5363856172,54.7101320184,49.1268850365,49.2529132461,49.3949162254
64,1824,54.5708986666,54.7101320184,49.4999482524,50.0155638729,50.8043867971
64,1825,54.6036447963,54.7101352381,49.2162952085,49.966716567,49.6771202706
64,1826,54.6874157423,54.7101352381,49.5650242606,49.02586386,51.061170669
64,1827,54.6982503102,54.9074910168,49.6069124099,48.9186886467,50.5447582045
64,1828,54.7365564034,54.9091707956,48.3614654578,50.2912202324,49.9794748851
64,1829,54.7694082852,54.9091707956,49.3678653166,50.0083162358,50.4348600332
64,1830,54.7774558635,54.9091707956,49.9372902535,49.6320850798,49.0801250428
64,1831,54.8658165524,54.9091707956,49.2132063858,49.4906065891,51.1056428433
64,1832,54.8830446611,54.9103808581,48.5651815877,48.8624927151,50.4056875344
64,1833,54.9206130294,54.9103808581,49.8981805217,50.3415178944,51.2319378679
64,1834,54.9569191561,55.2037294946,50.2162392949,51.3479633597,50.8141153089
64,1835,54.9912125248,55.2037751978,50.4663753478,48.989086196,50.9854412621
64,1836,55.0293651077,55.3007186651,49.6011507244,50.6806966643,50.2384546346
64,1837,55.0669622714,55.3031761077,49.93107072,49.3607368658,50.2139226631
64,1838,55.1061454852,55.6136964791,49.2650598847,50.3476206615,50.6616959143
64,1839,55.1696144814,55.6136964791,49.8455470277,49.337500936,51.7693980955
64,1840,55.1939929215,55.6339904264,50.5527783681,49.7010364482,50.2025966505
64,1841,55.2379654662,55.6339904264,49.7570170343,49.1568356489,51.1457590919
64,1842,55.2575339114,55.775977065,50.2915962546,49.9180265261,50.6865108206
64,1843,55.2844982888,55.775977065,50.6296056852,50.9955469612,51.3601320398
64,1844,55.3035528393,55.775977065,50.880098861,50.817767516,51.1682660526
64,1845,55.3634002761,55.891773216,51.0843094865,51.4181896399,51.5430419565
64,1846,55.3930507945,55.9162121095,49.9821745105,50.5285218063,51.0745859666
64,1847,55.4344997095,55.9162121095,49.8606873743,50.7092554369,50.753938224
64,1848,55.4522029893,55.9162121095,50.7569899995,49.7953872045,50.37703288
64,1849,55.4882979962,55.9162121095,49.9913211823,50.7361010162,51.489260062
64,1850,55.5186621752,55.9162121095,51.1171253791,50.3704148749,51.8253144605
64,1851,55.5565437086,55.9482631169,50.7676582548,51.3500989952,51.3362974099
64,1852,55.6115696986,55.9537710981,49.8460725043,51.1121076434,52.3129258168
64,1853,55.6376382398,55.9720182687,50.7410879793,51.2186717679,50.7766899466
64,1854,55.7009042354,55.975544399,50.6084842764,50.3631046319,51.2721369593
64,1855,55.7331176294,55.975544399,50.2191178853,51.0054309251,51.2677422072
64,1856,55.7374718313,55.975544399,50.6068491223,50.9142088599,51.334674757
64,1857,55.7796889055,56.0752682767,51.2461929247,51.9153866014,50.4811576797
64,1858,55.8450065657,56.0916402901,50.6653175253,50.6044928106,51.0517125742
64,1859,55.9276507042,56.0916402901,51.0152567283,51.8637268528,52.5035214706
64,1860,55.9390648868,56.0918994006,50.4780838791,51.8247118836,52.1692027333
64,1861,55.9804270692,56.0918994006,50.0239261761,51.5460179686,52.2739151892
64,1862,56.0236196311,56.3292727233,51.2200382785,51.0325036196,51.9407000438
64,1863,56.0358338987,56.5579692865,50.8911191528,51.2649784679,51.1290807381
64,1864,56.1003194724,56.5581215796,51.7118992559,51.0332347893,52.0400833019
64,1865,56.1235789387,56.5581215796,50.3794587348,51.9771924497,52.6406762866
64,1866,56.143937095,56.5586632445,51.0232345098,51.4565497747,52.8801878242
64,1867,56.1571249846,56.5857864376,51.3082858379,51.1064047136,51.6483640661
64,1868,56.1781763935,56.5857864376,51.7367027325,50.8891514303,51.4183786996
64,1869,56.2115804603,56.5857864376,52.6458806722,51.4420660557,51.8608523468
64,1870,56.2426750382,56.5857864376,50.6015383648,51.9425480067,51.7209577357
64,1871,56.2814883288,56.5857864376,50.5323602394,51.2620011196,51.7629692848
64,1872,56.3817510617,56.5857864376,51.5610748271,51.4097607791,52.8982127383
64,1873,56.3988701949,56.5857864376,50.8267538409,51.8697224522,51.5680513031
64,1874,56.404044118,56.7840535094,51.4308689427,51.7613082624,52.4041206205
64,1875,56.4755818305,56.7840535094,51.118459667,51.0157264202,51.8062816696
64,1876,56.5094827271,56.8674964201,51.9005647953,52.0680523584,52.0655934583
64,1877,56.560501548,56.8674964201,51.6675643285,51.6783911775,52.0786949319
64,1878,56.6175751702,57.0432726422,51.9058997454,50.8946089379,52.6200439273
64,1879,56.6399411781,57.0432726422,51.4770253392,51.6129806345,52.6601295882
64,1880,56.653096879,57.0432726422,52.7796468827,51.385904293,52.1829965169
64,1881,56.7006484364,57.0432726422,52.0288780233,51.9812152149,52.5717407656
64,1882,56.7742032464,57.0432726422,52.9412721144,51.7719764163,52.7553923881
64,1883,56.8373763033,57.1520811953,52.5292431926,52.1240249714,52.3819475251
64,1884,56.8529836882,57.1783104677,52.8041995799,50.7875217024,52.7434437058
64,1885,56.8725217857,57.1797222904,52.0602382227,52.100515045,52.6239660777
64,1886,56.9126213821,57.3041677851,52.7526142773,52.0984660492,52.1658341133
64,1887,56.9293402349,57.3645561927,51.286766222,52.5976043444,51.7273107501
64,1888,57.0059940612,57.3669491326,52.5779331306,51.8778572146,52.7380714514
64,1889,57.0414659323,57.3669491326,52.6523692665,51.2429088595,52.8441012085
64,1890,57.0815406882,57.5287382787,52.595099476,51.8731282204,51.7030463637
64,1891,57.0970791563,57.6162839647,53.3026452396,52.5576455948,52.3028351623
64,1892,57.1942304696,57.6509033101,53.2031308542,51.8517819996,53.2729175192
64,1893,57.20400144,57.776365005,52.3921082263,51.7326985505,52.0564913386
64,1894,57.2517082421,57.776365005,52.764704543,51.8804128759,52.1357041278
64,1895,57.3442661583,57.776365005,52.7225854634,52.586449529,52.7768052222
64,1896,57.3840068763,57.794985136,52.4007181409,52.9674519387,52.8323169643
64,1897,57.4063428383,57.7967628569,53.2467093823,52.103529554,53.2486514456
64,1898,57.4761970221,57.7967628569,53.2117127086,53.3461288038,53.1752191348
64,1899,57.4959229446,57.7967628569,52.9034729809,52.676542717,53.4671878213
64,1900,57.5461654753,57.7967628569,52.7576325055,52.6331205279,52.8638992492
64,1901,57.5570043374,57.7967628569,53.3222924045,52.6409610792,53.4794513794
64,1902,57.5999205106,57.8505880545,53.3930339033,53.026636926,53.3101683109
64,1903,57.6246112659,57.9310243657,52.8837000367,52.7450111865,53.7900994643
64,1904,57.7116408331,58.0633959191,53.7040368825,52.8819038523,52.5901478428
64,1905,57.7295885985,58.0633959191,52.85098642,53.1437641703,53.6780419371
64,1906,57.7569948496,58.0633959192,53.1519196434,53.0298840486,53.1598763681
64,1907,57.7851663659,58.0633959192,53.3459855196,53.1359681233,53.7339813386
64,1908,57.8349702367,58.0633959192,53.8169595391,53.2608633133,53.0245420214
64,1909,57.9936653952,58.0634692625,53.3356587555,53.0087107352,52.8447958137
64,1910,58.0084680848,58.0634692625,53.5596140787,53.6077972045,52.4459835314
64,1911,58.0543406695,58.0634692625,53.2730626369,53.3349040566,53.5764506613
64,1912,58.0701747279,58.2139816909,53.5937730844,54.2641303032,53.2789418112
64,1913,58.1596548392,58.2560429877,53.2857458664,53.2617311686,53.8368616519
64,1914,58.174691945,58.2940785999,53.6012838817,53.6515262008,54.5359239179
64,1915,58.2073825539,58.3726619512,54.1966050034,52.7184421848,53.9898596394
64,1916,58.2183043138,58.4022648119,53.7104462866,52.9092474134,53.8354291537
64,1917,58.2558836421,58.4193516672,54.1044863431,53.7827043646,54.0754813142
64,1918,58.3108894747,58.4193516672,52.7957737307,53.5428747618,54.1457522279
64,1919,58.3357900194,58.4193516672,53.3222472529,53.7381039936,54.2944969343
64,1920,58.3525112774,58.6280869715,53.9793175177,54.013251779,53.2897516884
64,1921,58.3641766811,58.6280869715,53.2303543436,53.1801408083,54.4059327014
64,1922,58.428107543,58.6280869715,54.1393561975,53.932360365,53.6047634984
64,1923,58.4680847203,58.656353269,54.2219962726,53.8160488498,53.9478928123
64,1924,58.5437446565,58.7639320225,53.8246417732,54.0623541251,54.2006901425
64,1925,58.5901835572,58.7639320225,53.9791767567,53.5561242594,53.6943913514
64,1926,58.6207236346,58.7639320225,53.9669632025,54.1915572488,54.8022855713
64,1927,58.7387569208,58.8776077358,54.1297560222,53.6472558824,53.6553344828
64,1928,58.7902325807,58.9202563931,54.3893074883,53.2736868461,54.4278864951
64,1929,58.8088142437,58.9202563931,54.1705920712,53.6526069192,54.7141155193
64,1930,58.8681058633,58.9202563931,54.7022865095,53.7121623313,54.3180149743
64,1931,58.8685863243,58.9202563931,54.9437719895,54.3463445621,53.5503551987
64,1932,59.007834701,58.9521352842,53.8390588657,55.1779395153,54.1261174951
64,1933,59.0321461455,58.9538773301,53.5995144618,53.5578290563,54.4327140662
64,1934,59.0423086868,59.1422050756,54.7433818935,54.330721009,55.081558408
64,1935,59.0496999623,59.1803404259,54.8854182718,53.7399352398,55.0439382
64,1936,59.0950743395,59.2679491924,55.7170129003,54.1971100582,54.1538132943
64,1937,59.1611012192,59.3588135238,54.3700057817,54.5050261656,54.7457095281
64,1938,59.1988764103,59.3588135238,54.732602967,54.6505841327,54.5326026279
64,1939,59.2052125558,59.3949835581,54.2906780552,53.9982349853,54.6251630745
64,1940,59.3081429993,59.4024091874,54.8399833572,54.4578937912,54.7151860364
64,1941,59.3248691294,59.6570769172,55.1801289482,54.4173039656,53.9248368283
64,1942,59.3659312605,59.6570769172,54.0287612215,55.2514736799,55.6238394479
64,1943,59.3794217112,59.6570769172,54.7977643004,54.5280358813,55.5444043315
64,1944,59.4415895674,59.6570769172,55.758119341,55.2816286375,55.4113894145
64,1945,59.4687276522,59.6570769172,54.683601752,54.9537389478,55.3536383807
64,1946,59.4834201825,59.6570769172,54.7395319757,54.6107365573,55.3613155751
64,1947,59.4999782807,59.6570769172,54.8072408723,55.0049568617,55.6942449774
64,1948,59.5044740397,59.6570769172,55.3464969388,55.3276473717,55.8066773374
64,1949,59.5180249879,59.6570769172,55.6100182855,55.5555968622,55.35277095
64,1950,59.5857864376,59.6972243623,55.151538671,54.4280127984,56.321305717
64,1951,59.7639320225,59.7369225897,55.9697255231,55.3309138845,55.3149855832
64,1952,59.7639546175,59.7667904569,55.8757487379,54.7409674778,55.7725350551
64,1953,59.7667904569,59.7856802566,56.2546343065,55.8512662955,56.7787035552
64,1954,60.0,59.8299135134,55.868190054,55.8777347904,54.8114372226
64,1955,60.0,59.8299135134,54.9780208679,55.1244528348,56.0524414358
64,1956,60.0,60.0,55.6177587611,56.0281972318,56.7643929954
64,1957,60.0117240857,60.0,55.6454858984,55.6039703909,56.1341465441
64,1958,60.0437047985,60.0,56.1490716405,55.0198487812,55.3387112881
64,1959,60.0501441756,60.0,55.4185902637,56.2355658196,55.8511947561
64,1960,60.0978869674,60.0,56.551504554,55.9023343138,56.2422433873
64,1961,60.152240935,60.0,55.8706654577,55.9655435678,56.3000087384
64,1962,60.1980622642,60.0,56.5225954067,56.0842750735,55.3484181872
64,1963,60.1980622642,60.3819660113,56.3423630044,55.3031527328,56.6686227308
64,1964,60.1980622642,60.5857864376,56.1973077335,56.5475375599,56.4090268435
64,1965,60.3819660113,60.5857864376,56.2193825663,56.2679119017,56.5301299358
64,1966,60.3819660113,60.5857864376,56.351324026,56.2883199444,55.9620091684
64,1967,60.3819660113,60.5857864376,56.8253244761,55.4123240012,55.6652383446
64,1968,60.5857864376,60.5857864376,56.9840148675,56.4306972948,56.4246308388
64,1969,60.5857864376,60.5857864376,55.7342403198,57.0848040007,56.7079762238
64,1970,60.5857864376,60.5857864376,56.9353023615,56.2096045767,56.9243472656
64,1971,60.5857864376,61.0,57.1582690666,56.6320663233,56.7165781596
64,1972,60.5857864376,61.0,57.2610474716,55.7611879301,57.0198283372
64,1973,60.5857864376,61.0,57.0802416752,56.2567136533,57.6085090136
64,1974,60.5857864376,61.0,57.8854356899,56.4191178075,57.3922130755
64,1975,61.0,61.0,56.4845212172,57.1170397933,56.6640298725
64,1976,61.0,61.0,57.0522481457,56.1996297599,57.0807849944
64,1977,61.0,61.0,57.4629033993,57.0489300046,56.627968073
64,1978,61.0,61.0,56.8861457836,57.0914764375,57.1425967972
64,1979,61.0,61.0,57.733784949,57.761098377,56.9116397113
64,1980,61.0,61.0,58.3521551677,57.0859253086,57.7404418929
64,1981,61.0,61.0,57.9972582344,58.0041408087,57.3534372181
64,1982,61.0,61.0,57.5903284808,56.9488229071,57.8544764996
64,1983,61.0,61.0,57.6555823766,57.6986113551,57.3204691024
64,1984,61.0,61.0,57.9141530177,57.8104126292,57.9932087313
64,1985,61.0,61.0,57.4431861641,57.4086498274,57.5379856877
64,1986,61.0,61.0,57.9231308363,58.1556682961,58.3010658305
64,1987,61.0,61.0,57.6330983408,57.7784106572,58.6682835806
64,1988,61.0,61.0,58.5720360716,58.0764472219,58.1358358089
64,1989,62.0,62.0,58.1749501138,58.176314871,57.4553396813
64,1990,62.0,62.0,58.196784232,58.2395632889,58.7249551358
64,1991,62.0,62.0,58.1749881707,58.1109230186,57.2188956389
64,1992,62.0,62.0,59.4277667138,58.1177978135,59.293769291
64,1993,62.0,62.0,58.6624647377,58.0939894109,58.8366817106
64,1994,62.0,62.0,58.5029717169,58.4966066191,58.3986028795
64,1995,62.0,62.0,58.8659214534,57.9383988758,59.0917392869
64,1996,62.0,62.0,59.5596297352,58.5916824604,59.5109600049
64,1997,62.0,62.0,59.4524915406,59.1275420189,58.8821739342
64,1998,62.0,62.0,59.1426753659,59.3832970215,59.4819122312
64,1999,62.0,62.0,59.5421236654,58.8424754105,59.2312320775
64,2000,62.0,62.0,59.231260515,59.2308464699,59.8889287077
64,2001,62.0,62.0,59.5150256049,59.796704426,58.8693784621
64,2002,62.0,62.0,59.0439472844,60.2331629426,59.9933156501
64,2003,62.0,62.0,60.2227296896,59.8510861863,59.5245843406
64,2004,62.0,62.0,59.4106407549,59.6693264916,60.5412792759
64,2005,62.0,62.0,60.4472226299,59.8201690208,60.2934817378
64,2006,62.0,62.0,61.1659827027,59.8858922526,60.25660216
64,2007,62.0,62.0,60.5249658732,60.482887246,60.9571360513
64,2008,62.0,62.0,60.7514718626,60.2123690531,59.9659827027
64,2009,62.0,62.0,61.1514718626,60.6742933388,61.1394448725
64,2010,62.0,62.0,61.2343145751,60.9827739605,60.8763932023
64,2011,62.0,62.0,61.1171572875,61.2763932022,61.7171572875
64,2012,62.0,62.0,61.8,61.8,61.7171572875
64,2013,62.0,62.0,62.0,62.0,62.6
64,2014,62.0,62.0,62.0,62.0,61.8
64,2015,62.0,62.0,62.0,63.6,62.4
64,2016,64.0,64.0,64.0,64.0,64.0
128,127,0,0,0.0008647058,0.0174197822,0.0322500031
128,128,0.0024090876,0.0024090876,0.0032631357,0.0070293019,0.0426525091
128,129,0.0024090876,0.0024090876,0.009575671,0.0095947423,0.0094501604
128,130,0.0090586245,0.0090586245,0.007363662,0.0181952434,0.0446518929
128,131,0.0090586245,0.0090586245,0.0025373398,0.0224568291,0.0591256217
128,132,0.0096305467,0.0096305467,0.005770346,0.0197945225,0.0551302355
128,133,0.0096305467,0.0096305467,0.0095220993,0.0286753491,0.0304714159
128,134,0.026183217,0.0156077518,0.0050848037,0.0356484207,0.056564866
128,135,0.0273156097,0.015882581,0.0101647281,0.0274619628,0.0746386489
128,136,0.0307319417,0.0322206375,0.0185121183,0.0486080018,0.0801023889
128,137,0.0308340778,0.032789153,0.01145036,0.0275197532,0.0220915477
128,138,0.0341031911,0.0341205471,0.0193540578,0.0276874634,0.0700205375
128,139,0.0354387224,0.0341790428,0.0245354873,0.0358338502,0.0745619242
128,140,0.0355900686,0.0384294392,0.0246305872,0.0248347927,0.0793750174
128,141,0.038298727,0.0384294392,0.0084440895,0.0390816653,0.0856796793
128,142,0.0441683763,0.0384294392,0.0140458632,0.0443154219,0.1092286431
128,143,0.0520426846,0.0384294392,0.0265502547,0.0426071195,0.0835207424
128,144,0.0591997561,0.0384294392,0.0322452839,0.0334643154,0.0565950891
128,145,0.0631193627,0.0466793982,0.0292257283,0.0552417879,0.0496081343
128,146,0.0653093232,0.059195863,0.0427875805,0.0476088467,0.0963222884
128,147,0.0776826785,0.063371945,0.0305776998,0.0651610994,0.0664984165
128,148,0.0842862026,0.0673331209,0.0353061333,0.0606037075,0.0722718152
128,149,0.0859982403,0.0750284109,0.0511807083,0.0638433248,0.1346271647
128,150,0.0909460579,0.0822588027,0.0412400576,0.0581598886,0.0883238211
128,151,0.0962270962,0.093442907,0.0397165102,0.063663981,0.1245738189
128,152,0.1000274176,0.1064625379,0.0448988252,0.0734050095,0.1087601072
128,153,0.1062106314,0.1107825928,0.0490939298,0.0519614662,0.0871072079
128,154,0.1113209873,0.1122070372,0.0448387872,0.0492739931,0.1437846163
128,155,0.1161187683,0.1146679375,0.0543440263,0.077477599,0.1146638146
128,156,0.1204292102,0.1196208812,0.0656757988,0.082595259,0.1030630546
128,157,0.1285048377,0.123158657,0.0421840241,0.096992036,0.1236551885
128,158,0.1393850573,0.1247541342,0.0422230069,0.1060580279,0.1713094105
128,159,0.1434242856,0.1357480927,0.056806428,0.0702306584,0.1508097781
128,160,0.1481264567,0.1370594419,0.0740505371,0.1238549821,0.1398680698
128,161,0.1525693607,0.1553507372,0.0679642528,0.0773444174,0.1467066738
128,162,0.1572891777,0.1706099769,0.0796796758,0.100980674,0.1651894908
128,163,0.1611384956,0.181115223,0.0826280303,0.0857135217,0.1503785468
128,164,0.1771857166,0.1872701014,0.0441699564,0.0978423326,0.1057668032
128,165,0.1859848581,0.1892788896,0.0657732164,0.1293651012,0.1795724595
128,166,0.1909546623,0.1946810229,0.0752149086,0.0804730428,0.1449558433
128,167,0.194535419,0.1947083951,0.0842825709,0.1009011164,0.1944721527
128,168,0.1960701273,0.1969849714,0.1033678596,0.1190250475,0.1927819263
128,169,0.2028199483,0.1988592873,0.0919488893,0.0640494214,0.1217730169
128,170,0.2181084312,0.2085394626,0.0973881228,0.1490566929,0.2154869773
128,171,0.2211170671,0.2098527367,0.1054018516,0.1381103338,0.2299821518
128,172,0.232840867,0.2196715842,0.0968984499,0.1568320863,0.1777900315
128,173,0.2428459542,0.2339932469,0.0969183974,0.1158576,0.2126883677
128,174,0.2449725561,0.2367048735,0.0961334347,0.1586727046,0.1898677907
128,175,0.2504155641,0.2440339795,0.0892794559,0.0900952165,0.1947080039
128,176,0.2591651945,0.247097596,0.1132284161,0.1463445212,0.2052355798
128,177,0.263853586,0.2597100265,0.1113048393,0.1590658518,0.1001301156
128,178,0.2716771443,0.2654895339,0.1189604268,0.1615897992,0.2143209532
128,179,0.2735533688,0.2658474606,0.1181644832,0.1516759739,0.1327641663
128,180,0.2823634619,0.2658558813,0.1146663821,0.1601680875,0.1921691008
128,181,0.2886538906,0.2835189279,0.1275510326,0.0876722919,0.2049862231
128,182,0.3013788234,0.2850695903,0.1462504876,0.1615023368,0.267538281
128,183,0.3092045196,0.2921713104,0.1388808438,0.1972043263,0.2767332708
128,184,0.3123861671,0.3061758213,0.1688250668,0.1802486265,0.2395862642
128,185,0.3224395542,0.309653289,0.1628369393,0.1426666743,0.2691358915
128,186,0.3263151218,0.3097637042,0.1509876849,0.1831200568,0.2122745257
128,187,0.335671871,0.3256219158,0.1540375155,0.1665845862,0.2250165635
128,188,0.3417163892,0.3357699528,0.135543216,0.125864208,0.2790706439
128,189,0.3511795876,0.3399469306,0.152215943,0.2176758969,0.2727677046
128,190,0.3632944428,0.3549931885,0.1483404444,0.2192958165,0.239858539
128,191,0.3672261113,0.357299352,0.1135445221,0.2181381179,0.2248193423
128,192,0.3771873764,0.383842533,0.1442547946,0.2133167672,0.2677901732
128,193,0.3819856008,0.3987558177,0.1865529483,0.2236820962,0.2405716543
128,194,0.389123747,0.4113884797,0.177320744,0.2297289689,0.2587864971
128,195,0.3953767926,0.4151414462,0.1877675891,0.1975578293,0.2520269615
128,196,0.4001973842,0.4152339111,0.1330962921,0.1911179755,0.272364525
128,197,0.4039998878,0.418203811,0.1541712761,0.1958667529,0.2754683435
128,198,0.4081584149,0.4398367065,0.1847180062,0.1840109388,0.3072368885
128,199,0.4175039947,0.4413748526,0.1762896756,0.1921315994,0.2686164362
128,200,0.4212425785,0.4492904674,0.195311983,0.2147265268,0.2927003958
128,201,0.4309338825,0.4639894057,0.2023918386,0.2395513855,0.3019018503
128,202,0.4571542951,0.4651698176,0.1795841461,0.2353007445,0.2985025966
128,203,0.4718076363,0.4684440869,0.2132814933,0.2080928573,0.2700845633
128,204,0.4777453476,0.4897240681,0.2167349713,0.2763390107,0.3077925612
128,205,0.4899232826,0.4947662464,0.2426322816,0.2402945835,0.2685775375
128,206,0.4938122507,0.501870211,0.2436269159,0.2535705988,0.3248703834
128,207,0.4975423961,0.5057838902,0.1900765402,0.239944217,0.3219367585
128,208,0.5026537613,0.5062145782,0.1918529924,0.2033898854,0.3367218539
128,209,0.5068860159,0.5191107822,0.2135304288,0.2827828551,0.3886725754
128,210,0.530395137,0.5200545448,0.1962757856,0.2809543183,0.3647113029
128,211,0.5401444664,0.5223147179,0.2124307873,0.2718986656,0.358587276
128,212,0.5496208222,0.5247829574,0.2060475095,0.2942787034,0.3443726288
128,213,0.5635853826,0.5248066385,0.2489129558,0.3303210896,0.3456865836
128,214,0.5700500944,0.5248631425,0.1562908376,0.3317549469,0.3483667551
128,215,0.572423405,0.5326895452,0.2399496838,0.2652013297,0.4007555962
128,216,0.5771281695,0.5777524373,0.2491344529,0.2343622069,0.2701795472
128,217,0.5939321807,0.5791649381,0.2737549993,0.2442409546,0.3663188222
128,218,0.6015909266,0.6059088259,0.2435112657,0.2977107604,0.2003829313
128,219,0.6035755342,0.6155626789,0.2696119363,0.2934767266,0.3960269143
128,220,0.6140977326,0.6167931008,0.2402617979,0.3297706908,0.3322398799
128,221,0.6303646909,0.632623247,0.2604815628,0.3294924839,0.3823866185
128,222,0.6400728336,0.6402522384,0.2714855671,0.2805407356,0.3554595869
128,223,0.6522325475,0.6439734033,0.2511203212,0.3831295773,0.466611688
128,224,0.6560787195,0.6456755717,0.2638014419,0.2860061365,0.4599204293
128,225,0.6690745196,0.6515366326,0.2495619833,0.320593206,0.460979927
128,226,0.6725792331,0.6763420392,0.2315960627,0.3680912699,0.4264236761
128,227,0.6921627658,0.6964443036,0.3213235347,0.3276176676,0.4210398312
128,228,0.6948996639,0.6977090626,0.2439164399,0.3057209083,0.400199994
128,229,0.7019197317,0.6991905447,0.2159246069,0.3906756946,0.3489502402
128,230,0.7186822488,0.707039876,0.3004851103,0.3551973897,0.4418820782
128,231,0.7287261619,0.707618647,0.2829735516,0.2603029591,0.4471845783
128,232,0.7343901811,0.7396548553,0.298940563,0.3952472161,0.3964753958
128,233,0.7574821534,0.7549173645,0.3612170614,0.3498650196,0.4502000787
128,234,0.7724043745,0.7576803378,0.313926657,0.4392672481,0.5025263735
128,235,0.7845598778,0.7576813709,0.3083747487,0.3222903976,0.3913577529
128,236,0.7968940371,0.7843741702,0.374677405,0.3828683116,0.4879518259
128,237,0.8096173228,0.7864315845,0.3635247473,0.4256387415,0.2957620149
128,238,0.816773996,0.7890893955,0.3333891507,0.3219390455,0.5230727018
128,239,0.8195753559,0.7985630417,0.3470762457,0.4169618074,0.4866225988
128,240,0.8352545589,0.8341036269,0.3344191472,0.4195845786,0.3959099286
128,241,0.8465062727,0.8343247306,0.3904240624,0.4213369783,0.4728105479
128,242,0.8573957122,0.8347691018,0.4287891257,0.3520147031,0.5299463011
128,243,0.861888635,0.8352386165,0.3529814019,0.3971697668,0.4206817316
128,244,0.8637459503,0.8402470668,0.4140950279,0.4253836812,0.4792693582
128,245,0.8713613352,0.840247353,0.3957244209,0.4719693864,0.4611658249
128,246,0.8817911967,0.8538319572,0.3630507547,0.3876310874,0.4315003161
128,247,0.8872139143,0.8724359527,0.275731576,0.3641438937,0.5446569182
128,248,0.8980143331,0.8748436751,0.4372962574,0.4487578933,0.5748305741
128,249,0.9120697556,0.8769854641,0.3976899029,0.4070694986,0.4930521574
128,250,0.9187499011,0.8912590717,0.4138321353,0.4583180535,0.4932627631
128,251,0.9293247742,0.8938881379,0.4188166381,0.4418690362,0.4555823288
128,252,0.93234256,0.9336605735,0.4724089034,0.3062779158,0.4413629867
128,253,0.9463054361,0.9429650322,0.3428318951,0.3969053123,0.5445702313
128,254,0.9490735567,0.9450661222,0.4081696743,0.429851643,0.5514557008
128,255,0.9595081159,0.9481393202,0.3578880661,0.4279364131,0.5580157357
128,256,0.9749989804,0.9486677971,0.2889097062,0.4864786999,0.7440455149
128,257,0.9833632836,0.9688869238,0.2521250648,0.5297577568,0.7714294569
128,258,0.9898497794,0.9722234024,0.2862259091,0.5368784968,0.7118228381
128,259,0.9928708332,0.9989196131,0.2887575887,0.5705347506,0.7865056092
128,260,1.0088828322,1.0160779599,0.3035690176,0.6135058161,0.7661251382
128,261,1.03148894,1.0313000319,0.2910743987,0.5382573876,0.8192396369
128,262,1.0472251479,1.0317811523,0.3419221235,0.5848079414,0.783891379
128,263,1.0507698865,1.0545238969,0.3043111231,0.5555603057,0.8136328982
128,264,1.0602514894,1.0546417821,0.3418558956,0.5748246417,0.8603201046
128,265,1.0632641184,1.0555192236,0.3087438177,0.5729463545,0.8333474776
128,266,1.0723317344,1.0616583986,0.3344350124,0.6467956652,0.7477546094
128,267,1.0891784394,1.0688936973,0.3552430404,0.6055697723,0.8208456609
128,268,1.0937032362,1.0796390728,0.3841713706,0.6188894618,0.7693655593
128,269,1.099683705,1.1148202807,0.3254968612,0.5533695162,0.8805829246
128,270,1.1163797366,1.1265373342,0.3719298197,0.6582957826,0.8666256599
128,271,1.1324776171,1.1304971092,0.3642021896,0.6245446018,0.8938681855
128,272,1.1417631238,1.130856459,0.4235493064,0.6091183628,0.8076471852
128,273,1.1606491544,1.1312750712,0.4049815644,0.6128548617,0.844406291
128,274,1.1627211248,1.1317601661,0.4059066599,0.6946518473,0.928059903
128,275,1.1756004089,1.136852056,0.4132921888,0.6861140861,0.9678320204
128,276,1.187241636,1.1651516188,0.3801468809,0.6830151992,0.8564799373
128,277,1.1993296766,1.1942897415,0.425241282,0.6863385734,0.6570093108
128,278,1.2012566108,1.2001942952,0.4205392946,0.6310812984,0.8977288103
128,279,1.2185634929,1.2113519527,0.382512599,0.5741100229,0.9817767349
128,280,1.2308720362,1.2228548382,0.4565587197,0.6985872873,0.9185204782
128,281,1.2414794725,1.2338784597,0.4324538203,0.745245004,0.9183092216
128,282,1.2499155978,1.2338961572,0.4034029722,0.7255201921,0.8917176901
128,283,1.2568802942,1.2362856362,0.4524200782,0.6919436443,0.8490933876
128,284,1.2886914353,1.2363392629,0.4281728673,0.7114464398,1.0339298181
128,285,1.2934027067,1.2568269065,0.4636197622,0.6933931465,1.0228146251
128,286,1.3007475723,1.2943807753,0.4984146148,0.6980355439,0.9740680341
128,287,1.3159205704,1.3020449123,0.4138741486,0.7887311816,0.9479304201
128,288,1.3171946574,1.3094916142,0.54646436,0.7659576564,0.9185101161
128,289,1.3310936636,1.3100742403,0.5244438559,0.7581950353,1.0309754311
128,290,1.3413772763,1.3311402884,0.4946622334,0.6783903537,1.0793772546
128,291,1.3484900387,1.3334997324,0.5287732541,0.8303654847,0.9412961834
128,292,1.357079543,1.3366505116,0.4927397218,0.7720590618,0.8230327697
128,293,1.3658950804,1.3495690977,0.5277364888,0.8033601581,1.0937650107
128,294,1.3748645933,1.3642868813,0.5379268498,0.7053817611,1.0849823554
128,295,1.3846203658,1.3795943361,0.4825039384,0.7993952485,1.1197667946
128,296,1.3921003479,1.4082269769,0.4949435116,0.854981801,1.0023374303
128,297,1.3991680848,1.4275436434,0.5425870038,0.8121128264,0.9882526717
128,298,1.4129718061,1.4464411308,0.5127406746,0.8252055474,1.0848182853
128,299,1.4254243264,1.4472384696,0.5816332675,0.865229018,1.0994539326
128,300,1.4334640375,1.4592235336,0.5574135353,0.7918595761,1.1258827531
128,301,1.4446332686,1.4610370067,0.5560072311,0.9112320693,0.9701218235
128,302,1.4603182658,1.4809742805,0.5691325835,0.7832228089,1.1371958554
128,303,1.4724557148,1.497050496,0.5492351171,0.8390193359,1.1863946418
128,304,1.4798856295,1.4989918977,0.6446051238,0.8814502458,1.0971924431
128,305,1.4897400613,1.4990856847,0.4920312601,0.8439404826,1.0731091258
128,306,1.5059041928,1.5317338287,0.6333690204,0.8932576494,1.048172699
128,307,1.5104962402,1.5401041498,0.6555466946,0.913013003,1.1646260842
128,308,1.5226899876,1.5401954984,0.625155776,0.8829876914,1.1663465757
128,309,1.532778884,1.5557250564,0.6106002115,0.849974823,1.0748007518
128,310,1.5424855939,1.5769450357,0.619324032,0.826538914,1.1473668501
128,311,1.5552724079,1.6009773428,0.6241625189,0.8614029722,1.1379043852
128,312,1.5662144653,1.6028988451,0.647805933,0.9051800149,1.2117839454
128,313,1.58327299,1.6123225047,0.6302756501,0.9761850145,1.0440616776
128,314,1.5878281652,1.6241932702,0.6893831409,0.8592455864,1.1128924304
128,315,1.5999178762,1.632891013,0.6837717175,0.8872270928,1.1709649178
128,316,1.6079668438,1.6363806312,0.6441881188,0.8977530723,1.1907601641
128,317,1.6103261948,1.6463377799,0.678444684,0.9706836393,1.2159208775
128,318,1.6179751336,1.6463770894,0.6409863891,0.9977786517,1.1248568347
128,319,1.6423641099,1.6504629987,0.6587903871,0.9902480134,1.2346929161
128,320,1.6482135147,1.652915843,0.6613361594,0.9712547099,0.8737704554
128,321,1.6711131794,1.6691131671,0.6956018697,1.0120003726,1.1337577687
128,322,1.6809167886,1.694367607,0.6907445972,0.8641984279,1.2334593267
128,323,1.6940948408,1.7350179281,0.706655942,1.0044337286,1.0529448799
128,324,1.7000193305,1.7372540717,0.7307746088,0.9722224468,1.104931088
128,325,1.713463122,1.7449001805,0.7532637377,1.0082171103,1.1371481758
128,326,1.7210726183,1.7524281867,0.7269679403,1.0179366734,1.2357567909
128,327,1.7276100031,1.7532117512,0.7385673559,0.9936202001,1.3851259306
128,328,1.7456972421,1.7613050337,0.747874847,1.0862229408,1.2835610969
128,329,1.7489796578,1.7744331341,0.7929306418,0.9972713703,1.2301781501
128,330,1.7688549455,1.7814662273,0.7410382677,0.9967922395,1.306493115
128,331,1.7807469769,1.7888326087,0.7975191381,0.9958504922,1.3057856758
128,332,1.7918769564,1.8268782186,0.8332790987,1.0686583275,1.3435704634
128,333,1.801956852,1.830859504,0.8140866685,1.0663505414,1.3694041058
128,334,1.8312895544,1.8309507676,0.7661072542,1.1231534346,1.2944326997
128,335,1.8438075214,1.8631938323,0.8113287069,1.1099776067,1.2177885145
128,336,1.846786969,1.8650739852,0.8232085737,1.1463846212,1.1166113295
128,337,1.8604571457,1.8841953219,0.878174562,1.042165514,1.2859786302
128,338,1.8752259765,1.8960654948,0.870123977,1.0065116333,1.4902977544
128,339,1.8914989389,1.8967266633,0.8123627519,1.125660907,1.3412446114
128,340,1.8965516064,1.9162109738,0.7741015041,1.0846359999,1.4489350977
128,341,1.9107338779,1.9352412805,0.8281141668,1.0976883631,1.3973934603
128,342,1.9226266449,1.9384864243,0.8714784322,1.1835627769,1.324933026
128,343,1.9390210736,1.9501496929,0.8434695692,1.0846016152,1.3002728612
128,344,1.9413649108,1.9607374613,0.9439812288,1.083241572,1.4145854028
128,345,1.9499611386,1.9687085009,0.8528822685,0.9833635318,1.4202672316
128,346,1.9715732252,1.9869652974,0.8896024581,1.0909464218,1.2783993791
128,347,1.9774116991,1.9919745605,0.892198256,1.1884913242,1.4672037741
128,348,1.9957736534,1.9957710842,0.899175467,1.1229920039,1.4132559613
128,349,2.0156938894,1.9961823729,0.8884187526,1.1797103307,1.5039799815
128,350,2.0223009784,2.0032564742,0.960251631,1.1128972862,1.4428224618
128,351,2.0419463303,2.0047293012,1.0136210976,1.3542852993,1.3963105042
128,352,2.0480881578,2.0069256934,0.9151937927,1.140464995,1.3102712311
128,353,2.0539501201,2.0166010115,0.9782348489,1.2341866583,1.2441020033
128,354,2.0765250573,2.0167859964,0.9170770704,1.2858875703,1.2796612127
128,355,2.0885332377,2.0819873084,0.9388077362,1.1643388359,1.4820903993
128,356,2.0936535191,2.0819966546,0.9124324287,1.23684659,1.3231144232
128,357,2.1013998188,2.0994410355,0.9246796758,1.2686443189,1.4142633157
128,358,2.1292219216,2.1016084866,0.9778488677,1.1003179836,1.3703534612
128,359,2.1342940406,2.1167889217,0.9917314723,1.0444367278,1.3365244252
128,360,2.1429953674,2.1202631545,0.9494378101,1.2096379432,1.5187659287
128,361,2.1627596991,2.1265150242,1.003604283,1.3047789556,1.4522804965
128,362,2.1774290158,2.1270792779,0.9737530497,1.1864610192,1.4540921539
128,363,2.1918287492,2.1271409736,1.0207962998,1.234168465,1.3909394458
128,364,2.2009591477,2.1544002978,1.0047138495,1.164044275,1.4585785127
128,365,2.2115845395,2.1599007757,1.0969048264,1.2426970166,1.5700187827
128,366,2.2178945716,2.1688834479,1.129918066,1.3158727607,1.2086122405
128,367,2.2394731269,2.1805406744,1.0492092671,1.3467508106,1.547908184
128,368,2.2443483147,2.2087109884,1.0895716621,1.2959937618,1.4787808408
128,369,2.2497880512,2.2163842515,1.0598232864,1.0095366672,1.6761312059
128,370,2.2683884362,2.2179655616,1.0844520683,1.2765043125,1.5635324095
128,371,2.2739307856,2.2370704125,1.0106086183,1.2405426084,1.5947688867
128,372,2.281223852,2.2395462781,1.1804801881,1.4144522932,1.5814751947
128,373,2.2911874947,2.2712931717,1.1483812047,1.1602767833,1.0312835349
128,374,2.2977449446,2.283745416,1.0371254512,1.3516877529,1.5527477568
128,375,2.3198483771,2.2938297203,1.028356535,1.4421503705,1.7267919933
128,376,2.3214872384,2.3115091312,1.1492693524,1.1737089383,1.6612844031
128,377,2.3298959445,2.3149719806,1.1156800855,1.2807329173,1.5555274396
128,378,2.339297767,2.3176973907,1.1217849516,1.3845550271,1.6885235363
128,379,2.3588632672,2.3177085613,1.2235436966,1.3714332009,1.688950702
128,380,2.3703803762,2.3333122047,1.07472871,1.2558561787,1.6280418933
128,381,2.390142402,2.3516513783,1.1606557794,1.4542889203,1.8167560822
128,382,2.3946907525,2.4126114976,1.1733353495,1.3681167257,1.7163554614
128,383,2.4174960941,2.4151047378,1.1722481378,1.3985449542,1.4524271619
128,384,2.4247951553,2.4293759706,0.7488493133,1.355644232,1.8950428988
128,385,2.4291591551,2.4310495853,0.6998614708,1.4774004242,1.9466901263
128,386,2.4486999195,2.4447488094,0.7194287081,1.4130955723,1.9012718259
128,387,2.4639783417,2.4515189589,0.7733239392,1.4248174187,1.7917450145
128,388,2.4676978646,2.4905005743,0.7546672203,1.4830214624,1.8065066006
128,389,2.4794856718,2.503221773,0.7595321087,1.3636127842,1.9300441724
128,390,2.4900238238,2.5105099186,0.8039712406,1.4136976975,1.9421248047
128,391,2.4956251749,2.5133324056,0.7336868936,1.4277142786,1.94185202
128,392,2.5080413589,2.5265033353,0.8140417506,1.4735366396,1.9436436241
128,393,2.5099525715,2.5318754794,0.7990404183,1.4848611926,1.8219827573
128,394,2.5310373882,2.5534617618,0.850695141,1.3928906662,1.8942848908
128,395,2.5397567323,2.608146153,0.8134631727,1.5016914386,2.020249681
128,396,2.5537074547,2.6148906705,0.8386900181,1.4537336912,2.036205029
128,397,2.5552884275,2.6149311813,0.8283910703,1.5222561868,1.778183305
128,398,2.5783671979,2.6175813333,0.8404947261,1.4081700436,1.8827914781
128,399,2.5957159208,2.6367611736,0.7746478825,1.4500130356,1.5424631026
128,400,2.6185720792,2.6367613527,0.8730658009,1.5023106871,1.9215025179
128,401,2.6220014041,2.6565530086,0.8947231909,1.4582651652,1.9758632198
128,402,2.6283100356,2.6602539313,0.904912299,1.5453252049,2.0415062642
128,403,2.6456740876,2.6763242334,0.89745979,1.5029438641,1.7716431665
128,404,2.657250074,2.6802394311,0.9321507152,1.5537225114,1.9567060409
128,405,2.6813592606,2.6886456771,0.8849976233,1.5701397209,2.2046833766
128,406,2.6882368144,2.7136050109,0.9687835315,1.5398531919,1.9274320193
128,407,2.7022252339,2.7206296384,0.9199450006,1.6452292265,2.0223503163
128,408,2.7126987871,2.729336765,0.98186195,1.6068829074,2.0206070611
128,409,2.7190686156,2.7303183252,1.0046578981,1.6158583993,2.1128508795
128,410,2.7383044919,2.7444273448,0.9696327071,1.6206806464,2.1108145358
128,411,2.7511130038,2.7708173563,0.9323102866,1.6017725686,1.9451140826
128,412,2.7614698989,2.7715534342,0.9278653516,1.6814453969,2.0772457311
128,413,2.7730346191,2.7715534343,1.0112339134,1.629711982,1.8405670344
128,414,2.7798832707,2.7923053744,0.9151715934,1.6686820338,1.85737125
128,415,2.7953500616,2.8028678709,1.061888022,1.6231516904,2.1895560485
128,416,2.8073748089,2.8042733518,1.0146206139,1.6483129246,1.878343469
128,417,2.8144936664,2.8047101655,1.0297473021,1.5862777389,2.1584499767
128,418,2.8259099945,2.8116575168,1.0128254924,1.6357384028,2.1758378458
128,419,2.8470207289,2.8222158501,0.9939893583,1.6838094173,2.0736810993
128,420,2.8615786116,2.8527393784,1.0542352981,1.6884996999,2.1414230654
128,421,2.8765243445,2.8528918637,1.088118389,1.6960974649,2.2536618613
128,422,2.8820771794,2.8537395681,1.1236341639,1.4898339192,2.1201684003
128,423,2.8952399183,2.8921722647,1.0784472379,1.6375883725,2.1186544658
128,424,2.9040153623,2.8932982721,1.1400979753,1.7384535791,2.0944550176
128,425,2.915510989,2.9130113687,1.1309833751,1.7137372091,2.029158294
128,426,2.9242738394,2.9133185376,1.1148326079,1.6763495247,2.2312354466
128,427,2.9300801987,2.9236751064,1.1258221005,1.6332065394,2.2182507539
128,428,2.9375235203,2.9364068394,1.0587976906,1.803209317,2.4265760778
128,429,2.9608122322,2.9387638706,1.1479205619,1.811398756,2.2008834388
128,430,2.9708294764,2.9457454123,1.1562025237,1.7892652418,2.3121038171
128,431,2.9802002219,2.9650623557,1.1352074781,1.8068134361,2.1308390871
128,432,3.0003342502,3.0200966543,1.184968127,1.7854014265,2.2288889765
128,433,3.0039303281,3.0332734138,1.1930183676,1.7477011495,2.3002978668
128,434,3.0311627108,3.0506217148,1.1834199479,1.713418358,1.9284485136
128,435,3.0336974281,3.0719401318,1.2077047256,1.7250230275,2.0379932188
128,436,3.0453329133,3.0719412267,1.1591538733,1.8402553077,2.2628091234
128,437,3.0589505663,3.1001873612,1.2305888195,1.8093797783,2.0917817982
128,438,3.0710118784,3.1011657357,1.2343463789,1.8552676607,2.117774167
128,439,3.0844344172,3.1062793932,1.225778715,1.9017602267,2.4505550933
128,440,3.0978013274,3.1066864197,1.1883648743,1.9619106492,2.1879195668
128,441,3.1147850417,3.1216538995,1.2785862294,1.9098037828,2.3559429654
128,442,3.1378750213,3.1220926633,1.2503832856,1.9815011807,2.2240460362
128,443,3.1475875582,3.1356170203,1.3008120604,1.6716584838,2.5168177177
128,444,3.1633423279,3.135620851,1.2563238769,1.9409423602,2.4816377893
128,445,3.1709913356,3.1461685666,1.2725475379,1.963456693,2.3674563804
128,446,3.1781071538,3.1594160997,1.2993624618,1.8400985096,2.4892747651
128,447,3.1836955982,3.1597462209,1.3622461547,2.005254056,2.3495406763
128,448,3.1966114434,3.165889404,1.3336034144,1.9486582768,2.4295812618
128,449,3.2122109854,3.1662987687,1.2786213772,1.9258858191,2.3020888176
128,450,3.2224020242,3.1672093315,1.3334713824,1.988295163,2.5304231638
128,451,3.2427288822,3.1722600237,1.2811769304,1.9023481885,2.5013788239
128,452,3.2537252834,3.1845648788,1.2603500445,2.0674352367,2.6128770892
128,453,3.2653069978,3.2207092726,1.4337504806,1.8856104995,2.3395470678
128,454,3.2806092335,3.2471465146,1.3389451818,1.9674762794,2.1186964015
128,455,3.2889849131,3.250079505,1.4074938789,1.9959570212,2.6879701369
128,456,3.3066323887,3.2596108795,1.3850630108,1.9201660392,2.4261142615
128,457,3.3148669192,3.278307432,1.4043636319,2.0990808707,2.3392800206
128,458,3.3285819712,3.278347034,1.4138321655,2.0842046957,2.4980722899
128,459,3.3318791314,3.28858091,1.3213117638,1.9731348138,2.5470939289
128,460,3.3510896013,3.2890496514,1.531493846,1.9766199941,2.5984725479
128,461,3.3648136209,3.293071997,1.4367929387,1.976293171,2.7246462359
128,462,3.3743217342,3.3424111541,1.4873476426,1.9492294574,2.5488525476
128,463,3.3778956305,3.3836354826,1.4660949389,1.9906472968,2.409453545
128,464,3.3867047649,3.3860995304,1.2330668496,2.1289312564,2.5542036605
128,465,3.3991575572,3.4002665064,1.4603105785,2.1020835176,2.4295426924
128,466,3.4088427576,3.4012685424,1.4877728937,2.0930969612,2.7790872446
128,467,3.4195578637,3.4476435589,1.5303139499,2.1314634086,2.6120502683
128,468,3.4402253642,3.4819951728,1.4663010396,2.0928866459,2.3951244066
128,469,3.4536423157,3.4856282922,1.4471257796,2.0295735792,2.5452618315
128,470,3.4585305637,3.4891752625,1.4873077951,2.2426060898,2.6081442578
128,471,3.4799319431,3.4891855892,1.4809499327,2.0769248841,2.5120016119
128,472,3.4875002373,3.5271063917,1.5202365192,2.2393239606,2.1880799502
128,473,3.4905939411,3.5279569459,1.5175562689,2.0623086477,2.7841621966
128,474,3.511491769,3.545497492,1.5672046165,2.1853930688,2.7336980279
128,475,3.5290587522,3.5562641692,1.5299735838,2.0507753141,2.484027179
128,476,3.5413427973,3.5613792744,1.5238355526,2.2242607548,2.4369091131
128,477,3.5546923742,3.5688134855,1.6232244054,2.350108208,2.6285398928
128,478,3.5646341439,3.5769555785,1.4989716365,2.1109607417,2.6359393315
128,479,3.5699736076,3.5804954339,1.5765229936,2.1763496912,2.484817432
128,480,3.5868324629,3.5978398936,1.5251889119,2.1753993988,2.5219695263
128,481,3.5987957497,3.6227759906,1.5528158163,1.8540824916,2.3322563918
128,482,3.6174904538,3.632080473,1.6865305387,2.2605039298,2.6888798742
128,483,3.6262501873,3.6322974042,1.664650899,2.2756250581,2.7586894047
128,484,3.6369248366,3.6513561498,1.5710908075,2.3154588141,2.7998708284
128,485,3.6538956437,3.652232715,1.6230599373,2.1890513082,2.335840336
128,486,3.6595515205,3.6592880596,1.655444084,2.3042522278,2.7557971056
128,487,3.6685336093,3.6596080969,1.7004365433,2.2383583458,2.9857444027
128,488,3.6830199314,3.6707971343,1.6711812697,2.0081003532,2.8255468365
128,489,3.693285107,3.6734128202,1.6667416136,2.0391596643,2.8621912394
128,490,3.7147379911,3.6844559727,1.6659076533,2.3699223018,2.9112828725
128,491,3.7166364963,3.6987008873,1.7322683612,2.1049171256,2.9241810372
128,492,3.7421730585,3.6988806829,1.7251101471,2.3654058416,2.9882038992
128,493,3.7649086238,3.7197092262,1.7294203118,2.4378321652,2.9525557411
128,494,3.7673469715,3.7426024091,1.7302085255,2.2661980636,2.8888133932
128,495,3.7827785669,3.7438337968,1.6411650725,2.253968124,2.906165658
128,496,3.7959333211,3.7462031573,1.8265757045,2.3913851516,2.9313039887
128,497,3.8015263429,3.7862155906,1.7389050546,2.3530492779,2.7237949554
128,498,3.8146918115,3.7891554912,1.811560551,2.2448537964,2.8198432226
128,499,3.8225373492,3.7909698703,1.8537930182,2.247444331,2.6346775689
128,500,3.8330473721,3.8061924134,1.792271491,2.3861805619,2.8913847545
128,501,3.8481082373,3.825035405,1.8503623861,2.3472089037,3.026978257
128,502,3.8570340435,3.8262059408,1.8025939332,2.4793586092,2.7688578264
128,503,3.8671982095,3.8520940767,1.8857384446,2.23932929,3.0714518419
128,504,3.8918084622,3.8700671413,1.8310986748,2.4220812677,2.4854559706
128,505,3.9025598332,3.8706967286,1.8104350093,2.4098769166,2.9533009857
128,506,3.9128396729,3.9459621837,1.8294627052,2.3857784399,2.5807140429
128,507,3.9241591976,3.9597038706,1.8914502331,2.4797606138,2.5477030732
128,508,3.9382957004,3.9750460756,1.9118092877,2.4279050949,2.6106447652
128,509,3.9405700066,3.9829616076,1.8327315423,2.4834858558,3.0468605162
128,510,3.9756816354,4.0118122764,1.8317895802,2.4808257679,2.6846776522
128,511,3.9806164246,4.0231129959,1.8936967405,2.5062469438,3.0425836227
128,512,3.9986523196,4.0233010058,1.3360687465,2.255940235,2.6516147807
128,513,4.0075492274,4.0282028035,1.2637284652,2.4485906871,3.2320050556
128,514,4.0143803072,4.0537785561,1.358437994,2.3360341586,3.031045921
128,515,4.0263393409,4.0549887239,1.2921025887,2.3674112041,2.8184303278
128,516,4.0443841241,4.0577184301,1.2125891208,2.3747639702,3.1304316588
128,517,4.0612839417,4.1039577876,1.3087122821,2.1633267948,2.8355150824
128,518,4.0653262739,4.1119431465,1.3385594691,2.3655311679,3.0130462414
128,519,4.0871168592,4.1593535758,1.3238275549,2.4989195399,3.3594656496
128,520,4.0901058738,4.1625287436,1.326932991,2.4003196851,3.0781360414
128,521,4.0916941111,4.1827583419,1.315027324,2.4314028529,2.9463429457
128,522,4.1073114749,4.1849974734,1.2923785439,2.4376956318,3.2425209748
128,523,4.1278477942,4.1906956373,1.4434628309,2.5659257358,3.2515128059
128,524,4.1360370909,4.1951148902,1.3581051671,2.46624886,3.1605784639
128,525,4.1442579504,4.2052630758,1.3683632691,2.4768758229,3.3202889234
128,526,4.1451381987,4.2052679706,1.4344058229,2.4575441228,2.9742964551
128,527,4.1596351259,4.2079978649,1.4925578793,2.4086633865,3.0521363256
128,528,4.1742954837,4.2716098901,1.4370692815,2.5904794477,3.2219054587
128,529,4.1810316309,4.2718098379,1.5014754441,2.5431516723,3.1355716926
128,530,4.1875995186,4.2726015102,1.4527154718,2.4488557702,3.142620969
128,531,4.2000705301,4.2918603287,1.4504738291,2.5196143576,3.0766150941
128,532,4.2187803406,4.2921231185,1.3839468671,2.6279555962,3.213170823
128,533,4.2295304097,4.2965814509,1.4537083571,2.6357902508,3.258117993
128,534,4.2452496806,4.3140491728,1.4100323177,2.4715112322,3.3784562084
128,535,4.2543943763,4.3258553318,1.5482547366,2.5116448376,3.4825296423
128,536,4.269992541,4.332849488,1.5184335761,2.6026099559,3.2183331501
128,537,4.2889695195,4.3328581373,1.5203211777,2.619166316,3.5716612507
128,538,4.2994672342,4.3416743059,1.5098383021,2.611812537,3.3696411586
128,539,4.3105348646,4.3504236785,1.5196932253,2.477796113,3.2184707999
128,540,4.3214285047,4.3563357028,1.6138057383,2.7322904919,3.3727458619
128,541,4.3262622924,4.3825650466,1.5635643947,2.5838719167,3.4634049019
128,542,4.3407424985,4.4069993068,1.5125875548,2.6580946166,3.4930195477
128,543,4.3530975993,4.4486627472,1.5942313156,2.5932371663,3.4928303278
128,544,4.3608907848,4.4508139203,1.6296850859,2.6276877127,3.2542432481
128,545,4.3680482683,4.4558569566,1.6969454661,2.5070476176,3.3354990029
128,546,4.3953485501,4.4584488238,1.6012935973,2.7755496079,3.3244859786
128,547,4.4043547257,4.4717566899,1.6911903693,2.7085285145,3.5127784023
128,548,4.4124531461,4.5133602937,1.657993839,2.7820445871,3.3939456204
128,549,4.4369499539,4.5133611567,1.632616368,2.5061327411,2.8590712254
128,550,4.4514998043,4.5349265188,1.6722897082,2.6901897157,3.4327125357
128,551,4.4731445158,4.5847518887,1.6670411021,2.8002207221,3.1165784602
128,552,4.4797049113,4.592608875,1.6279973585,2.6873730112,3.5786649618
128,553,4.4915549368,4.6222053034,1.735800953,2.7076387893,3.1811293528
128,554,4.5065770547,4.6347838993,1.7078383183,2.6961975945,3.6336811642
128,555,4.5166550599,4.6613213008,1.668032791,2.7179360365,3.4569660372
128,556,4.5350868967,4.6719332061,1.7730692449,2.8956091953,3.3693631073
128,557,4.5443145962,4.6912441243,1.7311313412,2.5256505574,3.452327079
128,558,4.5515389001,4.6932385089,1.7116798801,2.8973301627,3.4189272137
128,559,4.5597903855,4.7016675316,1.744478662,2.862132555,3.4804986592
128,560,4.5870636131,4.7016739805,1.7042939168,2.9431165279,3.3188433368
128,561,4.6000973933,4.7146079768,1.787041984,2.8319011941,3.8044369191
128,562,4.6077298518,4.7147771638,1.8207046941,2.8187966219,3.6629988611
128,563,4.6151442703,4.72093081,1.8506423604,2.8057497787,3.5502105964
128,564,4.6213451222,4.7276265816,1.8307916092,2.8710348057,3.5234471018
128,565,4.6312742585,4.7284435578,1.8559085091,2.9187531969,3.5241441021
128,566,4.6551564433,4.7488914298,1.7769996627,2.9156469876,3.3850696003
128,567,4.6702727643,4.7620965993,1.8396435455,2.8840964198,3.7825088684
128,568,4.6752505092,4.8009760133,1.8621858736,2.9932124551,3.7069669539
128,569,4.7005958335,4.8009763557,1.8487507618,2.7475589113,3.5952897148
128,570,4.7164669216,4.8067270341,1.8717915037,2.936292845,3.5929358334
128,571,4.7195157711,4.8294024094,1.9044143613,2.8897502546,3.6313471161
128,572,4.7301895259,4.8406505646,1.9394716544,2.9210451096,3.2062799015
128,573,4.7383249395,4.8872669887,1.9210810649,2.9925056454,3.4760479851
128,574,4.7717469378,4.9024625432,1.9751494544,2.9035937829,3.794343362
128,575,4.7761498131,4.9024645652,1.9659357267,2.9155337008,3.876928414
128,576,4.795028674,4.9061188397,2.0500654555,3.060063077,3.5642859833
128,577,4.8013430961,4.908646956,1.9948197623,2.9880678862,3.5577071683
128,578,4.8146183754,4.9223825676,1.9540688231,3.1388811848,3.750261333
128,579,4.8391190844,4.9224497276,2.012575055,3.1178932598,3.8884295698
128,580,4.8480148484,4.9271986667,1.9425470255,2.9231120672,3.476713608
128,581,4.8550590132,4.9482353958,2.0996541327,2.9126977037,3.4020725042
128,582,4.8755656065,4.9714582785,2.0318419795,3.0754878228,3.7521201682
128,583,4.8943733817,5.0155266755,2.0460048556,3.0451797014,3.4902047295
128,584,4.916881383,5.022377037,2.046687905,3.2361505995,3.8194693263
128,585,4.9239806058,5.0423320508,1.8870701113,3.0398937876,4.1031757978
128,586,4.9379769756,5.0594770695,1.983132294,3.1006207819,3.8070128577
128,587,4.9623174468,5.0651080291,2.0304326424,3.1474741789,3.4464303536
128,588,4.9743017446,5.0954573952,2.247604666,3.2274812462,3.9227636038
128,589,4.9814347406,5.1030751559,2.1102639539,2.9776144109,3.6026961344
128,590,4.9949945471,5.1032595556,2.0728854513,2.9869746583,3.4611448628
128,591,5.0053616283,5.1036859457,2.1374632648,3.1528679713,3.7299852113
128,592,5.0159621376,5.1038803469,2.1362129588,3.1062474252,3.987220939
128,593,5.0177105847,5.1665502367,2.1298139988,2.9517721674,4.0084312446
128,594,5.0411595121,5.1667415002,2.191565635,3.2428749422,4.1680939282
128,595,5.0429606137,5.1843195614,2.1918968152,3.2054240276,3.8208919886
128,596,5.0636624518,5.2312680031,2.2089462631,3.1249482888,4.0960707255
128,597,5.072485798,5.2341117954,2.2610139512,3.0263983456,3.7773130315
128,598,5.079188105,5.2341215553,2.3140721099,3.1757038376,3.4473881474
128,599,5.0942067505,5.2527365217,2.1949937962,3.2068637806,3.7045165585
128,600,5.1161538447,5.2592594288,2.2248094016,3.2481326853,3.933684874
128,601,5.1238912776,5.2716745524,2.2588996307,3.1754101791,4.1583198942
128,602,5.1475759821,5.2807734998,2.2717644095,3.3237464424,3.9940754362
128,603,5.1589414165,5.2853120009,2.3020998777,3.3554934617,3.9778227843
128,604,5.1774701807,5.3268045724,2.2722511445,3.3000233452,4.0975367621
128,605,5.1938805515,5.3273382432,2.2964604226,3.338425685,4.2302406048
128,606,5.2170514081,5.3336883339,2.2470203008,3.3275211583,3.9026334391
128,607,5.222402918,5.3400313071,2.3718754023,3.3840580821,4.0219253169
128,608,5.2439923054,5.3632250963,2.2648284956,2.9961249958,4.1992984813
128,609,5.2477333452,5.3635148917,2.3115220572,3.1894790472,4.1919131515
128,610,5.2604311913,5.3735335405,2.357108543,3.4587674171,3.8583715651
128,611,5.2671190087,5.3772240173,2.2944178698,3.358529229,3.8895425603
128,612,5.2842199238,5.3942800178,2.3926339894,3.5349937999,4.0718015988
128,613,5.2895455298,5.4105426923,2.3280034376,3.3731963598,4.091732383
128,614,5.3171341704,5.4238542513,2.3282550934,3.4057429336,4.1247535009
128,615,5.3193674566,5.4302769941,2.2958951754,3.3800043453,3.9284238004
128,616,5.3340349407,5.4383894775,2.3406089573,3.4201855264,3.9783999642
128,617,5.3437099535,5.4383894776,2.35816748,3.4157552844,3.9989879547
128,618,5.366365495,5.4450644843,2.3554246145,3.3246958228,4.0918234804
128,619,5.3731615177,5.4673020063,2.4585635021,3.5177358755,4.0936061087
128,620,5.386182888,5.4837128448,2.4562150963,3.2648269218,4.4636553888
128,621,5.4084172445,5.4918421062,2.4248753589,3.5987882773,3.9726581292
128,622,5.4149357609,5.4932877868,2.4286107693,3.3801724541,4.1993575199
128,623,5.4247458751,5.5139134454,2.4476216178,3.4793414743,3.9788925748
128,624,5.4394633819,5.5139318283,2.365074181,3.513976924,4.3036500336
128,625,5.4416733597,5.5150110933,2.4913040593,3.6064135786,4.3052126919
128,626,5.4528975655,5.5150338878,2.4900114692,3.4455298517,4.0478368718
128,627,5.4715597276,5.5241077958,2.3875939604,3.463401607,4.2889877547
128,628,5.4823413925,5.5326941607,2.5442968699,3.5197076703,3.6645520526
128,629,5.4906076182,5.5334471686,2.5043573619,3.1663208921,4.220488403
128,630,5.5199412619,5.5581552868,2.4942144408,3.1963235827,4.2212578158
128,631,5.5339208809,5.6057093152,2.5372153299,3.4601910556,4.4434375115
128,632,5.5409242513,5.6167452445,2.5190726031,3.6450438313,4.4722943635
128,633,5.5528052329,5.6169238664,2.5610690008,3.452644003,4.3532052969
128,634,5.5760482754,5.6200861974,2.5629262313,3.479596824,4.4415687584
128,635,5.5927251766,5.6376070038,2.5208042048,3.4183994843,4.4341707044
128,636,5.6032934402,5.6680831698,2.679872755,3.7253961639,4.331434832
128,637,5.6122530522,5.6698041105,2.6849927018,3.4391127643,4.3086178569
128,638,5.6323542558,5.7142101898,2.7321349185,3.7486216996,4.3128601855
128,639,5.635389053,5.7305033481,2.5512851661,3.5085148443,4.3277723322
128,640,5.6453895043,5.7394350911,1.8364541748,3.0839807758,4.3689025467
128,641,5.6528485944,5.7939035844,1.8235960846,3.4091254611,4.2286613011
128,642,5.6761493898,5.8114204986,1.8634290107,3.3827573177,4.0380448561
128,643,5.6800476589,5.8146875067,1.8971174464,3.3818538329,4.7975911586
128,644,5.704975499,5.8158935809,1.9402563895,3.332842155,4.6579661148
128,645,5.7179033382,5.8418102531,1.8549089317,3.3588322059,4.2851962157
128,646,5.7283302957,5.8430379643,1.9570422866,3.4708950455,4.3759593802
128,647,5.7430609426,5.8696412242,1.9096652606,3.3840388661,4.2058573118
128,648,5.7585904426,5.8709961832,2.0320644224,3.4339838956,4.5884670836
128,649,5.7840744075,5.9097012532,2.0161268682,3.2390794731,4.3622899611
128,650,5.7927853145,5.930772485,1.8977692671,3.5286292546,4.7465789637
128,651,5.8104352312,5.9307732306,2.0852145226,3.4486609094,4.4754186291
128,652,5.8149785201,5.9963836306,1.9599573912,3.6221413345,4.7231878533
128,653,5.8344212119,6.0274338704,2.0380448132,3.4026786186,4.5483477608
128,654,5.8361227557,6.0277648649,1.9638747585,3.4301031827,4.4443001834
128,655,5.8606762701,6.0487166502,2.0803291776,3.6092829951,4.6891989173
128,656,5.8737452736,6.0721863067,2.0838827509,3.428099413,4.5848726748
128,657,5.8818990384,6.0755894843,2.1156009212,3.3626240672,4.2128322189
128,658,5.9101215828,6.0758298869,2.1229375305,3.5317264372,4.3057159707
128,659,5.9249741544,6.0761895331,2.0466230825,3.3983158604,4.3304464086
128,660,5.9348183541,6.1218320291,2.0169245165,3.6971329596,4.4714139507
128,661,5.9370504121,6.1219826116,2.200790817,3.2676322165,4.3997955728
128,662,5.9604069347,6.1438951703,1.9925710786,3.6735230247,4.6981752977
128,663,5.9651845881,6.1448440653,2.2513964532,3.6372042938,4.6479802531
128,664,5.9919176266,6.164496989,2.0920647764,3.5111010976,4.7374299866
128,665,5.9995085393,6.1955923254,2.1947866202,3.5807301085,4.8837845441
128,666,6.0276995631,6.1955947264,2.1368084219,3.6617722854,4.9600182557
128,667,6.0335602291,6.20639396,2.2168071523,3.5903097609,4.6106623299
128,668,6.0349699722,6.2070068309,2.2399479729,3.6494784537,4.7320964674
128,669,6.0531260254,6.2115131594,2.1914234907,3.6534972215,4.9832872026
128,670,6.0647152208,6.2187053298,2.2905754848,3.6453515014,4.9702316217
128,671,6.0759060773,6.2215461317,2.3096485458,3.7121040414,4.9339945227
128,672,6.0984984215,6.2536515244,2.2466682791,3.7325015705,5.050939735
128,673,6.111405245,6.2652951869,2.1745913581,3.7691864841,4.6428996149
128,674,6.1312785244,6.2654430221,2.3232996906,3.9037004799,4.7108775053
128,675,6.1381643185,6.3249518181,2.3505020349,3.7638937199,4.8799903998
128,676,6.1499589821,6.3268661802,2.2144381871,3.9375619952,4.7919621584
128,677,6.1712870814,6.338284325,2.330686979,3.8871642585,5.06101838
128,678,6.1756608835,6.3599027595,2.3719203021,3.8845613767,3.9991493242
128,679,6.1968082344,6.3606179411,2.3810442402,3.8464046682,4.8729467853
128,680,6.2044000128,6.3642392202,2.3353865265,3.7345240064,4.7532232418
128,681,6.2179142097,6.3644152779,2.25120903,3.7471393277,4.7551825804
128,682,6.2277553511,6.3780918298,2.388309197,3.746732508,5.0374703279
128,683,6.2505169643,6.3868456301,2.3112943463,3.7090136656,5.2342041239
128,684,6.2584565651,6.3886779297,2.4345740935,3.6820521639,4.9591162165
128,685,6.2778433439,6.4366656746,2.3700764296,3.8645053303,4.7686481158
128,686,6.2935953157,6.4548912744,2.3301572441,3.8398417286,4.9381432519
128,687,6.296867975,6.4553363316,2.3743593432,3.736408808,5.1530235506
128,688,6.3187963102,6.4643559909,2.4564969582,3.6832458871,4.3220850412
128,689,6.3280841709,6.4840046897,2.3698707899,3.8970112074,4.8361873377
128,690,6.3560298981,6.4979962915,2.385219511,3.8406945488,4.5238459063
128,691,6.3645791664,6.5220395641,2.4779113834,3.8718926744,4.8421199026
128,692,6.3719805086,6.5438774755,2.5423358064,3.8129744928,5.0237169203
128,693,6.3972939302,6.5671038007,2.5584154642,3.9334546138,4.7922094602
128,694,6.4004463458,6.5680064448,2.6068576998,4.0213535407,4.9024915483
128,695,6.4186365181,6.580648112,2.6034006306,3.9058597563,5.2601522879
128,696,6.4402057071,6.5806735864,2.5511780604,4.0122405996,4.8173523953
128,697,6.4552538317,6.581726261,2.530608127,4.0408593811,4.9650477235
128,698,6.46266533,6.5817526459,2.5014798346,3.9561837992,4.6895439431
128,699,6.4755900924,6.6536332221,2.6101204196,3.9033049095,4.8630631899
128,700,6.4915539202,6.6603548797,2.6129911389,4.1154330783,5.1931118437
128,701,6.4935490913,6.6604001537,2.4899027699,4.1875598176,5.2009841381
128,702,6.5031498133,6.6901200564,2.5950812539,4.2247042103,4.8828685297
128,703,6.5088161623,6.6949604431,2.6522803721,4.0921086407,5.2359174438
128,704,6.5235777574,6.6970562251,2.6407908514,4.2756534334,5.1684512116
128,705,6.5393416491,6.7016518862,2.6009307856,4.1224289375,4.8750322832
128,706,6.5594277942,6.7197967751,2.6418161599,4.0346150459,4.8286492311
128,707,6.562926411,6.7260293619,2.5985758564,4.2562157802,5.0404972642
128,708,6.5685092441,6.7260323263,2.6637546714,4.1985622994,5.1546596473
128,709,6.5865682848,6.7260452819,2.7030580123,4.2079853597,4.8050328561
128,710,6.608300567,6.7315179678,2.6598142274,4.2882651698,4.9458975422
128,711,6.617179386,6.762064718,2.5882821337,4.2510798715,4.6954652476
128,712,6.6229027215,6.764524429,2.74173314,4.1406358382,5.0969069165
128,713,6.6483201985,6.8024790287,2.7532910635,4.1953918899,5.394065848
128,714,6.6586926851,6.8029867116,2.6607002685,4.2735146489,5.2919327226
128,715,6.6620224783,6.8036861895,2.8667512038,4.1393405255,5.0289183985
128,716,6.6909435116,6.8281218087,2.7696025504,4.1745229957,5.6476787905
128,717,6.7058570375,6.8398184362,2.775067382,4.4222704091,4.7649967164
128,718,6.7111733777,6.9161383461,2.7604782911,4.1501217351,5.4480514638
128,719,6.7239858872,6.9236722039,2.8041973051,4.3497195642,5.6304080303
128,720,6.7301406612,6.961287934,2.8994693209,4.2999117411,5.3000645616
128,721,6.754887933,6.9993263978,2.824948855,4.3970994522,5.2487555313
128,722,6.7703716991,7.0052397476,2.8222784325,4.2239308094,5.6633487035
128,723,6.7925989881,7.0055268852,2.8005090024,4.4310345546,4.9355019805
128,724,6.8076327211,7.0173346334,2.9075387683,4.3043816825,5.2324429852
128,725,6.8160227385,7.0199169752,2.957489546,4.348757958,5.4262476491
128,726,6.8365244117,7.0330857023,2.9931586387,4.3736284564,5.5382422663
128,727,6.8513176002,7.0371982932,2.8735486764,4.3997206878,5.5949590889
128,728,6.8719724977,7.06098317,2.7873343381,4.384505048,5.497330841
128,729,6.8750526387,7.07588514,3.076779746,4.4899264608,5.2671165104
128,730,6.8998113168,7.0834227621,2.9647471867,4.3584628887,5.169317016
128,731,6.9067739574,7.0944468849,2.7749974668,4.4963556089,5.2427994011
128,732,6.9268210533,7.09986766,3.0528192368,4.4453279955,5.412788454
128,733,6.9282032377,7.1087459547,3.0755191996,4.2792098858,4.9953576434
128,734,6.9494478407,7.1171116996,2.8784780411,4.3845930215,5.0270041085
128,735,6.9691932562,7.1430394383,3.042470167,4.2177786418,5.5766763593
128,736,6.9824760334,7.1600992099,3.1092889434,4.3407953437,5.381379771
128,737,7.0040558517,7.1844217678,3.0077480375,4.3155567657,5.4053011396
128,738,7.0118603946,7.1955744077,3.0822103664,4.490855127,5.4990090042
128,739,7.0191560451,7.1996841065,2.97000993,4.1834201468,5.2824277922
128,740,7.044891957,7.1998573635,3.0897214076,4.4937131606,5.4854559197
128,741,7.0499728565,7.2000519598,3.107410921,4.5569581205,5.3793959705
128,742,7.0602099385,7.2066599596,2.9075138639,4.5363462015,5.5811744926
128,743,7.073555951,7.2481987487,3.1802540599,4.3664176568,5.7275318586
128,744,7.0894426143,7.2522870628,3.1219140522,4.670805171,5.2497570509
128,745,7.0947604663,7.2531131457,3.027132186,4.4724501158,5.2635414205
128,746,7.1191868538,7.2531623985,3.1405927815,4.6515683951,5.1456454884
128,747,7.1247704383,7.2697066407,3.1613714135,4.3948750323,5.4088370963
128,748,7.1380207297,7.2846498977,3.0429578503,4.7623697834,5.5714303023
128,749,7.1520306726,7.3165005057,3.2788660355,4.5172854127,5.3798162354
128,750,7.1596977732,7.350517698,3.1995465088,4.6579104237,5.6382574782
128,751,7.1818997392,7.3817634982,3.1839868138,4.4985184902,5.2243857745
128,752,7.1940021777,7.3817771576,3.124753617,4.604125315,5.64559975
128,753,7.2014811395,7.3868566077,3.0928772357,4.3791277304,5.0795294335
128,754,7.2317836928,7.4049179695,3.2321504918,4.6439146511,5.2323190199
128,755,7.2424908753,7.4085923146,3.1488304128,4.6560071709,5.8685744396
128,756,7.2527909813,7.4086861638,3.2544576256,4.3791225678,5.5832769716
128,757,7.2614954222,7.4446311554,3.2275221057,4.8582581972,5.883590857
128,758,7.2738458826,7.4750469014,3.2177055965,4.6625117836,5.5017041779
128,759,7.2911124216,7.4843002474,3.2786051841,4.6202506653,5.7584326163
128,760,7.317622694,7.5036670657,3.3654759622,4.6820071367,5.9700832019
128,761,7.3233810945,7.5067920412,3.2905830003,4.7637628759,5.338423659
128,762,7.3461997396,7.5385559957,3.2808965656,4.79180557,5.7389252961
128,763,7.3484700177,7.5555239486,3.2059916828,4.3188619595,5.5823348458
128,764,7.3610108638,7.5567273682,3.3323676108,4.8323417515,5.7651338522
128,765,7.3727434011,7.6020586197,3.3488715461,4.7073452695,6.0434520635
128,766,7.3815492537,7.60208204,3.3007772841,4.5969642733,5.6742327443
128,767,7.4026819713,7.6032564947,3.435385026,4.7968754697,5.6514248475
128,768,7.414111318,7.6257171358,2.4997018175,4.5554502092,5.5418460846
128,769,7.4168971843,7.6411014547,2.6329879638,4.117046427,6.1226830518
128,770,7.4278391045,7.6447126711,2.510815222,4.3978375575,5.8550797042
128,771,7.4453207863,7.6485494464,2.453131402,4.5614136773,5.6009584021
128,772,7.4570561971,7.6513558167,2.5819536305,4.575499636,5.6298085287
128,773,7.4633144772,7.6552039129,2.5454981232,4.4253230279,5.7258637329
128,774,7.4874621332,7.6691806611,2.6507674352,4.5931486753,5.7875153485
128,775,7.48985755,7.7002353803,2.525686439,4.6604147513,5.8265447554
128,776,7.5079011908,7.7006872322,2.6075049885,4.5466236542,6.0766458416
128,777,7.5131331709,7.7065426396,2.4842911404,4.4459879225,5.8327361974
128,778,7.5224886485,7.7334167664,2.7039555456,4.6218170993,6.1120048488
128,779,7.5344375602,7.7650893655,2.7535565804,4.6003156737,5.1999010894
128,780,7.5517670571,7.7651108169,2.6467944043,4.5536301052,6.1680909414
128,781,7.5702399051,7.7770925886,2.6409965141,4.5455509426,5.5325455084
128,782,7.582575783,7.7979185679,2.5359293816,4.644255796,6.0801879334
128,783,7.5963408513,7.8156894934,2.6901568158,4.7980509707,5.9416152057
128,784,7.6041975097,7.8202388026,2.8606369682,4.6558283756,5.8643470933
128,785,7.6094651687,7.8510353895,2.6958062728,4.5208621487,5.4831464988
128,786,7.6192424364,7.8511236321,2.7159006675,4.831636682,5.1840738587
128,787,7.6322448087,7.8514355828,2.7909341105,4.7343604278,6.232329338
128,788,7.6408265808,7.8688152952,2.7490222423,4.7519125459,6.1616093566
128,789,7.6673321063,7.8689251032,2.8460192787,4.8629970216,6.2731957098
128,790,7.6737409327,7.8710330881,2.7501141052,4.8578071738,5.8894319127
128,791,7.6981006555,7.8767354454,2.8066397004,4.7659967572,6.4452998398
128,792,7.7145878181,7.88299984,2.9652226071,4.6948707287,6.0766702109
128,793,7.7256322931,7.9295470753,2.6891614402,4.4608654611,5.9354866198
128,794,7.7412443681,7.9436797287,2.816921366,4.802318029,5.8468427034
128,795,7.7541550306,7.9443485583,2.8242345246,4.9329878692,6.3507031567
128,796,7.7581874006,7.9468319204,2.9361226571,4.8214457666,6.0509529219
128,797,7.7759573826,7.9496182679,2.9086556108,4.8850282807,5.9943571299
128,798,7.8012054029,7.9496194368,2.8952257115,4.9977372948,6.3659273191
128,799,7.8109042776,7.9632737101,2.9558807197,4.9980092651,6.0410273252
128,800,7.8178055151,7.9920942709,2.9607070743,4.9379546415,6.4158124177
128,801,7.8326307142,7.9938109341,3.0331210618,4.9223440701,6.3318718999
128,802,7.8487505459,8.013584113,3.0150112256,4.8256705682,6.6885592362
128,803,7.8587663224,8.0309297781,2.9155344716,4.8184920113,5.7117792277
128,804,7.8800482266,8.0473296858,3.0143248809,4.8486412417,6.1160184914
128,805,7.883785407,8.0682463286,3.0214848417,5.0088099353,6.2030517448
128,806,7.8935561367,8.069063292,2.9575648199,5.0121119662,6.336395634
128,807,7.9014125469,8.078202533,2.8375340924,4.8440127871,5.7849807372
128,808,7.9121974557,8.1148641296,3.1464366683,4.8299602436,6.1519275477
128,809,7.9291842469,8.1235427952,3.0757412912,4.9836810152,6.4153394165
128,810,7.9556372373,8.1235770359,2.9434982273,5.0472269073,6.4939245376
128,811,7.9779695601,8.1615385832,3.0025589501,4.6933061576,6.3764409476
128,812,7.9827931142,8.1665245308,3.0920350655,4.9489903311,6.2228939702
128,813,8.0015182813,8.1702500586,3.079014583,4.7271063824,5.8796450166
128,814,8.0200162039,8.1991506236,3.1445978436,5.1604849697,6.447572072
128,815,8.0332822595,8.201679976,3.1438850689,4.7821817376,6.6169191475
128,816,8.0485744719,8.2290834753,3.3020324791,5.0401913622,6.6254004255
128,817,8.0557385842,8.2371067512,3.190149531,5.0271691915,6.5988542448
128,818,8.0699215972,8.2526640481,3.0845196013,4.9497343072,6.1199413231
128,819,8.0908028753,8.2895380821,3.1412354657,5.0393495766,6.4044614855
128,820,8.097721283,8.2895447138,3.1102205,5.1706055013,6.6419902846
128,821,8.1038390438,8.2958735962,3.190677019,5.0803853017,6.7480296689
128,822,8.126709931,8.3223318334,3.1217310238,5.2615814324,6.1262955645
128,823,8.1386342431,8.3717511203,3.2390971152,5.157287539,6.371412425
128,824,8.1527202467,8.3926096707,3.1772570603,5.0504932878,6.7468308789
128,825,8.1706871042,8.4096289326,3.4185620288,5.2490347967,6.7148669843
128,826,8.1836028846,8.4248379482,3.2430770281,5.1851350978,6.4379675849
128,827,8.1891561637,8.438624204,3.2616541308,5.4059360041,6.256018584
128,828,8.2095475765,8.464481222,3.3580266777,5.2006742376,6.5489232248
128,829,8.2265650976,8.4668555563,3.3606948422,5.4437823499,6.3042501426
128,830,8.2443075476,8.4678685051,3.2919790226,5.2805466097,6.1734149311
128,831,8.2553950848,8.5021637941,3.3572872259,5.4258666163,6.8288956346
128,832,8.2728706544,8.504005224,3.3826838099,5.342176785,7.0058472137
128,833,8.281040539,8.5071064706,3.1964250176,5.4015400407,6.7752514124
128,834,8.3123313517,8.5073564623,3.4141020029,5.4214562521,6.7771365527
128,835,8.3173325512,8.5122291512,3.3267877338,5.4015946348,6.4711808683
128,836,8.3336126553,8.5167792903,3.3027421707,5.3906901936,6.6373793559
128,837,8.3530908379,8.5169534652,3.3272667512,5.1771346395,6.5729018071
128,838,8.3562395695,8.5178261332,3.4778528564,5.4042212709,6.848776673
128,839,8.3687083266,8.5182298242,3.4414898708,5.1628826037,6.4641112928
128,840,8.3874911298,8.521722793,3.47162555,5.2416655955,6.147981444
128,841,8.4081532341,8.5226257873,3.3714714619,5.4892407413,6.892219783
128,842,8.4210472719,8.5239867077,3.402935873,5.2870783521,5.9320300471
128,843,8.4403094015,8.5700280275,3.4872702552,5.5254325967,6.3418191032
128,844,8.4480324457,8.5722437548,3.5472452111,5.6169237355,6.8676644246
128,845,8.4590371844,8.580016565,3.4889184322,5.5816092274,6.3708603651
128,846,8.4766208928,8.5808717726,3.4934259504,5.5541026746,6.5229017713
128,847,8.5049513498,8.5819518441,3.4764277576,5.2884792047,6.5192850765
128,848,8.5146206227,8.6366808199,3.5048897465,5.2961327032,6.9901756302
128,849,8.5176649982,8.7464145132,3.6701567137,5.516301387,6.4399817596
128,850,8.5208142923,8.746448259,3.5133194177,5.2804383536,6.8170188676
128,851,8.5507411624,8.7594642145,3.5392620307,5.5728151546,6.5644005687
128,852,8.5631785677,8.7672046684,3.5735719523,5.6480823406,5.4884429385
128,853,8.5778963353,8.7774805759,3.5885656722,5.3740905063,6.22515432
128,854,8.583704708,8.7805108619,3.4721026116,5.4701091481,6.8561171122
128,855,8.605837943,8.7886525681,3.6345959638,5.3544659764,7.0788443319
128,856,8.61934116,8.8148079318,3.6640095463,5.5787449602,6.38382785
128,857,8.6370277515,8.8221528101,3.5890568723,5.5840272669,6.4191623287
128,858,8.6453858254,8.8288577749,3.6738403729,5.747979739,7.1779275999
128,859,8.6665636207,8.8608551584,3.7052409873,5.5690110843,6.9018047579
128,860,8.6754480774,8.8975468669,3.7749817595,5.5175972245,7.2183164907
128,861,8.6871346575,8.9083717879,3.5891819221,5.936793338,6.0699896175
128,862,8.7015799842,8.9100643709,3.6168879769,5.7694008454,6.5735026229
128,863,8.7103439979,8.914023455,3.7636602609,5.4406512214,7.0815533828
128,864,8.7188107809,8.9140740967,3.6350849559,5.7453417582,6.7848921447
128,865,8.7282169139,8.9474478939,3.7894885092,5.7922288228,7.1886995272
128,866,8.7532730363,8.9480997951,3.6674807635,5.3877601366,6.9009200676
128,867,8.763678323,8.9481020925,3.9435040178,5.7549485974,6.4713061203
128,868,8.7878430895,8.9665901628,3.7411609349,5.6562563161,7.1495399223
128,869,8.8037937707,8.9731928753,3.7454908369,5.6597193883,7.1989683842
128,870,8.814889885,8.9817265248,3.8823887424,5.5492417375,6.5809224819
128,871,8.8180506155,8.9842136048,3.8467693569,5.886266553,7.1375641027
128,872,8.8413791369,8.9876170158,3.8671663631,5.8530527606,6.984357254
128,873,8.863267274,9.0065193697,3.8087551169,5.6956968341,7.2457433649
128,874,8.8747928335,9.0077295401,3.9642743076,5.5307471185,6.9437528068
128,875,8.8874905353,9.0310729866,3.8406624881,5.8437959306,7.0373143409
128,876,8.8992515638,9.0336253755,3.8769343416,5.7993212902,7.0511451371
128,877,8.9151567289,9.0346695539,3.9978136543,5.7843476387,7.6849886724
128,878,8.9376843503,9.0368136088,4.0868552535,5.8698834895,6.792114685
128,879,8.9566140093,9.0590582057,3.9802218751,5.4290206358,7.5368935147
128,880,8.9656558079,9.074023081,4.1320674949,5.8828463632,6.6756163645
128,881,8.9876095936,9.1508524129,3.7854414587,5.9918399303,7.4901608569
128,882,9.0067537463,9.1627493805,3.9757520242,5.9458615696,7.6094099043
128,883,9.0175433755,9.1666817023,4.0741950389,6.0705756455,6.4925818667
128,884,9.0294426377,9.1754501448,3.9997560052,5.3534388294,7.3655842936
128,885,9.0405421015,9.20368274,4.1220806409,5.776878401,7.5623546385
128,886,9.0435212013,9.2285556328,4.0139403261,6.0982368066,7.0699043416
128,887,9.0625063798,9.2534056046,3.9952481342,5.9943042736,6.8097643173
128,888,9.0768261883,9.2824050565,4.0339067551,5.8359870319,7.256352234
128,889,9.0924212011,9.2828568697,4.1666438673,5.9822172163,7.6528785002
128,890,9.1056429218,9.3113420642,4.1682809535,6.0438799174,6.3904143108
128,891,9.1213288082,9.3121737344,3.9250814383,5.4919204307,7.0505482021
128,892,9.129213857,9.3398329381,4.1455198154,5.9560367811,7.2123003395
128,893,9.1444704246,9.3739168514,4.1674629077,5.8229518973,6.3455012985
128,894,9.1623565261,9.4151327986,4.3567800805,6.1672183162,6.2276933424
128,895,9.1786453296,9.4299983373,4.2256409825,5.8254143551,7.7089725526
128,896,9.1848590629,9.4504738174,3.1428631311,5.8410472474,7.3801706548
128,897,9.1976201895,9.4520045957,3.1697050317,5.5560460776,7.2879537738
128,898,9.2038679566,9.4537565129,3.3161825998,5.7938109194,6.8694327418
128,899,9.2234259185,9.4537992255,3.2096028636,5.5330064361,6.5736751329
128,900,9.2332391083,9.4705105925,3.2708139673,5.6493243719,6.9462130895
128,901,9.2514193354,9.4705106405,3.1074937661,5.2145074953,7.5361093909
128,902,9.2653147904,9.4725812392,3.383539047,5.3522611169,7.0443910515
128,903,9.2761874081,9.4743716606,3.3131678095,5.6923631123,7.1835123679
128,904,9.281716014,9.5235939901,3.2407556941,5.5702906442,7.2023281175
128,905,9.3001479201,9.5352254046,3.323911801,5.552737437,7.1639703169
128,906,9.3129968837,9.5353487297,3.0578170724,5.8547065726,7.6815906405
128,907,9.3224027218,9.5395111365,3.2879864854,6.0560886708,7.3467794274
128,908,9.3376091782,9.5645283522,3.3197738357,5.8377516743,7.2721076198
128,909,9.3546780568,9.5669943835,3.4673286393,5.7685992352,7.9414455016
128,910,9.3624987339,9.5698143782,3.2090801449,5.8953747289,7.6042968383
128,911,9.3862623659,9.5894486322,3.4720263712,5.7372604572,7.0988131129
128,912,9.3970179356,9.5930166848,3.3128712967,5.4880254619,7.6621024415
128,913,9.4275665395,9.6039639442,3.4069625683,5.7779268262,7.5400925822
128,914,9.4362985905,9.6049350488,3.2997480958,5.6099103986,7.1133346899
128,915,9.447128589,9.6648704502,3.3688923375,5.9359572915,7.8538044944
128,916,9.4499721744,9.6813889402,3.4392726442,5.7516297096,7.1914640961
128,917,9.4640104987,9.7090975541,3.4301783216,5.888815544,7.5888428755
128,918,9.4734773055,9.7126507428,3.2590091257,5.9334861993,7.8575017198
128,919,9.484625019,9.7126570485,3.4912230169,5.8421605141,7.587371343
128,920,9.503128232,9.7234873708,3.4506128015,5.9596009392,7.5041093746
128,921,9.5183333541,9.7284861242,3.5386627738,5.9542168928,7.3978337249
128,922,9.5359644575,9.7569786508,3.4495843916,6.0599940914,6.5041854179
128,923,9.5491826702,9.7595780618,3.5340618363,5.7636992846,7.7365426136
128,924,9.5656447992,9.7627509864,3.3730600732,5.9124539586,7.799771675
128,925,9.5769262699,9.763527308,3.544472819,5.9724427774,7.8669114576
128,926,9.5990065459,9.8080668777,3.5455701126,5.8341778211,7.7930418811
128,927,9.6085341636,9.8440971429,3.5689581005,6.116336914,7.5224389039
128,928,9.624828812,9.8463933807,3.5178368049,6.0040657389,7.5176940748
128,929,9.6410146881,9.8763851641,3.6154432234,6.126327547,7.9595723796
128,930,9.6470365603,9.888454456,3.5631028017,5.7391509939,7.8560067174
128,931,9.6567332007,9.8900095662,3.6270564581,6.1719873135,7.5782843547
128,932,9.6662646329,9.951029063,3.5578042411,6.1743726401,8.0755028352
128,933,9.6827019858,9.965866007,3.6709936252,5.8236657683,7.595510549
128,934,9.6881864057,9.9667868942,3.7092795261,6.1019914652,7.2903631611
128,935,9.7003473464,9.9940260027,3.6615539036,5.9181909044,7.8428244423
128,936,9.7443153077,10.0031197982,3.6252518057,5.7527541328,7.8871531413
128,937,9.7499051236,10.0048444541,3.66381227,6.1291848468,7.2552840787
128,938,9.7625393895,10.0150811212,3.6527037763,5.9307980454,8.0708632992
128,939,9.7931146146,10.0199585955,3.6944065618,6.1742973594,7.8365517913
128,940,9.8157040039,10.0255359167,3.7778744829,6.1962322087,7.3873149617
128,941,9.820007651,10.0761295498,3.7347119499,6.193800621,6.9000235759
128,942,9.8245139698,10.0788728251,3.8491773092,5.6492475057,7.8136778934
128,943,9.8401928997,10.0878923482,3.8573389062,6.0255559589,7.921429548
128,944,9.850751492,10.1260561818,3.9413641449,6.3586810005,8.0620798887
128,945,9.8639865132,10.1449811131,3.6607281716,6.1716831686,7.8356607389
128,946,9.8768538111,10.1451318541,3.913629192,6.3466044307,7.689521774
128,947,9.8862590694,10.156911798,3.8286257722,6.1730130127,7.1230140995
128,948,9.8915342511,10.1602054536,3.9687414752,5.963006635,8.5251066486
128,949,9.9208564064,10.1615007814,3.9064470932,6.4159100485,8.107080129
128,950,9.93331749,10.1759421333,3.9835515506,6.4340241351,7.6022524308
128,951,9.9545901065,10.1992325682,3.901223324,6.5516999293,8.2607097019
128,952,9.9699010723,10.2469740469,3.8309716288,6.3721381021,7.5109587845
128,953,9.9860157903,10.2516472527,3.9329191401,6.1738172343,8.3247412661
128,954,9.9959710787,10.2523337202,3.9447258067,6.3710462769,7.6091357539
128,955,10.0124415993,10.2573755242,3.9726528975,6.4356167886,8.2765890767
128,956,10.0202891322,10.2632560891,3.8352489913,6.3825663347,7.7139435603
128,957,10.0446032176,10.2762288339,4.0098672273,6.3555599745,7.9440953017
128,958,10.0534250496,10.2970211933,3.8376962901,6.4588436331,8.1174215512
128,959,10.0765475852,10.3307815973,3.7920103279,6.4440623192,7.7126892417
128,960,10.0866031991,10.3347878156,4.0692606883,6.3529231764,8.1081406604
128,961,10.102462602,10.3637843552,3.9937561966,6.2464417064,8.6055943416
128,962,10.1120800632,10.3982843994,4.0745547164,6.1573629153,8.2142366007
128,963,10.1232061537,10.3994569825,4.0256290781,6.2551643672,8.3322355042
128,964,10.133326139,10.4217202363,3.9716002759,6.7030326357,8.3469412082
128,965,10.1500675723,10.4378569305,4.1875889096,6.2206713643,8.4200798347
128,966,10.1575443283,10.4380670388,4.0737486998,6.6203121568,8.1940997685
128,967,10.1719841693,10.4443243797,4.2053635647,6.3227924368,8.5528162225
128,968,10.1825166637,10.4457195776,4.2049387982,6.6195793851,8.3069414334
128,969,10.1967338,10.4470341106,4.2484386671,6.6325994684,7.9184079434
128,970,10.2135055616,10.4607640108,4.3002432063,6.5067827247,8.5047843779
128,971,10.2282221496,10.4729027653,4.0913240013,6.4999200209,7.9332535658
128,972,10.2324460577,10.4942441291,4.2091037031,6.5347961067,7.5636755644
128,973,10.2404653259,10.4980059488,4.2010303359,6.4937252529,8.3339831526
128,974,10.2584123352,10.5258578966,4.1484385686,6.5967810636,8.3052565433
128,975,10.2818717686,10.5261383039,4.2673100536,6.2480056332,7.5528204778
128,976,10.2963468122,10.5423402273,4.2591188276,6.8806976934,8.3956932997
128,977,10.3039753748,10.5563316593,4.2962724192,6.7474083334,8.5183089825
128,978,10.3206004312,10.5563565089,4.4045571958,6.4025730115,8.9206416548
128,979,10.3274188992,10.5564106627,4.236978929,6.5421250133,7.1992995138
128,980,10.3404481061,10.6096886774,4.369238133,6.8830146969,7.7423331461
128,981,10.3547945694,10.6128210276,4.4025665829,6.5593898177,8.3716850658
128,982,10.3628538442,10.6191588085,4.2370550305,6.8071375831,7.9744935162
128,983,10.3839331188,10.643253293,4.4877237103,6.7658547986,8.6020282829
128,984,10.3910773553,10.6433980901,4.4167265835,6.6926854683,7.9052496393
128,985,10.4258190055,10.6551014937,4.1946094619,6.8599532572,7.7370219287
128,986,10.4409421097,10.6556878125,4.3557049919,6.8086574066,9.1024897832
128,987,10.4463589192,10.6607836692,4.3833523854,6.7814514857,8.4666217854
128,988,10.4574376433,10.710294052,4.4534216726,6.7138743735,8.5610532727
128,989,10.4798992673,10.7108549574,4.4847908415,7.0106472562,8.8530574559
128,990,10.5019313599,10.7242981129,4.5094287879,6.906291954,7.5958903624
128,991,10.5165295245,10.7253993147,4.1683071968,6.9393397854,8.4219707464
128,992,10.523225347,10.7618239348,4.2614451925,6.6551728576,8.9792482012
128,993,10.5419696202,10.7785159774,4.562500287,7.0215102678,8.849093426
128,994,10.5539205948,10.8188935144,4.5325410833,6.8525457143,7.8317659991
128,995,10.5738853784,10.8202545683,4.5105639121,7.2005842272,8.3942317319
128,996,10.583607899,10.8291667726,4.4567041853,6.5786326274,8.2536311037
128,997,10.5840761559,10.8526032232,4.5842679658,6.8121772447,7.9987091646
128,998,10.5926850254,10.8778003696,4.5998592997,6.8069550867,8.6141679388
128,999,10.6064496495,10.8799844962,4.4081174539,6.8590463964,9.0212048836
128,1000,10.6475727477,10.88407611,4.6102845821,7.1413013527,9.1572005298
128,1001,10.6573772055,10.8842821634,4.6838893121,7.1483533971,8.0102877701
128,1002,10.6651789674,10.8860997373,4.6765091468,6.8885144933,8.1581412324
128,1003,10.67753031,10.9114379517,4.5501716352,7.0356900517,8.4213099128
128,1004,10.6932969495,10.9121912548,4.7892473447,6.7110464091,8.5466763045
128,1005,10.7062297365,10.9129586999,4.7551505311,6.9514368815,8.6344034814
128,1006,10.7202028414,10.9326267649,4.9229088888,7.0197494156,8.6970260468
128,1007,10.7264631358,10.9666231836,4.6466079864,7.1637698758,8.720512446
128,1008,10.7407243805,10.96961356,4.6882722246,7.162755252,8.5159325534
128,1009,10.7537433107,10.9732385217,4.9183484887,7.1004552177,7.8968836387
128,1010,10.7640424976,10.9741415515,4.6810105227,6.8943803042,8.6925812865
128,1011,10.8020522361,10.9835901168,4.7758271936,7.1436267089,7.8258376261
128,1012,10.8070628784,10.9926400301,4.6919216044,7.2007438039,8.6244421997
128,1013,10.8194228058,10.9939931457,4.8733738712,7.2196997814,8.2766879038
128,1014,10.832165353,11.0047081309,4.7244546468,6.9415611821,8.4106084637
128,1015,10.8601737488,11.0102077089,4.809764831,7.1578665641,8.6283570361
128,1016,10.8671153691,11.0160644557,5.0031409924,7.0656966783,8.485825299
128,1017,10.8935230456,11.1041714449,4.8393051448,7.0356204575,8.9789369621
128,1018,10.8958685885,11.1213213133,4.7016519692,7.1438759927,9.134507977
128,1019,10.9117706267,11.1286759235,4.7835669236,7.1712342919,8.0061905754
128,1020,10.9303964431,11.1360585699,4.9622901977,7.3573122088,8.6745995005
128,1021,10.9477290998,11.154091525,5.0171075929,7.2179586524,8.8925383918
128,1022,10.9593393503,11.1746108124,4.9968299625,6.6894903462,8.3732357172
128,1023,10.960365195,11.1801243313,4.9147193716,7.4673703957,8.7975728703
128,1024,10.9661117066,11.1850324118,3.8849629535,6.8334801103,8.2233283561
128,1025,10.9841670688,11.2000421606,3.9124267835,6.7823817676,8.8495207607
128,1026,10.99478413,11.2047947494,3.9012338651,6.9439111171,8.7780828627
128,1027,11.0088618594,11.2167750614,3.9202251171,6.6605780129,8.7908214086
128,1028,11.0240492621,11.2210595817,4.0514270906,6.9326009317,8.5587724938
128,1029,11.0461746811,11.2228484425,3.9255405912,6.9744481738,9.221021146
128,1030,11.0517972526,11.2238689249,3.8258970542,7.0165259174,9.1882176391
128,1031,11.0659734031,11.2252831833,4.0045834662,6.7900330498,8.6921485786
128,1032,11.0719397062,11.2252919848,3.9367018914,6.79357074,9.0503424659
128,1033,11.0769259137,11.2268178399,3.8884082843,6.8897236044,8.725118235
128,1034,11.0962097259,11.3073097065,3.9586527599,6.8800334947,8.7278016654
128,1035,11.1080667364,11.3075935904,3.9797738118,6.7573765261,8.835896601
128,1036,11.1213535787,11.3302362866,4.0264384993,7.138741185,9.1170783694
128,1037,11.1539353752,11.3326539126,4.0403131331,7.1930150837,8.8590379053
128,1038,11.1577380827,11.3389622435,4.0417380285,6.8413366977,9.4360214498
128,1039,11.1749873844,11.3474125542,3.9801211182,7.1852938302,9.4736174081
128,1040,11.2023560611,11.379084897,4.1275874972,6.9743586598,8.7438553526
128,1041,11.2116728266,11.4088344518,4.0145583184,7.1679388532,9.2503242218
128,1042,11.2265838181,11.4396680421,4.147441354,6.9544535782,8.1994422081
128,1043,11.2403881308,11.4539624163,4.2202920388,7.0661294005,8.8230869943
128,1044,11.2522582478,11.4779990298,4.2143387494,6.9721928287,9.1574990355
128,1045,11.2766753651,11.4827593045,4.1991659076,7.0526421309,8.914151602
128,1046,11.2929922008,11.4879240637,4.2680917124,7.3508463131,8.3489854559
128,1047,11.2999383038,11.5495490004,4.2593746755,6.7218351285,8.9736452123
128,1048,11.3231354303,11.5680869999,4.4349534022,7.2326007849,8.8061004347
128,1049,11.3380408318,11.5880647805,4.296383292,6.9233672983,9.5404224001
128,1050,11.3451840771,11.6265693142,4.2368763996,7.0134329863,9.4055695023
128,1051,11.3544142183,11.6285212135,4.4374895163,7.1381347619,8.3291294524
128,1052,11.3632014908,11.6404777243,4.25113138,7.3109741695,9.279512515
128,1053,11.373594143,11.6417875842,4.4016148904,7.2053264833,9.2630420901
128,1054,11.3853420699,11.6503195128,4.1509577275,7.2351135251,8.9470022028
128,1055,11.4073434117,11.6522493417,4.1516676502,7.1674283532,9.479207092
128,1056,11.4258368703,11.653268829,4.4112833599,7.0721841453,8.9203093642
128,1057,11.4360344474,11.653456579,4.2614813974,7.2873001013,9.1730543018
128,1058,11.4447085793,11.6554400176,4.360797701,7.0899097177,9.6499492683
128,1059,11.4576252298,11.663010722,4.4991414536,7.2718677138,9.3580101832
128,1060,11.4671672123,11.6634280758,4.2580551801,7.3329886793,9.4665465982
128,1061,11.4788543323,11.677180179,4.491262186,6.9766746288,10.1151194431
128,1062,11.4971203429,11.6777029335,4.3370922763,7.5401570373,8.9979792449
128,1063,11.5008380904,11.6787249656,4.4771718203,7.359327345,9.1704388437
128,1064,11.5232917852,11.697938224,4.538496862,7.3955847626,8.9099974004
128,1065,11.530711729,11.707265378,4.5076711939,7.4375444108,8.5064804211
128,1066,11.5444073501,11.7211522714,4.4794106217,7.4808392133,9.3169770579
128,1067,11.5463801954,11.7294795081,4.3924507478,7.3383908864,8.8760573898
128,1068,11.570176161,11.7330969747,4.493966794,7.3700199685,9.1672298909
128,1069,11.5745686546,11.7479867052,4.4896311687,7.3286683622,9.36255924
128,1070,11.6175402714,11.7659180363,4.4647280928,7.2349942319,9.2977140371
128,1071,11.6211479633,11.7678928203,4.4938495656,7.6308699647,9.5568253958
128,1072,11.6343223445,11.7757754988,4.6394941289,7.5548092866,9.8528645795
128,1073,11.6474640893,11.7850974811,4.2839589866,7.5085865597,8.8931462283
128,1074,11.6555060922,11.7851278102,4.5711681976,7.6972704371,9.0772577062
128,1075,11.6689777726,11.7883203529,4.4546510478,7.6178618818,9.7125753861
128,1076,11.6828004283,11.8654934191,4.6872962058,7.50624528,9.4613125932
128,1077,11.7041395206,11.8675103402,4.594208175,7.6381338457,9.3204747372
128,1078,11.7279501923,11.8814545509,4.6698535379,7.7195125903,9.7189331269
128,1079,11.7522101932,11.9158908253,4.7329031894,7.7435466168,9.1033415092
128,1080,11.7557048486,11.9202722827,4.5257579049,7.642405497,9.8225340981
128,1081,11.7748444194,11.9215260298,4.8075551367,7.590279815,9.9346363976
128,1082,11.7808603506,11.9252966396,4.6729557136,7.4124054228,8.7334750057
128,1083,11.80106039,11.9266338352,4.7609360773,7.6107709898,9.7033493871
128,1084,11.8084204461,11.9276823446,4.7080229717,7.6622627679,8.9012500789
128,1085,11.8194982331,11.9286724742,4.8862780353,7.7672659734,8.8586529929
128,1086,11.8386741504,11.9294680573,4.6324151636,7.7678532027,9.2248457123
128,1087,11.845843703,11.9315052544,4.5532219357,7.62522089,9.7025740594
128,1088,11.8509370326,11.933358461,4.8742507916,7.7417936556,9.1509077693
128,1089,11.8593479918,11.9407269619,4.6150876757,7.5658296406,9.1975895827
128,1090,11.8733977674,11.9627819535,4.6740602928,7.7176741369,9.8632438417
128,1091,11.8860318071,12.0004275344,4.6487391819,7.7609040378,9.0122797761
128,1092,11.8988052593,12.0312873423,4.9695935369,7.8813728545,8.3369879593
128,1093,11.9108848399,12.0401362336,4.8883218339,7.649600682,8.9295052424
128,1094,11.9148655062,12.0409321701,5.0119277552,7.8118645657,9.7841485069
128,1095,11.9432190318,12.0421216331,4.8546089537,7.9098143213,9.1869583873
128,1096,11.9636068935,12.042282634,4.7974044251,7.8694736018,10.2326965494
128,1097,11.9729418433,12.0423686474,4.7774859282,7.8146142334,9.8406628719
128,1098,11.987774466,12.0509760513,5.0322259905,7.898304291,9.6853041257
128,1099,11.9947335144,12.0590174242,4.8858511603,7.9992875749,9.6420956871
128,1100,12.005211806,12.0657268964,5.041326085,7.8590211656,9.329267545
128,1101,12.0333806533,12.0740316973,5.0468533905,7.5077075403,9.857676176
128,1102,12.051303066,12.0998073222,5.1104013047,8.0660008673,10.2840781523
128,1103,12.0647077982,12.1012256526,5.0347104695,7.8802335693,9.5832729865
128,1104,12.0921348985,12.1023584804,5.1596306373,8.1062198116,9.1702373952
128,1105,12.0970313478,12.1118088087,4.9294628732,7.8453731668,10.1548951506
128,1106,12.1061084712,12.1273762567,4.9772180591,7.9267100399,9.6609302397
128,1107,12.1193254297,12.1384106042,5.0042002522,7.9036020925,9.8514003377
128,1108,12.1348233735,12.1396682002,5.0846005281,7.5441416335,9.7750959785
128,1109,12.1470937954,12.1548634392,5.3136251639,7.8117390265,9.5682648686
128,1110,12.159335289,12.1609328877,5.0399343266,8.2694218075,9.3127542304
128,1111,12.1693973386,12.1631171617,5.1256546261,7.8045726232,10.0514825529
128,1112,12.182785073,12.1636439325,5.1474372447,7.9198749027,9.4521992398
128,1113,12.1985405919,12.1637898135,5.0792767502,8.2591403338,9.7450707901
128,1114,12.2053851825,12.1660274327,5.0841515508,8.0012058634,10.46832074
128,1115,12.226026404,12.1978203753,5.0827399025,8.0292184692,9.3655430248
128,1116,12.2379415449,12.1978287826,5.3157000372,8.1143445711,9.6270049818
128,1117,12.2464030847,12.2503563234,5.3605373529,8.1960606666,9.6237648305
128,1118,12.2541933251,12.273435006,5.3254766292,8.1271105283,9.0340008131
128,1119,12.2775359245,12.283136615,5.3131105958,8.1592326808,9.9698665921
128,1120,12.3059252206,12.2832995844,5.1408973165,8.0397929916,10.2138326512
128,1121,12.3071940115,12.285721894,5.1420298773,7.632713248,10.0307447981
128,1122,12.3185154402,12.2936565541,5.3741378648,8.0573130913,9.1227796267
128,1123,12.3320086887,12.3430744709,5.4616021239,8.2565135859,10.0285501489
128,1124,12.3492243918,12.3580772584,5.4407357296,8.1669302596,9.8240541714
128,1125,12.3662931358,12.361340031,5.3219922423,8.3017991853,9.7996255756
128,1126,12.3714578572,12.3871930302,5.4354316231,8.4588973373,9.7895789069
128,1127,12.3907979006,12.3873306521,5.4379412551,8.2184730371,9.8460008799
128,1128,12.4066501279,12.3911822928,5.2196479973,8.2453549377,10.5010753533
128,1129,12.4228075411,12.4044916883,5.34214183,8.3514314621,9.8173177569
128,1130,12.4277054085,12.4363724961,5.3888195292,8.2341116575,10.6191791175
128,1131,12.4465119058,12.4912183024,5.4029815334,8.0187390182,10.0123929565
128,1132,12.4692360117,12.4914287166,5.26802215,8.1392419394,10.2997240239
128,1133,12.4763492422,12.4945977904,5.4354279324,8.4046300049,10.4007808099
128,1134,12.4929904159,12.5054670122,5.5408828026,8.2436321005,10.4769510833
128,1135,12.5002685391,12.5143350417,5.5535617894,8.4715596793,9.5345517087
128,1136,12.5099009552,12.5235851098,5.423306256,8.1902580843,10.285288529
128,1137,12.5407373105,12.5412099282,5.5435923945,8.4741458031,10.1383689075
128,1138,12.5485072504,12.6132760822,5.4254970939,8.5123192878,10.1929298855
128,1139,12.5655077926,12.6153299067,5.5124017375,8.6696376049,10.4856319106
128,1140,12.5698769674,12.6274290292,5.6133116739,7.8681904081,9.5850180807
128,1141,12.5811506608,12.7259080596,5.7443407999,8.3070559533,9.6116295309
128,1142,12.5954650303,12.7691897445,5.5509827825,8.2387996837,9.8198073011
128,1143,12.6180879692,12.7720375861,5.5371605363,8.4801310557,10.2139232674
128,1144,12.6404491532,12.7770017871,5.3821741419,8.7974930014,10.8330905142
128,1145,12.6519087491,12.7811756042,5.5513077012,8.4804661443,10.5977632438
128,1146,12.6597298636,12.8169921855,5.8013117106,8.1355144887,10.9422602409
128,1147,12.6760673123,12.8443878891,5.5672407445,8.5154586737,10.1318330879
128,1148,12.6877565405,12.8444445217,5.6926105021,8.5981843913,10.190676251
128,1149,12.700815917,12.9418225463,5.7311679145,8.4099369811,10.7820266161
128,1150,12.7273989979,12.957435944,5.7231190188,8.6993460306,10.2184882697
128,1151,12.7382498316,12.9589372475,5.7063881145,8.8430369902,11.0908987981
128,1152,12.7494026083,12.9590339326,4.6177258541,8.0630627489,10.4752437477
128,1153,12.7637802018,12.9639263125,4.665888774,8.2380771824,10.6432471146
128,1154,12.7671991095,12.9656858113,4.6374977914,8.1560895547,10.4163830897
128,1155,12.8071659016,12.9678128463,4.7205242867,8.0902746762,10.5239832119
128,1156,12.8126556251,12.9958408736,4.8598682783,7.9376864732,9.3852033504
128,1157,12.8243187566,12.9969907908,4.679777472,7.3681619394,10.1792897117
128,1158,12.8402123986,13.0463708523,4.6718167753,8.1330326676,10.2184108648
128,1159,12.8563388189,13.0599319173,4.6774876784,8.0357241529,10.8520532263
128,1160,12.8690668895,13.0635349294,4.8617089804,8.2936345115,9.5621493448
128,1161,12.8820407958,13.0640306696,4.626936058,7.9718400663,10.7164611865
128,1162,12.8902992998,13.0668685168,4.6700547786,8.3946498885,9.4599537327
128,1163,12.9111248887,13.0719254395,4.9204855716,8.219845848,10.6318713556
128,1164,12.9159853128,13.1117578702,4.8274478208,8.3890643889,10.0850621072
128,1165,12.9173760148,13.1448885257,4.610690571,8.1786127265,10.2274631001
128,1166,12.9497513673,13.1491771278,4.892884397,8.1750332119,9.9122171148
128,1167,12.956031425,13.1543794428,4.7797758832,8.5407215142,10.676346991
128,1168,12.9732168126,13.1573393617,4.9852341885,8.57556303,10.2998613474
128,1169,12.9779493644,13.1870431002,5.0756168763,8.5465061792,9.4448442056
128,1170,12.9917610819,13.2147505038,4.9305455884,8.4487038113,8.0735537703
128,1171,13.0184790236,13.2151497248,4.8840352486,8.198628608,10.4935118937
128,1172,13.0426581655,13.2247621376,4.9668592951,8.4819587272,11.0509113968
128,1173,13.0539603274,13.2329140432,4.928559353,8.3172510376,10.8092011549
128,1174,13.0678375886,13.2337032633,4.8939462893,8.5140750147,10.8276540751
128,1175,13.0742705218,13.2362068475,4.9294651028,8.3646638397,9.8701869108
128,1176,13.0990863738,13.236214559,4.9102470406,8.4569297805,10.6178251068
128,1177,13.1071325433,13.2425314564,5.0314558419,8.247557733,9.9958007847
128,1178,13.1165546262,13.2433272532,4.8854954471,8.4058402569,10.8992933112
128,1179,13.1455055275,13.2469974748,4.9565625493,8.3908837838,10.6672926655
128,1180,13.162316489,13.2470514659,4.9065791725,8.5387612619,10.3148790761
128,1181,13.176810615,13.2616423972,5.1602212615,8.5584597492,11.1035213559
128,1182,13.18421402,13.2616479049,5.1179320505,8.1992265536,10.9074738499
128,1183,13.1880382731,13.3080623018,5.0261316333,7.7385943208,10.8017344857
128,1184,13.214550784,13.3189247941,4.95545722,8.6168140464,10.1705619278
128,1185,13.21945303,13.3201660478,5.1041851592,8.5336840156,10.5785905932
128,1186,13.2354190504,13.3264537965,5.0329350347,8.3351221605,11.4212457545
128,1187,13.25549232,13.3640825595,5.1749306264,7.9902066576,10.7964603366
128,1188,13.2737101263,13.3738355045,5.3506308421,8.5596377993,10.6229018213
128,1189,13.2820764903,13.3855009703,5.2880400055,8.5359614568,11.4362420974
128,1190,13.295897529,13.3884288368,5.2517659108,8.481813005,10.5450022669
128,1191,13.3107563001,13.3896604892,5.1645249624,8.4581861538,10.3196308627
128,1192,13.3243291626,13.4260680885,5.3282651752,8.301042436,10.9989363203
128,1193,13.3409059071,13.4507574529,5.2520815766,8.8717562942,9.8888697055
128,1194,13.3606775096,13.4519597502,5.3043276861,8.7320199064,10.7212118671
128,1195,13.376678591,13.5135012126,5.1434926566,8.902906789,10.4083098879
128,1196,13.3948774252,13.5229390561,5.2406405204,8.6937810151,10.7906273416
128,1197,13.4028293145,13.5230741425,5.301570338,8.7300394185,11.1250222225
128,1198,13.4270382465,13.5403327081,5.3226926388,9.1324482926,10.7211462371
128,1199,13.4435744026,13.5744172904,5.3491947171,8.6926390173,9.7145626287
128,1200,13.4460266134,13.5878565476,5.2174297514,8.6035717981,10.4575237526
128,1201,13.4753566988,13.5914063882,5.3877272021,8.6353661266,10.3960314163
128,1202,13.4765421996,13.5950618438,5.3921985107,8.66192771,9.8882495289
128,1203,13.4828524167,13.5959644283,5.128631735,8.8053100402,11.0329374641
128,1204,13.5036636615,13.6093597621,5.4704032742,8.7179706932,11.3094729498
128,1205,13.5317245743,13.6317393473,5.394540304,9.0803167344,10.5711112852
128,1206,13.5409249501,13.6524620555,5.7007627804,8.973371649,11.1296055567
128,1207,13.5486647345,13.6847950648,5.4203085252,8.7096986636,10.1570094864
128,1208,13.5534131881,13.7275464585,5.4136896637,8.8152108761,10.8578101592
128,1209,13.566604634,13.7331326452,5.6177681466,8.8548017048,10.9367483524
128,1210,13.5806982087,13.749818749,5.3681317562,8.8482986542,10.9961561184
128,1211,13.60343036,13.7632181284,5.3213997856,9.2229510564,10.2446788596
128,1212,13.6108073517,13.8124275291,5.3888255521,8.8189945281,11.050702582
128,1213,13.625483872,13.8127385957,5.4822143115,8.9160228535,10.4632932563
128,1214,13.642290387,13.8432469164,5.4948058472,8.7738092977,11.255466073
128,1215,13.6430630163,13.8438387111,5.5910567896,9.2213292752,10.0731268324
128,1216,13.6719531676,13.8578427111,5.7398266976,8.7543543101,10.7898814428
128,1217,13.6856080291,13.858576185,5.6760376107,8.76300401,11.2466479441
128,1218,13.6981877727,13.8677514369,5.5794045803,9.1887443978,11.5964400136
128,1219,13.7167128045,13.8795021562,5.5046562879,8.8241667401,11.1233214198
128,1220,13.740325078,13.8867605984,5.6057132611,9.4918462957,11.5215887259
128,1221,13.7521937426,13.9265290426,5.6386974827,9.2215850389,10.9249119821
128,1222,13.7591821912,13.940996594,5.5609955868,8.9696035923,10.9629725446
128,1223,13.7717186408,13.9850839525,5.6587066058,9.0950769592,11.1065057041
128,1224,13.7968563402,13.9904674601,5.8124756667,8.9576706788,10.8985255478
128,1225,13.8057910039,13.9915606838,5.6717548873,9.1135128006,11.317701189
128,1226,13.8201023529,14.0048648083,5.8825960824,9.420450686,10.6983510749
128,1227,13.8390136802,14.0122549272,5.9085715676,9.0339219211,10.4846141821
128,1228,13.8605607487,14.0184205547,5.8687100299,9.5168943598,9.7385496846
128,1229,13.8787828477,14.0304402354,5.6176192758,8.721279945,11.1494625644
128,1230,13.8955357634,14.0322552947,5.8497724755,9.2257212206,11.77554611
128,1231,13.9072015901,14.039820505,5.8424558632,9.3462141325,11.0652787846
128,1232,13.9204671268,14.0399523578,5.7758857477,9.1577614567,11.1111145818
128,1233,13.949693752,14.04260895,5.7311769733,9.2216505417,11.0571850252
128,1234,13.9552695867,14.0428669885,5.7231147922,8.795885216,10.1829245872
128,1235,13.9780173848,14.0837697011,5.7868461698,9.0673979804,10.298990894
128,1236,13.9981083958,14.0847327224,5.9801357051,9.0122344262,10.9592397838
128,1237,14.0092975564,14.0875802677,5.8963249038,9.1761456773,11.9759789443
128,1238,14.0213093827,14.1595113512,5.9743698109,9.4907358548,11.4149936415
128,1239,14.036261956,14.1939996973,6.0615990288,9.1783996887,11.1172829212
128,1240,14.0418398355,14.1940036436,5.8494096544,9.336347868,10.9999274701
128,1241,14.0748459953,14.2143899471,5.9937021163,9.4570562535,11.2021226384
128,1242,14.0880131458,14.2221306579,5.9345137113,9.3460096446,11.4474150809
128,1243,14.114098115,14.2247432868,6.0023778821,9.3950483539,11.1243192234
128,1244,14.1214473352,14.2425010757,5.9311525758,9.1902286337,11.551713506
128,1245,14.1254611755,14.2549506217,6.1538012835,9.4208411787,11.8079073468
128,1246,14.148427817,14.2633574191,5.9161828327,9.3314025622,11.492784215
128,1247,14.1548921859,14.2633576382,6.0032438374,9.2983324261,10.708622598
128,1248,14.1668244865,14.3004733728,5.9957646308,9.5367056234,11.8885535035
128,1249,14.1957011142,14.3005210868,6.0558190649,9.4516262165,10.2059773787
128,1250,14.1983022359,14.3410505246,6.005884472,9.4808349058,10.8807238511
128,1251,14.2130173747,14.3513003921,6.2048532808,9.7295502654,11.3703821273
128,1252,14.228830923,14.3853196429,6.0785439957,9.5458861964,11.6298741025
128,1253,14.2398077415,14.4032929279,6.3172801739,9.717073494,11.6691530483
128,1254,14.2597054007,14.4063195979,6.1630893553,9.0714544474,11.3200014009
128,1255,14.2747205023,14.4616794038,6.1220147122,9.2336811485,11.3751381885
128,1256,14.2921077823,14.4848131531,6.3219630719,9.6642087777,11.7632871379
128,1257,14.3091370685,14.4893060792,6.4189429836,9.4376896419,11.9459277023
128,1258,14.3168570011,14.5010500461,6.1434145576,9.4887875938,11.0089725126
128,1259,14.3400506155,14.5024197625,6.2942804432,9.6435524958,11.9918136164
128,1260,14.3535582119,14.5917536934,6.2235363091,9.7317950144,12.1672648536
128,1261,14.3639115859,14.5925106649,6.5040815731,9.6049363353,11.8445989808
128,1262,14.3796216518,14.5929719746,6.3762683531,9.8593112764,11.6790540626
128,1263,14.3990455449,14.6076561079,6.422713033,9.710243433,10.9321701764
128,1264,14.4122952699,14.6082828323,6.3011230357,9.743025365,11.700366755
128,1265,14.4227412644,14.608940958,6.2722881641,9.6043619146,11.0047869534
128,1266,14.4395014151,14.6314794979,6.2340119954,9.9453381906,11.0104032376
128,1267,14.4414861931,14.6351654263,6.4603901414,9.4948339364,11.7856829693
128,1268,14.4522751004,14.6424767895,6.3841540531,9.6964664943,12.0248947384
128,1269,14.4702782212,14.6560392609,6.0782038889,9.7441769439,11.9630218077
128,1270,14.5009769411,14.6564217521,6.4330027977,9.55345358,11.0911217351
128,1271,14.5103759792,14.6564401876,6.3998304333,10.2217244754,11.7240511069
128,1272,14.5258809752,14.7007997906,6.3159358588,9.6899959309,12.265463622
128,1273,14.5406473539,14.7012854373,6.4849614155,9.9204129856,12.3814653424
128,1274,14.5469332582,14.7034424474,6.6000328421,9.9273216354,12.2219844556
128,1275,14.5547579606,14.721831509,6.4613651344,9.6256419148,11.8395589077
128,1276,14.5688406707,14.7266706136,6.630743391,9.5786934501,11.3792944043
128,1277,14.5818583507,14.7455658637,6.3820493071,9.6451971131,11.0196994199
128,1278,14.5975999304,14.758062256,6.4263023119,9.7223351978,12.3027052689
128,1279,14.608944318,14.7580685708,6.5917356126,10.0174267769,12.3474791186
128,1280,14.6143474278,14.7581125415,5.4386557148,9.3397776753,11.3743887154
128,1281,14.6381937063,14.7630131239,5.3649870607,9.509456003,11.8677408445
128,1282,14.6510136358,14.8306885134,5.6080940216,9.3762125884,12.339443177
128,1283,14.6651074545,14.8316874416,5.4008065207,9.2110918182,11.5807005623
128,1284,14.6926193005,14.8318626785,5.6040328383,9.2952885935,12.0907850765
128,1285,14.7042153789,14.8336850044,5.5009834266,9.5869548045,11.934751754
128,1286,14.7124789277,14.8920841334,5.3592550634,9.0411601729,11.819244673
128,1287,14.7186169758,14.8920883341,5.5170242837,9.3602238678,12.4112539528
128,1288,14.7289238907,14.9190303807,5.4457468837,9.5083941631,10.6308857874
128,1289,14.7406871889,14.9262704539,5.677380128,9.4592910153,12.311781106
128,1290,14.75612945,14.9263831267,5.7471017137,9.4343802704,12.0295506434
128,1291,14.7668382973,14.933055164,5.7259649457,9.4763449353,11.6387544938
128,1292,14.7780985176,14.95473333,5.595418138,9.7347656581,11.840575938
128,1293,14.7951619878,14.9574340872,5.6230692512,9.1713757616,12.6306910513
128,1294,14.8136878735,14.9574971176,5.7114921621,9.806536735,10.341364051
128,1295,14.8268592916,14.9713311934,5.5693232386,9.4472828855,11.9153423892
128,1296,14.8438433652,15.0388010308,5.8622069199,9.5760899585,12.540264841
128,1297,14.8557115974,15.0920143797,5.7689225871,9.7343695883,11.6216898524
128,1298,14.8707380084,15.1045014593,5.8702215503,9.9964533565,11.9371194646
128,1299,14.9002281097,15.1073801784,5.5861539118,9.5618241318,12.4061042943
128,1300,14.9117794817,15.1356998306,5.7291859249,9.7760597564,12.5567023525
128,1301,14.9237505964,15.140632209,5.7089656064,9.4471243678,11.2608751939
128,1302,14.935349361,15.1456921667,5.6791635636,9.8781612387,12.2157224829
128,1303,14.9542743098,15.1456944574,5.6748222052,9.4099472652,12.1402254044
128,1304,14.9717598932,15.1719550621,5.7424234065,9.7555206249,12.2528438623
128,1305,14.9802394284,15.1756741514,6.0140433805,9.4755185612,11.9588919125
128,1306,14.9928407452,15.1819627218,5.8918475773,9.9217622977,12.1597554543
128,1307,15.009229384,15.1821598279,5.886593424,9.9458822295,12.0491121647
128,1308,15.0227686967,15.1908870754,5.8829684766,9.9730925586,12.3338127517
128,1309,15.0303189102,15.1944793768,5.8014680334,9.8113942523,11.2367610988
128,1310,15.0583196532,15.1973707961,5.9526552468,9.6687953475,12.0883659803
128,1311,15.0745603964,15.1982254146,5.8401634777,10.06221293,11.7310504903
128,1312,15.0791833051,15.2290012386,5.9131435009,9.6028759889,11.0783806125
128,1313,15.0850579209,15.2358305854,5.9586608338,9.9044187331,12.5319425278
128,1314,15.1028849621,15.2450332857,5.9925765337,9.5871071952,12.4880469225
128,1315,15.1046845656,15.2465952307,5.9229995269,9.7251249997,12.2689898507
128,1316,15.1190279979,15.2878380804,5.937203674,9.5681846782,11.7107020763
128,1317,15.1361713525,15.2885388673,5.9858921028,10.2919094014,11.9421054476
128,1318,15.1627569944,15.3413752747,6.0734701404,9.7221430332,12.7788946284
128,1319,15.1702831908,15.3657275636,6.1459825094,9.8917661417,12.1998924504
128,1320,15.172277146,15.3834396174,5.9984917468,10.1030008485,12.8854692078
128,1321,15.1951239115,15.3866754223,6.1771360934,9.8989458686,12.1134244378
128,1322,15.2055617172,15.4141806751,6.2123811638,10.3289214202,12.8329165677
128,1323,15.2381345709,15.4232003432,6.1943428423,10.2617171109,11.964700366
128,1324,15.2505117794,15.4244807889,6.0421547934,10.0067184688,11.820487692
128,1325,15.2699560727,15.4260246468,6.1233156025,9.986534438,12.5187276139
128,1326,15.2787206218,15.4536033403,5.9786882889,9.9238450673,11.7664457643
128,1327,15.2920022405,15.4762637667,5.9663682714,9.9211543959,12.3326189982
128,1328,15.2955127902,15.4775174451,6.3374581944,9.942356937,11.9215334188
128,1329,15.3183821519,15.479557858,6.2723653981,10.0844060057,12.0643934899
128,1330,15.3282955957,15.4808815798,6.2699732846,10.2746027279,11.8884417823
128,1331,15.3424805779,15.4857343046,6.2350372088,9.9332589459,12.5196932499
128,1332,15.360058335,15.4861445391,6.2303664689,10.1032228263,13.1192001281
128,1333,15.3741043722,15.5141369745,6.290411909,9.9142318823,12.9103007849
128,1334,15.401057577,15.5346386629,6.31124181,10.2118836707,12.7890453248
128,1335,15.4149107705,15.5621521291,6.2669265561,10.0736545461,12.2238128744
128,1336,15.4235545192,15.5871887869,6.4665350912,10.3052555689,11.0728237664
128,1337,15.4312304476,15.6001207871,6.2035640541,9.8043249852,12.7507449798
128,1338,15.4447619731,15.7011347117,6.2025584615,10.3223362247,12.531492856
128,1339,15.4644186277,15.7011514612,6.3983961764,10.4002868465,12.6170881742
128,1340,15.4810401255,15.7292898817,6.3162903744,10.1192012125,12.396821544
128,1341,15.5063710521,15.7316030039,6.5094581872,9.9722370349,13.0502393394
128,1342,15.5316743037,15.7316031284,6.2725739142,10.3492663092,12.2010545568
128,1343,15.5331561813,15.7418823105,6.446449255,9.834210448,12.2603546315
128,1344,15.5505202365,15.7421511519,6.3710448817,10.2473671076,12.8155306894
128,1345,15.5727126318,15.75328623,6.4868648807,10.3247458561,12.9832501357
128,1346,15.5839244511,15.7671694631,6.569471751,9.9571032098,12.2074303221
128,1347,15.5887445857,15.7712441219,6.4879424796,10.6318522433,12.7215250277
128,1348,15.6075749372,15.7853543207,6.4152043442,10.6515411048,12.9665816785
128,1349,15.6252695898,15.8199433403,6.5159080528,10.5597109889,12.1196842418
128,1350,15.6336257561,15.822017287,6.5092245691,10.5000625282,12.1922952083
128,1351,15.6400173969,15.8293942229,6.6307327085,10.3134832157,12.7682179499
128,1352,15.6599355823,15.8355181329,6.7173690158,10.2877604715,12.9236695454
128,1353,15.6713910237,15.8514866323,6.3380985234,10.1287565857,12.9940887745
128,1354,15.6856558786,15.861202374,6.2402698837,10.7406191109,12.9115273992
128,1355,15.6942785044,15.8687254458,6.7793920163,10.4697649885,12.6625654714
128,1356,15.6998579179,15.8749805382,6.2460323732,10.8361100119,12.9946961644
128,1357,15.7186162502,15.8843640219,6.5152476719,10.6906751864,11.7706279202
128,1358,15.7305655687,15.8985566269,6.7455204309,10.3733992128,13.0484641135
128,1359,15.764911845,15.8987330424,6.556388409,10.5018834629,13.0229865151
128,1360,15.7703572811,15.9104826224,6.4761117598,10.3696341557,13.1410132684
128,1361,15.7918635133,15.9317853635,6.7234247732,10.3291108361,13.108263715
128,1362,15.7991088363,15.9809131249,6.6996783753,10.5077068579,13.7698928906
128,1363,15.8045671562,15.9850723126,6.6451793621,10.7775365309,12.9764144454
128,1364,15.8285335805,15.9866212746,6.884468013,10.4590239727,12.6236567491
128,1365,15.8470951474,16.0059900176,6.8028077423,10.5290876309,13.1629190132
128,1366,15.8515051063,16.0095856847,6.7553947169,10.0918571434,13.4284995134
128,1367,15.8865330834,16.0482522921,6.9375920164,10.3620339485,13.1562370544
128,1368,15.8919719703,16.0516887071,6.7766307814,10.553567225,12.7814527441
128,1369,15.9053080577,16.0642711057,6.7650882487,10.533915791,12.991299023
128,1370,15.9095680599,16.0895497872,6.7754095826,10.5736379318,13.0715368392
128,1371,15.9273697352,16.0902939983,6.7703534813,10.7079867318,12.944470114
128,1372,15.9475039997,16.0928053359,6.932663954,10.8966117952,13.600546638
128,1373,15.9535110801,16.0960962186,6.7069527837,11.0175094834,12.6412903674
128,1374,15.9706416367,16.1120167309,6.7050598351,10.2471169939,12.7467871385
128,1375,15.9735580096,16.1136432891,6.9136186731,9.9112934086,13.0401015067
128,1376,15.9988781877,16.1141060245,6.8477944545,10.7856599885,12.6027195827
128,1377,16.0192148397,16.114827429,7.0382872813,11.1171210915,12.1446541103
128,1378,16.0347268974,16.1171249224,7.0883524572,10.572615423,13.1327604973
128,1379,16.0527553655,16.1838641498,6.9170900768,10.8511493051,12.9807698449
128,1380,16.0622572404,16.2438409912,7.0179912359,10.9287999909,13.3888387054
128,1381,16.0682039015,16.2513390267,6.9760958388,10.7348323851,13.8800868576
128,1382,16.0964527429,16.2571777965,6.9689212755,10.4422666501,13.5434824181
128,1383,16.1266721755,16.2589711661,7.0242846852,10.5980566096,13.3546944201
128,1384,16.1413814666,16.2819442796,7.1377204049,10.582761034,13.1171606709
128,1385,16.1492325798,16.2822846515,7.1830378777,11.0159051276,12.4566392178
128,1386,16.1539267282,16.284276677,7.0680880902,11.0738432247,11.9098446972
128,1387,16.1757009715,16.3102219195,7.2913035259,10.9993701949,13.0765869525
128,1388,16.1895946647,16.3122740145,7.090889581,10.8612474327,12.9053862436
128,1389,16.1938369338,16.328585501,7.2305323209,10.8932036642,12.7678890411
128,1390,16.1985237557,16.3289182923,7.446175826,11.0781206199,13.1225973616
128,1391,16.2318972685,16.3363808679,7.2557436584,11.0383942903,13.0844757295
128,1392,16.2493356495,16.355198386,7.1809351108,10.598882394,13.4501244334
128,1393,16.2591032915,16.3934542644,7.3032475209,11.0699072296,13.3611384052
128,1394,16.2631856034,16.3979216753,7.2401585301,11.3185758454,12.9933910979
128,1395,16.2742472443,16.4304787379,7.2012068955,10.914613569,13.0573939139
128,1396,16.2941720902,16.4372432936,7.1104599515,11.1768265841,13.9829994263
128,1397,16.3103787032,16.4659501287,7.0679573594,11.0607963238,13.4288793966
128,1398,16.3290219211,16.4922431851,7.2271886136,11.4261499494,13.7740280874
128,1399,16.3355341637,16.4935894015,7.393759022,11.2854669319,13.1223285041
128,1400,16.3481905465,16.5935933262,7.1105082954,10.4710519672,12.9177068665
128,1401,16.353894758,16.5945655847,7.3555440963,10.7357508944,13.4282530619
128,1402,16.3714712967,16.6110087859,7.1742171624,11.2321008324,13.0782063791
128,1403,16.3829843469,16.6205100914,7.4670849768,11.4787298087,13.6311510079
128,1404,16.3979982653,16.6384221472,7.3022705623,11.3818779818,14.2720945545
128,1405,16.4144328884,16.6412006881,7.368880631,11.0115740379,12.890491669
128,1406,16.4324682181,16.6714066257,7.3164550468,11.0488049723,12.3234474183
128,1407,16.4386617562,16.6767017404,7.4497401137,10.9651374741,12.6169866393
128,1408,16.455729097,16.6790245717,6.2505710703,10.4352280023,13.7197976432
128,1409,16.4628506583,16.6793828428,6.1730920001,10.706459051,12.8354007814
128,1410,16.4702297535,16.6800473088,6.1427638276,10.6900311409,12.8434362738
128,1411,16.4907115235,16.682334235,6.1919067157,10.7915560094,12.754007901
128,1412,16.4936333402,16.6909499132,6.4077792237,10.9343994572,14.0134179237
128,1413,16.5086254121,16.7161696411,6.3923597591,10.7385114298,13.6476906528
128,1414,16.5242494448,16.7162428744,6.2612006172,10.9392174914,12.7272287632
128,1415,16.5526851136,16.7167768723,6.5469182909,10.6525327392,13.2322677131
128,1416,16.5786797489,16.7191306767,6.3844199093,10.6233383369,12.6728729401
128,1417,16.595268966,16.7552488867,6.3856398232,10.4839112951,13.8137091642
128,1418,16.5998737678,16.775133942,6.4413507233,10.7266694593,13.4645487132
128,1419,16.6025476513,16.777307507,6.5637286121,10.7234682688,13.1556703108
128,1420,16.6300217396,16.7774321566,6.4680133291,11.0402679389,14.68599817
128,1421,16.6476939906,16.8143457558,6.5000170004,10.6528464163,12.146274727
128,1422,16.6540181474,16.8144401055,6.4976463291,10.8895763077,13.5910508264
128,1423,16.6664836284,16.8172699556,6.4825090188,10.4824205718,13.8530907398
128,1424,16.6774225689,16.9077518457,6.5199982746,10.5361339313,12.9645872275
128,1425,16.6936901492,16.9077521467,6.5534394606,11.1220246147,13.5538304236
128,1426,16.7054322348,16.9641504074,6.5245850486,11.0334418469,12.5210663252
128,1427,16.724047046,16.9649516927,6.5996251379,10.6901115712,14.5564953879
128,1428,16.743403728,16.9786599914,6.7890752587,11.4276781798,13.8786127962
128,1429,16.7542441173,17.0536980396,6.6158666979,11.0622283697,13.5273549196
128,1430,16.7620236332,17.0620141785,6.5297894651,11.0078420957,13.6074485291
128,1431,16.7891637286,17.0637822578,6.6095645411,10.761491008,13.352131479
128,1432,16.7932803881,17.0638925104,6.7088046046,10.8636130778,13.1090886601
128,1433,16.8095931262,17.0811672643,6.5961780277,11.1909648033,13.1416839729
128,1434,16.8409465494,17.094616015,6.6931075331,11.1343572783,13.9102481142
128,1435,16.8440783844,17.1096415281,6.6964083999,11.0432801912,13.9692215128
128,1436,16.8510966369,17.1296843053,6.7042162103,10.9571103904,13.8819842376
128,1437,16.8623362063,17.130986161,6.7002169822,10.9879768511,13.8079842597
128,1438,16.875326112,17.1569292472,6.6208836814,11.1626822277,13.7580831141
128,1439,16.8773910066,17.1570769293,6.6621038123,10.6426489325,13.7726577059
128,1440,16.8913890222,17.1852205065,6.9883158334,11.4073931259,13.5102432597
128,1441,16.9012994149,17.1975373242,6.8249232298,10.7764908705,13.1654928099
128,1442,16.9217837642,17.1987618927,6.9636821818,11.278741682,13.3243503145
128,1443,16.929223122,17.1987654146,6.8175856378,11.3149445743,14.1786201996
128,1444,16.9484119602,17.2217489016,6.8754506171,11.3833454686,14.3241554307
128,1445,16.9772214617,17.2252036663,6.8565105133,11.2675635121,13.1362719766
128,1446,16.9889593139,17.2666997685,6.9760737991,11.4499634013,14.1182177578
128,1447,16.9911661158,17.2717494701,6.9614801473,11.3536624368,14.2571917821
128,1448,17.0092748949,17.2749018511,6.8327145739,11.5054210458,14.302826846
128,1449,17.0269798805,17.3268922919,7.0253179682,10.9280507241,13.6206302577
128,1450,17.0459138127,17.3269699215,6.7001063154,11.080765632,14.2076176951
128,1451,17.05686699,17.3326008291,7.1436920057,11.4245755161,12.637253751
128,1452,17.0753351741,17.3328290159,7.0576071779,11.4126776402,14.0147903049
128,1453,17.0855281872,17.3484166654,6.9162346684,11.0164955657,13.7947245311
128,1454,17.0995155324,17.3732774217,7.0059048959,11.0702815837,13.7115672918
128,1455,17.1252501548,17.3920401703,7.1135124881,11.2807505394,11.3497251941
128,1456,17.1383061909,17.3921073422,6.9756889084,11.4453115168,14.53481184
128,1457,17.149466977,17.3922352659,7.0199452785,11.415055757,14.4989873719
128,1458,17.1611042545,17.4127156692,7.1118410001,11.6854964285,12.2619468926
128,1459,17.1828382723,17.412858589,7.0909582618,11.4291165355,14.3907137502
128,1460,17.1866368779,17.4138736094,6.9467886739,11.5947360224,13.701936693
128,1461,17.2034119474,17.4359147853,7.1331238026,11.4098961651,13.4122991699
128,1462,17.2078700018,17.4368423758,7.190532091,11.8168043351,14.8516319315
128,1463,17.2275358426,17.4712813834,7.1698909269,11.4112895543,12.9037250659
128,1464,17.2442590508,17.4714706215,7.1844806635,11.5630393888,14.3581944106
128,1465,17.2471074795,17.4745679055,7.2266343622,11.4843139643,13.4350449421
128,1466,17.2566499212,17.475732349,7.3067899762,11.0307685032,15.2999895823
128,1467,17.2864537539,17.5029365978,7.2328424364,11.4082949228,14.1565265749
128,1468,17.3059149339,17.5124857759,7.2203223358,11.6207568283,14.3284298712
128,1469,17.3280545773,17.5221441945,7.1979062629,11.2881072918,14.1005513442
128,1470,17.3329417414,17.5494648209,7.1378140876,11.6154787423,14.1768979439
128,1471,17.346598128,17.5683294911,7.2824771918,11.6018708042,14.3617942669
128,1472,17.3544060913,17.5769443686,7.4317153677,11.119395737,13.1318291123
128,1473,17.3650962772,17.5995125904,7.3319272901,12.1673628615,14.2648660112
128,1474,17.3856876416,17.6199586765,7.4365130873,11.6285323258,14.3593309505
128,1475,17.3997970851,17.620223262,7.1629370104,11.5649335243,13.2749358289
128,1476,17.4141049502,17.6206813153,7.3731609415,11.5693419197,14.5935245065
128,1477,17.4189489249,17.6353761767,7.3086493746,11.7138389052,15.0097772431
128,1478,17.4398850659,17.6358154434,7.4012595856,11.989506997,14.1060002752
128,1479,17.4490318102,17.6486804004,7.1981475926,11.4682059469,14.6043839586
128,1480,17.4697582029,17.6749863176,7.3647009973,11.7435104979,14.4239142969
128,1481,17.4844052559,17.6811995032,7.1790056004,11.6585074401,12.4433895396
128,1482,17.4983403176,17.7114467266,7.3547988047,11.9951870113,14.7619424579
128,1483,17.5012522355,17.7160102219,7.5020200069,11.7436943125,14.5870116875
128,1484,17.5089018448,17.7212415643,7.5403761076,11.5753648302,14.4671488115
128,1485,17.5266222565,17.7232750755,7.5891987371,11.6397001667,13.2202765641
128,1486,17.5614714498,17.7393942551,7.3420312563,11.8318748418,14.5100228154
128,1487,17.5617470594,17.7594647607,7.4438060776,11.7803049423,14.1928466483
128,1488,17.5861551593,17.7661121344,7.6545825679,11.8422986447,15.5066222433
128,1489,17.596002844,17.791095603,7.4642730072,11.9506392413,13.8643790187
128,1490,17.6046108339,17.7924823113,7.7199378472,12.0211097069,14.4826815831
128,1491,17.6140926812,17.8411064632,7.7670816744,12.0625068271,14.3221065322
128,1492,17.6211087907,17.8770113732,7.6874582009,11.8704848434,13.6986777583
128,1493,17.6498534644,17.8792756814,7.7401798266,11.7101724293,15.219540176
128,1494,17.6654351083,17.9559978142,7.5607294267,12.1905951381,13.303332664
128,1495,17.6749275561,17.9702494308,7.5891296573,11.7443118921,14.8887302423
128,1496,17.7029273817,17.9702516694,7.7263608717,12.1185077329,14.3767550615
128,1497,17.7132377454,17.9754706873,7.8807642299,11.9556258336,14.1734266779
128,1498,17.7240144477,17.9790679941,7.9117287725,11.8749201386,14.834518499
128,1499,17.7410596781,18.014372363,7.766250913,12.0656916722,13.7013191015
128,1500,17.7490080665,18.0208665358,7.6108801008,11.9263937928,14.1457137851
128,1501,17.7731063604,18.0355193827,7.735762639,11.7997040643,14.9365216583
128,1502,17.7803397891,18.0975122867,7.5357678125,12.2409456444,14.3466636702
128,1503,17.7972839082,18.114847138,7.6166393264,12.4371677875,14.7527595697
128,1504,17.8050597636,18.1186591415,7.9455820416,12.2302582136,13.4222348185
128,1505,17.8189712178,18.161425179,8.0252919586,12.0439471687,14.7142494336
128,1506,17.8369729216,18.1639534741,8.0849644371,12.1827039049,13.930637082
128,1507,17.8414424316,18.1690228267,7.8139073106,11.2529608113,14.2706240858
128,1508,17.855723459,18.1690353285,7.8217800113,12.3699777818,14.9790590156
128,1509,17.8706027648,18.1961053878,8.0968344437,11.4888090712,14.8066103286
128,1510,17.8921736621,18.2372760075,7.9120184756,11.9978229547,14.7013860106
128,1511,17.9028003202,18.2657834281,8.0647570158,12.049163317,14.744789627
128,1512,17.911927816,18.2837850714,8.0195498801,12.4275785004,14.412491442
128,1513,17.9282157742,18.2862878834,8.0971417241,12.1586694001,13.4266634159
128,1514,17.9419612903,18.3231471341,8.0553369737,12.2342761661,15.092069808
128,1515,17.9627921142,18.3231497105,7.9083119559,12.0425413512,14.1318271192
128,1516,17.9716681151,18.3232356721,8.279999776,12.5242554969,14.5355861382
128,1517,17.9925315331,18.3303022701,8.0198298714,12.570142159,15.3656445643
128,1518,18.0002077366,18.3816502741,8.0953068442,12.1558292411,13.3409651629
128,1519,18.0149257781,18.3894798633,8.0675415124,12.229285759,14.392981323
128,1520,18.037104103,18.4227344077,8.2620275563,11.9438663779,14.6891975691
128,1521,18.0495343693,18.4277398664,8.3886922238,11.7540865416,15.4737153083
128,1522,18.0545508332,18.4720852728,8.2106593695,12.1097865531,13.7163642191
128,1523,18.0673782966,18.4871618388,8.0469942313,12.3121399239,14.0804920116
128,1524,18.0861870634,18.503431959,8.0579519971,12.0302554789,14.1055174312
128,1525,18.0950848507,18.5123894296,8.2981441668,12.4599343614,14.8728566786
128,1526,18.1119580876,18.5129374419,8.2508110356,12.6246697915,15.606089299
128,1527,18.1455354437,18.5129814352,8.2162251299,12.2380036174,15.0606496527
128,1528,18.146885874,18.5234349628,8.1883108005,11.7171203134,14.0911806379
128,1529,18.1727063467,18.5237082155,8.3726503596,12.7964197,14.1516174197
128,1530,18.1825211867,18.5442625962,8.2722179912,12.407270883,13.7635199543
128,1531,18.1963842532,18.5561884573,7.9448667989,12.457771988,15.2308706911
128,1532,18.2050967636,18.5835910426,8.4594006692,12.5478535759,13.5356554233
128,1533,18.223698822,18.5837269546,8.3976634659,12.8428648744,15.0161157405
128,1534,18.2310134345,18.6638307125,8.1978376273,12.3321850238,13.7959070468
128,1535,18.2500816233,18.6691981544,8.3084352759,12.4575073903,13.9285570197
128,1536,18.2661198117,18.6702016725,7.0815303759,12.0680818947,13.9897664132
128,1537,18.2723146808,18.6702119187,7.1324346157,12.106063966,15.0999024145
128,1538,18.2973329047,18.6771966595,7.3005824466,11.7431331521,14.5308130072
128,1539,18.3105440176,18.697817955,7.3943620155,12.1811930302,14.009351948
128,1540,18.3181871111,18.6986436891,7.3087304299,11.9366510967,14.6442802034
128,1541,18.3309544255,18.7123012543,7.2481274457,11.8876539699,15.0743414082
128,1542,18.3466992292,18.7145263543,7.3451561782,12.2582181933,13.8206693665
128,1543,18.3691793454,18.7268318293,7.3539989177,11.5788631008,15.4486567219
128,1544,18.3760553671,18.7280621782,7.0332746443,12.3224740902,14.954529086
128,1545,18.3915294012,18.733569462,7.4054238826,12.1774908944,15.7666658909
128,1546,18.4310582368,18.767584234,7.4270049423,12.1211379505,14.6443850419
128,1547,18.4382061449,18.7675969433,7.492093918,12.1062502199,15.5200520277
128,1548,18.4726224869,18.7686969065,7.3698295211,12.5152714636,14.9778086684
128,1549,18.4949530238,18.7923004191,7.2778182506,12.008565979,14.0615904458
128,1550,18.5112449095,18.798746421,7.2533292148,12.3601588553,15.4185167638
128,1551,18.5209595648,18.8097659206,7.2618992384,12.4148547611,14.1138379154
128,1552,18.5374815347,18.8097671162,7.6909740535,12.5221091459,15.1521992805
128,1553,18.5531471449,18.8097674727,7.3979910344,12.3951037953,15.7552322456
128,1554,18.5709872737,18.8160183003,7.5566217756,11.8732628899,14.8724370581
128,1555,18.5977350384,18.8160568184,7.5034687341,12.4080942628,15.4385624544
128,1556,18.6232623151,18.8440182993,7.4742672984,12.2797129683,15.4126233902
128,1557,18.6343030576,18.8686923818,7.3636877497,12.4117885176,15.4689494057
128,1558,18.6442762435,18.8741720544,7.4113172107,12.5027950863,15.6799864362
128,1559,18.6584406308,18.8752468344,7.6817737763,12.6735965764,14.4520987333
128,1560,18.6661337758,18.88068428,7.6797026657,12.2915829472,13.7424115655
128,1561,18.6749218336,18.9571278132,7.6202646007,12.3892306737,15.0093949566
128,1562,18.6999814363,18.9613841126,7.3902516669,12.610293775,14.7878748433
128,1563,18.7074059934,18.961391574,7.6069069676,12.594170362,15.567336234
128,1564,18.7206316799,18.9749067517,7.547388306,12.6303376101,14.9642682826
128,1565,18.7313725872,18.9790324594,7.7179854821,12.4073827225,15.3170503924
128,1566,18.749582606,18.9795483033,7.544442777,12.6312457999,14.7477391422
128,1567,18.7695227616,19.0206391706,7.6432227881,12.3561207492,15.4353365821
128,1568,18.7766697175,19.0262681664,7.8781371003,12.4772475879,14.7766078702
128,1569,18.7962403242,19.0310833263,7.7129797857,12.601003094,15.5222759996
128,1570,18.811554402,19.0376902618,7.6917173803,12.7681353519,15.37909677
128,1571,18.8349972905,19.0399744941,7.6822358899,11.9356325211,15.8022256091
128,1572,18.8500375944,19.0405532867,7.6801898878,12.6003395435,15.3243138635
128,1573,18.8576449924,19.0871804033,7.7295164354,12.6125374531,14.0056396636
128,1574,18.8772906825,19.0881433462,7.6739975309,12.3240427066,16.209314514
128,1575,18.8963286718,19.1017544298,7.8286354255,12.5542037779,15.4019639637
128,1576,18.9061068089,19.1517334067,7.9753902983,12.7861421673,15.5310434589
128,1577,18.9147179773,19.1647087129,7.7780857569,12.7445499622,15.0354973266
128,1578,18.92665156,19.1657550694,7.9616361181,12.420953525,14.57057561
128,1579,18.9583861951,19.1659316402,7.9329332052,12.4531697038,15.7960168276
128,1580,18.9649127344,19.1699365218,7.8544464881,12.4503667516,15.4655661578
128,1581,18.9779472196,19.1787033548,7.7060237279,12.826680968,15.9139715943
128,1582,18.9894979782,19.208244759,7.9285708808,12.2883810002,14.7234032414
128,1583,19.0034341826,19.2182520308,7.7100617085,12.2910920542,16.1165548216
128,1584,19.0473275749,19.2194412913,8.0524569463,12.7403254216,16.5717874175
128,1585,19.0501959415,19.2253117117,7.9705638748,12.1358307876,15.2208975129
128,1586,19.0711771637,19.2563589157,8.0481493952,12.730156007,16.0629462373
128,1587,19.0809754465,19.2567499034,7.9791403694,12.9587893927,14.6448045898
128,1588,19.0868490631,19.2953509804,8.0593708484,12.6879150049,15.5168779329
128,1589,19.1010589403,19.333523061,7.7942212486,12.5843890728,14.7482324999
128,1590,19.1114286354,19.3979103712,8.07602261,12.9724755153,15.8381137749
128,1591,19.1263727514,19.3980467954,7.9295125458,12.7271094068,16.6833132332
128,1592,19.1381846293,19.4022864909,8.2389567649,12.593402806,14.2572730552
128,1593,19.153283367,19.4160651507,8.0057983977,12.8248532068,16.2434936032
128,1594,19.1712302646,19.4174406174,8.21447349,12.7665014635,15.130709591
128,1595,19.1741914135,19.4294173408,8.1584711422,12.9114074759,15.1371412064
128,1596,19.2010395953,19.4381784463,8.1089338655,12.5740836493,15.9061668617
128,1597,19.2284344428,19.4488165723,8.0446540078,12.7667256105,16.2618459906
128,1598,19.2316651849,19.4508954976,8.2152138149,12.6680673417,15.43279957
128,1599,19.2545155556,19.4776175594,8.1849398823,12.6440692006,16.0175889273
128,1600,19.2755634425,19.4777098428,8.0950059592,13.2503420203,15.8749888327
128,1601,19.2873245154,19.4898588,7.9974994559,13.1375932247,16.4986955851
128,1602,19.3034370354,19.5703049036,8.3444008299,12.8414356791,16.3849694727
128,1603,19.31037135,19.6082822113,8.2299247902,13.2047403776,15.3426944993
128,1604,19.3334109142,19.6195361133,8.3150131911,12.6153878648,15.5570251161
128,1605,19.3370297343,19.637522364,8.3114011591,13.0837805931,15.1029526906
128,1606,19.3568511593,19.6610250351,8.2117334287,13.0496750885,16.8671291768
128,1607,19.3644479416,19.6622019981,8.389952315,13.238199168,17.1271868864
128,1608,19.382624829,19.6692038834,8.3310545371,13.2199200568,15.0180572525
128,1609,19.3977865423,19.7059147099,8.4923317796,13.1724326419,15.8049368209
128,1610,19.4259456136,19.7152453499,8.4091281024,12.8762879927,15.729710954
128,1611,19.4295273693,19.7152497393,8.5675511424,12.8447366148,15.7676209029
128,1612,19.434038989,19.758127528,8.4229638271,13.3162069354,16.0390060705
128,1613,19.4664071112,19.7604613767,8.6912587297,13.02960603,16.335784536
128,1614,19.4699129035,19.7845352019,8.471973591,13.5338227759,16.0430260853
128,1615,19.4828887979,19.8028791136,8.5725024001,13.1051768038,14.3924033309
128,1616,19.495591994,19.8038325197,8.4431429345,13.4503686419,15.7868698487
128,1617,19.5020200216,19.8111764391,8.6024148117,13.2889053948,15.9001476543
128,1618,19.5071544401,19.8268246849,8.6662934169,13.4463211771,16.3120888253
128,1619,19.5369892718,19.8280617967,8.6491556767,13.3136737096,16.2741538308
128,1620,19.5437823564,19.8284447985,8.6409082399,13.2258056026,15.7455234802
128,1621,19.5645385773,19.8323222639,8.7524342039,13.1374823401,16.0524884995
128,1622,19.5871488202,19.8495701741,8.6402892749,13.0696575998,14.7947310306
128,1623,19.5997995194,19.8673139473,8.695510877,13.5888642745,16.1058369025
128,1624,19.6187348247,19.8881100118,8.6137393329,13.1475116667,16.368623833
128,1625,19.6210426853,19.9295984422,8.5080859002,12.9760959551,15.6407224586
128,1626,19.6386376539,19.9598104046,8.6964074027,13.4061370659,16.1356427032
128,1627,19.651146473,19.9695322453,8.5987863989,12.9305820941,16.493923794
128,1628,19.6662782829,19.9721587816,8.6515779156,13.8467020502,16.4858625647
128,1629,19.682124193,19.9727237677,8.7791823847,13.2548476223,16.1989776653
128,1630,19.6967921984,19.9727241745,8.9482986451,13.449678552,15.9046219551
128,1631,19.7076818183,19.9737188926,8.7926117668,13.3437540755,17.0190520584
128,1632,19.7322034806,19.9741306303,8.7813144599,13.35544479,16.5522380724
128,1633,19.7428271062,20.0048938049,8.8963679109,13.3465633921,16.3133064397
128,1634,19.7530775243,20.0088265069,8.7256347613,13.2156448004,15.6306957852
128,1635,19.7884287582,20.0099400483,8.7989997614,12.8077322779,16.7286536533
128,1636,19.7939255198,20.0450384076,8.9915541915,13.4452859809,15.9611160092
128,1637,19.7952388571,20.0451052481,8.93058796,13.2454414963,16.1582832337
128,1638,19.803874436,20.0556102853,8.6679090845,13.729832691,17.6657717656
128,1639,19.8308043415,20.0797881561,8.8492727549,13.8233948625,16.6295343012
128,1640,19.8385551657,20.0799170008,8.8268447032,13.8294336819,16.3932056903
128,1641,19.8445208177,20.1151296705,9.0304253897,13.6993641598,16.0318506131
128,1642,19.8611197952,20.1385481393,9.0179687693,13.5992941304,16.8617104657
128,1643,19.874723131,20.1694034098,8.8538413089,14.111611882,16.35036583
128,1644,19.8970198021,20.1712060661,9.1052291308,13.5069252665,15.740177653
128,1645,19.9099254853,20.1716849678,9.0846173238,13.8867905333,15.9104920175
128,1646,19.9207321019,20.1792890759,8.9177109384,14.1813927893,16.1935179351
128,1647,19.9345108898,20.1821893689,9.0616694299,13.8250527313,15.8726494472
128,1648,19.9472298842,20.1986089343,9.0854107119,12.7729486355,16.2602897835
128,1649,19.9634222888,20.2114849023,9.1858191302,13.674115854,15.2336167011
128,1650,19.9824826767,20.2115488219,9.2464632689,13.8745503991,15.9855971849
128,1651,19.9947576544,20.2122348973,9.101393291,13.6907217726,15.4878824051
128,1652,20.0036544888,20.2154008275,8.8691197858,14.076308996,16.156294528
128,1653,20.0179342971,20.2199013838,9.258419806,13.8678828996,15.6706977958
128,1654,20.0401171586,20.2307544119,9.1340205807,13.3061581599,17.0122214986
128,1655,20.0598103045,20.2318133339,9.2112461239,14.3298520147,16.60460691
128,1656,20.0664654753,20.2391064456,9.2027569287,13.6073505659,16.0951403625
128,1657,20.0799136903,20.2392519432,9.3539624025,14.2979046827,16.6875016101
128,1658,20.087421705,20.260548439,9.2519156736,14.0167767719,16.6246753089
128,1659,20.0968065013,20.2866394994,9.4151582492,13.8232150755,16.8721219453
128,1660,20.111178141,20.2893108147,9.2768902899,13.6562221145,16.227756248
128,1661,20.1264816243,20.2997404777,9.4347791336,13.9141431018,16.5622536993
128,1662,20.1552893009,20.3231769053,9.1501243555,13.1704563672,15.7075765495
128,1663,20.1747001665,20.3290545597,9.3844668001,13.2842426712,16.0784560203
128,1664,20.1872635172,20.3447422392,8.0494395499,13.2577292818,15.6882202429
128,1665,20.1936625658,20.3878037477,8.3707045391,13.4492544726,16.1134323315
128,1666,20.2017277362,20.3906994957,8.1564502547,13.3194159833,16.3984210827
128,1667,20.2222875138,20.4056234311,8.0447969373,13.1924097999,15.7497173222
128,1668,20.236590087,20.4143539887,8.1617513468,14.0954195081,16.6583413908
128,1669,20.2522822944,20.4144996772,8.1854715836,13.3021817858,16.1975515315
128,1670,20.2822219866,20.4697897169,8.3151965849,13.410408027,16.786216454
128,1671,20.306801892,20.4842643259,8.1610535891,13.4809803629,16.3278656143
128,1672,20.3082141851,20.4959699411,8.336771265,13.2450766425,15.8825181826
128,1673,20.3301531067,20.5084306743,8.4423774071,13.16442154,17.3904655184
128,1674,20.3320154821,20.5176254267,8.1142238657,13.7936029795,16.8064878472
128,1675,20.3379889197,20.536546629,8.4379204982,13.9207665709,17.0474502126
128,1676,20.361603527,20.5366445192,8.1916475795,13.9923966556,15.8563538158
128,1677,20.3779083369,20.5532269006,8.3296884497,13.7696729585,16.8404643947
128,1678,20.3898181724,20.557375522,8.3869197435,13.9300206423,16.9916497921
128,1679,20.3924614147,20.5614477061,8.4724700194,13.8422353535,16.2193160718
128,1680,20.4004005584,20.5614632257,8.3112197277,13.6648109219,16.3311194901
128,1681,20.4131083571,20.561788296,8.4267031274,13.6196071933,17.0078466648
128,1682,20.4329095695,20.5831373779,8.2391612851,13.9998182701,17.4507506561
128,1683,20.468277781,20.5944144328,8.5695335669,13.6209283257,16.9681967157
128,1684,20.4899972871,20.5950381258,8.2180627682,14.1409831379,16.6074245467
128,1685,20.496919407,20.6373825158,8.3917228469,13.6519982129,16.0543853528
128,1686,20.5001859183,20.6391525701,8.5155166471,14.0494432037,16.9968862322
128,1687,20.5231338793,20.6552918005,8.5929048256,13.6029824901,16.9140582843
128,1688,20.5369611737,20.6660270463,8.4080650726,13.9185067591,15.9710160368
128,1689,20.5433058434,20.6662424775,8.4834160982,14.011005835,17.3320791801
128,1690,20.5824342639,20.6774727941,8.3916623603,14.0969363499,16.8984202047
128,1691,20.5921784511,20.7080567895,8.5538075263,13.6692348431,17.0636592303
128,1692,20.6034121087,20.708909273,8.5771750654,13.9640701547,15.4016868467
128,1693,20.6087531276,20.7101170518,8.5435950656,13.9717041996,17.1805325528
128,1694,20.6216984215,20.7127653701,8.7541020317,13.4990048179,15.9283570378
128,1695,20.638731717,20.7207164445,8.548597137,14.1695980359,17.3672943277
128,1696,20.6483845582,20.7312483922,8.4596003664,13.4545873378,17.6914049936
128,1697,20.6527321771,20.7319076633,8.7838804857,13.7098528015,17.967923882
128,1698,20.6808669497,20.741172916,8.9104719692,14.1471803337,16.6916189573
128,1699,20.6910501811,20.7952118666,8.7393373485,14.0983131868,14.1733548296
128,1700,20.7083751965,20.8491747583,8.9600897794,13.9254872891,17.5548533421
128,1701,20.7188957171,20.849358844,8.9049130203,13.6978871591,16.3481435576
128,1702,20.7370909441,20.8588314653,8.7519309484,13.976776238,16.3894707983
128,1703,20.7527036926,20.8611398554,8.7425125412,14.5895890817,16.6925427106
128,1704,20.7711252197,20.8617326816,8.7555561257,14.1550913491,17.1942385537
128,1705,20.7777600372,20.8773595783,8.8720519604,13.9990961045,17.0967605381
128,1706,20.7886640875,20.9427302932,8.86907424,14.2546136136,17.5583617369
128,1707,20.8092695594,20.9429694135,8.5860556159,14.0281980201,17.4877639998
128,1708,20.8346275065,20.943285698,8.8744455467,14.0276482415,17.444885588
128,1709,20.8382298258,20.9738372627,8.9810996696,14.4279235675,16.2249780284
128,1710,20.84778488,21.0629771291,8.840525521,14.3112378212,17.8322052181
128,1711,20.8804688762,21.1213233554,8.8440957541,14.1490262021,16.7913998137
128,1712,20.8934692638,21.138337166,8.9998585222,13.9961708685,17.7569909957
128,1713,20.9095495783,21.1630583882,8.9352066116,14.1464646358,17.1427847383
128,1714,20.9281352651,21.1820245747,9.0186316965,14.3935599261,17.2819448277
128,1715,20.9519482017,21.1857655006,9.2423156552,14.1680213222,16.8311493473
128,1716,20.9749460469,21.1884759625,9.0053708764,14.0688192472,17.0238737484
128,1717,20.9885408246,21.2125997659,9.0589387085,14.4990827767,17.9076200256
128,1718,20.9962580192,21.2150764436,8.9808193043,14.1991677594,17.3858416714
128,1719,21.0198040567,21.2250975355,8.9819267755,13.493256568,17.5699393916
128,1720,21.0338781634,21.2944291518,9.0833091102,14.6433124712,16.2521058699
128,1721,21.0434358352,21.3033601896,9.1315736455,13.9620923135,16.7041850209
128,1722,21.0644700029,21.3039180261,9.1513611091,14.4127024412,15.8280129575
128,1723,21.0858480708,21.3694185012,9.0053188758,14.3930678048,17.485242135
128,1724,21.0930692866,21.3970360557,9.177634382,14.3869755658,16.7247493908
128,1725,21.1076818182,21.4169421516,9.2642570371,14.0197726193,17.0449876221
128,1726,21.125225113,21.4174841193,9.1261199078,14.4994560865,18.535182271
128,1727,21.1411877719,21.4223036657,9.2225355226,14.494536791,17.8309857314
128,1728,21.147204499,21.4297909802,9.1411131921,14.5675605592,17.7272884663
128,1729,21.1712773568,21.482225769,9.2562683556,14.4617783841,17.1845219578
128,1730,21.2030439273,21.4973983267,9.2490242299,13.5580524949,17.4598659086
128,1731,21.2064540648,21.5059084499,8.9752829094,14.030168502,18.1101054148
128,1732,21.213199717,21.5071444651,9.4768189753,14.5433223671,17.483691049
128,1733,21.2281576034,21.5071450268,9.2962782667,14.4865334727,17.2247581727
128,1734,21.2446322022,21.507526078,9.1486114982,14.7335601046,17.508081963
128,1735,21.2622641106,21.5109203791,9.2314046584,14.0609066306,17.622424664
128,1736,21.2743063096,21.5139472086,9.4828679733,14.7872507712,17.5153286648
128,1737,21.2872621256,21.5151583232,9.474523664,14.5943352929,18.0537427161
128,1738,21.2912123037,21.5484394898,9.5058130547,14.1934210207,17.3208706366
128,1739,21.3042522689,21.6030022932,9.3089795508,14.497009833,17.8691707397
128,1740,21.3149597266,21.6060099324,9.5048472776,15.0240742946,17.44715233
128,1741,21.3257741086,21.6202277269,9.3480268423,14.8257199212,18.1082156432
128,1742,21.3523451643,21.6300662381,9.2798554577,15.1055690026,17.3697118428
128,1743,21.3592372586,21.6405450913,9.3602337091,14.4293159467,17.3495261998
128,1744,21.3816195259,21.6482586812,9.4135428274,14.703662384,15.6860992067
128,1745,21.3954460655,21.6990727422,9.6658537431,14.583923129,18.0183268922
128,1746,21.4062882071,21.7077589173,9.6967722101,14.7673570388,17.3759831414
128,1747,21.4151775446,21.7253577133,9.3779791339,14.5859327,17.9725090807
128,1748,21.4327440463,21.7320493833,9.6228288294,14.9068085254,17.9943428301
128,1749,21.4582329244,21.7700357555,9.5584436904,14.3374980311,17.4802769129
128,1750,21.4637613504,21.7858316008,9.7447768425,14.6418687176,16.9553117768
128,1751,21.4828632619,21.7974426036,9.6010991543,14.8710882897,17.5034255212
128,1752,21.5048308958,21.7985181617,9.5345992899,14.9039453282,17.6814446098
128,1753,21.5114810563,21.8017293664,9.492501936,14.8217809371,17.6971597637
128,1754,21.5297509035,21.8084818455,9.7083116954,15.1338202127,18.1654443331
128,1755,21.5417630887,21.8095577765,9.7517878619,14.9161691898,17.3915841063
128,1756,21.5754126873,21.8237651269,9.5089064273,14.6796652683,16.3829046268
128,1757,21.5823788965,21.8245649633,9.8134310163,14.6900236795,17.8238558503
128,1758,21.5909398191,21.8245749568,9.8825210115,15.0500129402,17.7651683337
128,1759,21.6129121717,21.829610024,9.735371311,14.2357349421,18.4555950759
128,1760,21.6271089097,21.829696917,9.8544291258,14.6224024107,17.4371132631
128,1761,21.655348551,21.8393456439,9.6125753614,14.8797804922,16.9124478605
128,1762,21.6677382109,21.8754391412,9.614022439,15.4144182207,17.889833383
128,1763,21.6787054571,21.8983614942,9.9415972689,15.3419147604,17.7280297992
128,1764,21.6817624777,21.9049712294,9.9515592976,14.5816828959,18.362190998
128,1765,21.7075634414,21.9515448637,10.0755452629,15.0443439868,18.8545812429
128,1766,21.7239368176,21.9533498607,9.6853394626,14.6296659129,18.3150292644
128,1767,21.7397002321,21.9986441703,9.7376575731,15.1994293502,17.8765296673
128,1768,21.7501830596,22.0024206487,9.6901889519,14.8830857224,18.5678883229
128,1769,21.7823389491,22.002466552,9.9877505386,14.2728994954,17.327368627
128,1770,21.7909180905,22.0057247712,9.8794466539,15.6580048734,17.9895830794
128,1771,21.7930253565,22.0070972044,9.8840072917,14.8776295422,18.0516254672
128,1772,21.8259812707,22.0107692908,9.8424100356,14.9482300126,18.016697247
128,1773,21.8374955924,22.0107722074,9.9014765906,14.9375883496,17.7577970738
128,1774,21.8453313338,22.0343294,10.0696855001,14.9681582728,17.6860348278
128,1775,21.8620290373,22.0566330294,10.1936063131,14.9122517213,18.496509811
128,1776,21.8807834854,22.058905349,10.0096164831,14.434044416,17.337090174
128,1777,21.893587796,22.1073404648,9.8950810304,15.0582155226,18.5082149391
128,1778,21.9246912775,22.1287722685,9.8599076301,14.8100467861,17.8928143433
128,1779,21.9329754205,22.1568959729,9.9377967627,15.529617676,18.8575172363
128,1780,21.9436268842,22.1742248877,10.1668935523,15.2835171357,19.2211689577
128,1781,21.9475261577,22.1880272919,9.8835237331,14.9348425479,19.3127674857
128,1782,21.9643481437,22.2300337356,10.1349546195,15.0905150222,17.5162240739
128,1783,21.9842378664,22.2311886626,10.0065309247,15.4895157039,18.1221421237
128,1784,21.9903319121,22.2319993971,10.1758544353,15.4181801715,18.3106169963
128,1785,22.0119164523,22.2758851365,10.2907038432,15.5793038269,18.3371316564
128,1786,22.0241293659,22.2767507459,10.2612774103,15.5791311743,17.7742080629
128,1787,22.0276136615,22.2772722544,10.1697804158,14.8965786791,18.8417536213
128,1788,22.0410933161,22.2778290312,10.2415701182,14.8484683665,17.9741586417
128,1789,22.0574557135,22.2871918399,10.2832554762,15.3109035237,18.6865145737
128,1790,22.0617249583,22.3068006282,10.0081722032,15.2557564571,18.795122742
128,1791,22.087910207,22.3111822618,10.2567949019,15.4353141639,18.155910537
128,1792,22.0979630481,22.3607394388,9.0767801502,14.8099265285,17.7963708064
128,1793,22.1134456447,22.360938797,9.4495292793,15.0857589108,17.4410372173
128,1794,22.1253328182,22.3885030854,9.3101217314,14.7564311638,17.9746345131
128,1795,22.1517467684,22.3889911017,9.2155106612,14.5067073553,18.1154251135
128,1796,22.1663750734,22.3894797586,9.3001021296,14.9295590219,18.882593026
128,1797,22.1874800457,22.3915961453,9.4543477586,14.4402869884,18.8309288297
128,1798,22.192526888,22.3995750616,9.464407591,14.5753071242,18.3805607016
128,1799,22.2076250325,22.4049134784,9.1301871396,14.6961445426,19.2698025047
128,1800,22.2227042035,22.4049366646,9.3659057857,14.580446856,17.4574669234
128,1801,22.2255599293,22.4440444196,9.1186955962,15.3270408134,18.2413147041
128,1802,22.2351717046,22.4446074396,9.3662266452,15.0500012034,18.4065811139
128,1803,22.254103394,22.4478709292,9.3448714128,14.8882212691,17.7896812841
128,1804,22.2677927231,22.4609259822,9.2599895734,14.9199658939,18.730203727
128,1805,22.2903173208,22.4665419457,9.1806006917,15.1660573873,17.3045680615
128,1806,22.302538706,22.4748765168,9.3429081395,14.9693846399,18.5446926421
128,1807,22.3296250158,22.4748784044,9.2331852227,14.8816583556,18.3742872133
128,1808,22.3407355199,22.4756332331,9.551935194,15.0908500699,18.7472892912
128,1809,22.3523527422,22.4769521797,9.3907511305,15.0799347253,17.9200719331
128,1810,22.3796495388,22.4903541501,9.22798379,14.5938433061,18.2735190824
128,1811,22.3944336483,22.490354591,9.3977297238,15.0755988578,18.1078874604
128,1812,22.4072344918,22.5035729545,9.3239548433,14.307459189,18.5115321833
128,1813,22.4205171349,22.5422584906,9.4150286457,14.8253464575,18.3931097229
128,1814,22.430623432,22.5696216206,9.6809816721,15.3360416618,18.7298553779
128,1815,22.4629698087,22.5720557007,9.7034268503,14.9904871789,18.0939652026
128,1816,22.4799030598,22.6312324418,9.6951018232,15.1395868714,17.7696894646
128,1817,22.4901561976,22.6625009342,9.710059088,15.0150131938,18.460737735
128,1818,22.5036044278,22.6842080117,9.6826416642,15.0446015043,18.1628454673
128,1819,22.515971804,22.6863845241,9.6412887403,15.0884713599,19.0754097028
128,1820,22.5365006561,22.6947491459,9.7775280645,15.5613039263,17.6842205998
128,1821,22.5494275469,22.6948099427,9.7414064957,15.1846626345,19.2491824404
128,1822,22.5574374189,22.7099078916,9.6110592584,15.1903511203,16.8879148418
128,1823,22.5709869015,22.7110824816,9.6027844164,15.2928061846,18.1444286478
128,1824,22.5814770052,22.7479872089,9.5984440494,14.7631878805,18.7689095693
128,1825,22.5923798764,22.7479944411,9.518841818,14.8327390602,19.8408299147
128,1826,22.6080393456,22.7483496195,9.6656230959,15.3235622953,18.2355439265
128,1827,22.6277803449,22.7621758982,9.7770023788,15.3276305406,18.3745197507
128,1828,22.6439394678,22.7810579331,9.799467966,15.3337463349,18.9260552443
128,1829,22.6617013553,22.7854210282,9.8274854161,16.0383512634,18.5432147589
128,1830,22.6694675074,22.7939496205,9.6108039503,15.0627074233,17.4630109838
128,1831,22.6932789804,22.8014438007,9.8122723399,15.2998057813,18.2290120321
128,1832,22.7097226521,22.8765221076,9.9867993442,15.6289838836,18.6079102488
128,1833,22.7150748726,22.8767273522,9.8828145054,15.5176039165,18.7498198314
128,1834,22.7283712694,22.877693216,9.8052599837,15.5231030402,17.9108855226
128,1835,22.7464526256,22.8852047413,9.7844745552,15.3117095075,19.07268652
128,1836,22.7667504094,22.9520787972,10.0141215749,15.5622093129,19.0966531903
128,1837,22.7784839586,22.9601412269,9.9349948207,15.4831072472,18.7426134314
128,1838,22.7927515354,22.9740385796,10.0701280597,15.2290028295,19.1027944049
128,1839,22.807281306,22.9903593221,9.9672230074,15.2784766734,17.9952894613
128,1840,22.8181910379,22.9918721688,9.9819699059,15.6350076193,19.2204219077
128,1841,22.8340684857,23.0256160847,10.170349735,15.3988999824,18.6522035529
128,1842,22.8583086575,23.0340168979,10.0893342875,15.1530050285,18.4221047989
128,1843,22.8621496864,23.0624544075,10.0106276661,15.6647685482,18.2204432719
128,1844,22.86913094,23.0626259857,9.7470785718,15.6683560863,17.5067004335
128,1845,22.8823845062,23.0677331929,10.0035928895,15.4808287706,18.8214332803
128,1846,22.903103206,23.0683010771,10.1821237573,15.5057228886,19.4877994034
128,1847,22.915542394,23.0781123345,10.0209954859,15.5992278707,18.7330519266
128,1848,22.9317821776,23.0898308199,10.1946390754,15.4790165345,18.9472254687
128,1849,22.9464260599,23.0915190269,10.0127053319,15.99601513,19.1810908379
128,1850,22.9684708645,23.1366597311,9.8947097537,16.2887696075,19.2467023039
128,1851,22.9808346196,23.1438450827,10.2060494833,15.8479769015,19.15953769
128,1852,22.9979231151,23.1441461851,10.1613121286,16.2735405378,19.7991013049
128,1853,23.0037270439,23.1449817538,10.2875506705,15.4164934156,17.9783834781
128,1854,23.0062796998,23.1525498945,10.4267771291,16.0865324029,18.0383648819
128,1855,23.0322427498,23.1597567555,10.2833763912,15.9466205577,18.8618271966
128,1856,23.0435532911,23.1735515476,10.3806425183,15.8064999572,19.5964441416
128,1857,23.0476975582,23.1841940785,10.48690466,15.9099096542,19.7538666373
128,1858,23.0740720804,23.1966729288,10.1334018834,16.0701558059,18.8592082074
128,1859,23.0789734097,23.2428331244,10.4532597449,16.1614522296,18.7803555272
128,1860,23.0920617418,23.2689008923,10.3207504987,15.8528705869,19.1240520043
128,1861,23.0950041069,23.3016522334,10.1873754793,15.1599790369,18.827807444
128,1862,23.1141832393,23.3312417725,10.168235621,15.2191716571,19.4264161979
128,1863,23.136152301,23.3326066289,10.4217958675,15.9260396254,17.5699996685
128,1864,23.1583127644,23.3563496476,10.5068040837,16.2872400173,18.8815749857
128,1865,23.1755294914,23.3739800356,10.5152636197,15.7944093111,19.2545868026
128,1866,23.1909637781,23.3799691635,10.5293943781,15.5806919157,19.4222949501
128,1867,23.2001708513,23.3851328143,10.3836690161,16.4697879918,19.7457261414
128,1868,23.2117224995,23.3851659131,10.75867078,16.2238841951,19.6467696428
128,1869,23.22084169,23.4000281808,10.4745199475,16.0225047731,19.210274449
128,1870,23.2326455903,23.4455491611,10.5387066257,15.9548406108,18.9733484821
128,1871,23.2627650657,23.4537854441,10.4315059085,16.2820876385,18.9286502338
128,1872,23.2825500747,23.4652937173,10.6062189139,16.544477515,18.2273517035
128,1873,23.2869802141,23.4653178898,10.5968598539,16.4948857124,18.0154218031
128,1874,23.3025069956,23.4664508353,10.5492753254,15.943212819,17.7372581739
128,1875,23.3182644792,23.4738869264,10.5898550164,16.4725925742,19.5469573861
128,1876,23.3264962984,23.4846642936,10.7151560519,15.7955041686,19.2140745929
128,1877,23.3387054278,23.515248505,10.6329527333,16.1584080382,18.6038647094
128,1878,23.3548194611,23.5162386004,10.537169354,16.396279327,19.0254672702
128,1879,23.3729724913,23.6289209755,10.6942017276,15.9630052661,19.375164006
128,1880,23.397155546,23.6468662651,10.5280804658,16.4710283064,18.4147884345
128,1881,23.4224070326,23.6571653957,10.7566946433,16.199471467,18.030386493
128,1882,23.4318253701,23.6582076055,10.4249958146,16.4490140704,19.8002273927
128,1883,23.4451009712,23.6699691812,10.5799165329,16.51189814,19.2320336441
128,1884,23.4730403651,23.6717943778,10.805157653,16.183741419,18.6275457601
128,1885,23.483149484,23.6744885221,10.9684704465,16.2327001249,19.2490996989
128,1886,23.5086097991,23.6841478,10.5761058836,16.317648332,19.1461329633
128,1887,23.5139142435,23.7355844082,10.8293548184,16.2479070884,19.769026251
128,1888,23.5290674392,23.7690362842,10.8965621187,16.1943016844,19.2359446781
128,1889,23.5370626005,23.7771236867,10.5074311611,15.6802043808,19.3911041468
128,1890,23.5483679733,23.7783009236,10.6689711982,16.0254857106,19.7693469194
128,1891,23.5641324419,23.8073043603,10.8493054569,16.6835094742,19.7666209091
128,1892,23.5803028974,23.8208106397,10.9103398546,16.222723603,19.7324318835
128,1893,23.5837765552,23.8916179015,10.6759730933,16.2847660868,19.2130907849
128,1894,23.6184662723,23.9026714275,11.0074052847,16.5145998572,19.8461175676
128,1895,23.6259001413,23.905341888,11.1034597928,16.5060392295,19.3894737134
128,1896,23.638359605,23.9094245513,10.9967758697,16.1053556564,19.6557472878
128,1897,23.6495962268,23.9616714495,10.8666700849,16.7173480636,20.5281070512
128,1898,23.6571568567,23.9641637596,10.9154880617,16.7159510894,19.0001133428
128,1899,23.6690750464,23.9742441232,11.0148591272,16.5027545738,18.4268891259
128,1900,23.6920609079,23.9934017105,11.1152625501,16.1451364383,20.0137484249
128,1901,23.7079157701,24.0115819824,10.7273434896,16.4565072732,19.1498518959
128,1902,23.7279213261,24.0156697446,10.8505466297,16.8727535192,18.331080137
128,1903,23.7304137902,24.0353371224,11.095941768,17.0027446191,18.9047616673
128,1904,23.7666264165,24.0541090158,11.1200500313,17.1138097083,19.6973343808
128,1905,23.7822229393,24.0617502238,10.8714747404,16.2241806989,19.0510270211
128,1906,23.7909885618,24.0626179308,11.0221447866,16.8699876937,19.7225969176
128,1907,23.8220693259,24.0767588503,11.1177004039,16.8606896371,20.5870410489
128,1908,23.8327712075,24.0803144096,11.047777431,16.8108023009,20.1914631684
128,1909,23.8390406673,24.0805285297,10.9840177285,16.4036805805,19.1839195242
128,1910,23.8593854914,24.1078401317,11.2219879515,16.2818852128,20.1856704829
128,1911,23.8775418468,24.1358678298,11.2184238067,16.8248675477,19.6926984843
128,1912,23.8869424357,24.1371234361,11.4946575849,16.5882524351,20.6601117324
128,1913,23.8927278137,24.1375769712,11.0417083347,16.7072793722,20.7332088548
128,1914,23.9081791334,24.1440371667,11.2399810452,16.665409722,20.0714687874
128,1915,23.9355749692,24.2227830782,11.3731299934,17.0676791191,20.0588991574
128,1916,23.9452238673,24.2734443042,11.2564957108,16.9119113198,19.7760456986
128,1917,23.9627642197,24.2736321462,11.2927000506,17.0741511715,20.1529075412
128,1918,23.9737363508,24.2737881914,11.5026636111,17.7192289834,20.1567010661
128,1919,23.9861801536,24.2741883228,11.2971703937,16.9533200202,19.5695144164
128,1920,24.0068166646,24.2901742024,10.2202560092,16.57661511,20.063086074
128,1921,24.023877974,24.3257422176,10.1041877786,15.7880901881,21.1629224524
128,1922,24.0329361044,24.3705321791,10.1747626474,16.1998786283,19.1178460879
128,1923,24.0669897495,24.3773642286,9.9973578168,16.4208925702,20.4614097187
128,1924,24.0793474164,24.3859411564,10.1421369329,16.4742605786,19.9464760362
128,1925,24.091749897,24.3870868106,10.2988435956,16.463623073,19.6232039445
128,1926,24.110830248,24.3934703754,10.1143077101,16.476650119,18.5221295601
128,1927,24.1193986308,24.3987835512,10.1137122819,16.4076292758,18.6064984359
128,1928,24.1271093137,24.3988448411,10.2161640941,16.0851577256,20.3971434603
128,1929,24.1381405378,24.4533267031,10.4181752169,16.3221771359,20.2316157166
128,1930,24.1673265919,24.4541157301,10.2191443094,16.9799214331,20.513001235
128,1931,24.1756546149,24.4548652792,10.3153414472,16.5944267927,20.294388307
128,1932,24.2030627315,24.455409287,10.4087628555,16.2298583624,19.1812849843
128,1933,24.2261012437,24.4554188529,10.6391681062,15.8580908182,20.7930046493
128,1934,24.2356722549,24.4560000432,10.2403534681,16.8051500163,19.5231927488
128,1935,24.2571938256,24.4844389831,10.1861191101,16.5521659193,19.117043574
128,1936,24.2649831164,24.4913148582,10.6524329893,15.9323779955,19.7195601385
128,1937,24.28025355,24.4917839328,10.368302445,16.6684379914,19.7446245194
128,1938,24.297935304,24.5193277692,10.4810309414,16.885511822,20.9487352876
128,1939,24.3053252079,24.596124175,10.3992167836,16.3948128436,18.8132131848
128,1940,24.3063035543,24.6104237574,10.7210606878,16.605892566,18.6889655749
128,1941,24.3273411814,24.6369465052,10.6638331887,16.4461856002,20.5854803955
128,1942,24.3304644829,24.6369706658,10.5858193138,16.663122231,19.3736985888
128,1943,24.3406719246,24.6437273484,10.7205020894,16.8684501548,20.8393029533
128,1944,24.3672630611,24.6449381615,10.4834814094,16.5154362239,19.839081729
128,1945,24.3829477948,24.692658616,10.6666620598,16.4414722537,20.7823056911
128,1946,24.4025806066,24.6926595692,10.6745608633,16.6614713233,20.9674524948
128,1947,24.4319779941,24.6989369881,10.4423148857,16.7414834879,20.4742754896
128,1948,24.4388784576,24.6994134832,10.6352454877,16.7970409777,19.2472949024
128,1949,24.4545139328,24.7404064096,10.6007950437,16.6587528691,20.7133613712
128,1950,24.4781648134,24.7414908962,10.9639063853,16.6204091019,19.0683701511
128,1951,24.4830574227,24.782331371,10.5526464674,16.6696506989,19.3248995642
128,1952,24.4883007266,24.7865617516,10.6397329958,16.8955144294,19.3414497776
128,1953,24.4953298487,24.793392389,10.929062617,16.8994544208,20.3629758492
128,1954,24.5413346205,24.8060328487,10.7888404095,16.902477305,21.6129695907
128,1955,24.5527319597,24.8061031533,11.0589579073,16.6623531758,21.031842927
128,1956,24.5631857319,24.8383682177,10.7608932113,16.8898051567,18.6575089928
128,1957,24.5687025488,24.8928714933,10.8149209239,16.8931197369,19.210715853
128,1958,24.5868768156,24.9035757043,11.1852429,16.9834507941,20.4149689486
128,1959,24.5923876563,24.9351665715,11.0015891225,16.6815538297,19.9745398915
128,1960,24.6150022453,24.9481316033,11.1037434632,17.2060590763,19.8297242627
128,1961,24.6406848375,24.9553379352,10.8389147677,16.9193209259,19.6415802008
128,1962,24.6424664699,24.9615917179,10.9637827245,17.6012383946,21.4681687708
128,1963,24.6546920125,25.0131386875,11.0102804419,17.19593859,21.4333092856
128,1964,24.6692398656,25.0310478268,11.0299988196,16.9993641827,19.9162498779
128,1965,24.6853284221,25.0325046817,10.9444825039,16.9460872648,19.3113609554
128,1966,24.6959547574,25.0693744849,11.2253888866,16.0822320282,19.5791452849
128,1967,24.7129458402,25.0963836455,11.0645513833,17.0038004184,21.5930399612
128,1968,24.7303644911,25.0981087351,11.2708028012,17.1443539178,20.7671051022
128,1969,24.7487373084,25.0981306025,11.1260984529,16.9101218493,21.6485707208
128,1970,24.7532644166,25.1001028424,10.8964742002,16.6720724025,20.5383490932
128,1971,24.7751471065,25.1454191007,11.0561931169,17.1888442387,19.6320308042
128,1972,24.7911225851,25.1514767247,11.2344368643,17.4921546961,20.7235660116
128,1973,24.8072852929,25.1577305589,11.3276045498,17.4173296347,21.4102557711
128,1974,24.8130636323,25.168295861,11.1495322423,17.1366774411,20.4492508778
128,1975,24.8349030162,25.172605275,10.9733917575,17.1359483288,20.352195718
128,1976,24.8379712487,25.2071253386,11.0789779563,17.1199565782,20.8171540297
128,1977,24.8554728622,25.21354318,11.2874382319,16.7414857187,20.5242692351
128,1978,24.8843975536,25.2529320661,11.2809796226,17.2811623838,20.1212491818
128,1979,24.8955839466,25.2888115629,11.196648606,17.2739983023,20.2546899202
128,1980,24.8997352868,25.3191816714,11.2459635313,17.0302710008,19.4065848311
128,1981,24.9033862854,25.3292572159,11.2357649154,17.0759339038,20.3251216151
128,1982,24.9129636098,25.3300178864,11.186874023,17.6366611467,20.834132126
128,1983,24.942413963,25.3578047181,11.5212903768,17.7229733097,21.0385065117
128,1984,24.9572480902,25.3939704089,11.7250410753,17.3696242877,20.5370286556
128,1985,24.9669390118,25.3943529733,11.5841791245,17.3605418289,21.3276012789
128,1986,24.9787867197,25.3989513645,11.011602043,17.7233395722,21.694087899
128,1987,24.9960254925,25.4061307745,11.3842995111,17.6075281103,19.7138826895
128,1988,24.9997302026,25.4070152738,11.411621988,17.4576244307,20.5049151962
128,1989,25.0206492633,25.4128376058,11.3896803151,17.3252234174,20.5954726148
128,1990,25.042998718,25.4255068386,11.3995381817,17.2836239539,20.5184634249
128,1991,25.0471227568,25.4275369568,11.4342998756,18.1894718265,20.8458369278
128,1992,25.0618140613,25.4342542378,11.3691017333,17.6141625472,21.2588619957
128,1993,25.0917277067,25.4350718957,11.6333520294,18.101420807,21.4172257979
128,1994,25.097443632,25.4355415525,11.5796431218,17.6687845213,20.6405663737
128,1995,25.1111968277,25.4510577968,11.2495660136,16.9083775459,20.8908953431
128,1996,25.1347536259,25.5016334028,11.8837545883,16.1709925639,22.0048181383
128,1997,25.141085027,25.5036904657,11.7677750871,17.8294722145,21.1783024899
128,1998,25.1628613416,25.5040210407,11.7708983825,17.6326089691,19.6977755577
128,1999,25.1847416856,25.5261080828,11.7193877958,17.565934885,20.4703910675
128,2000,25.1938169266,25.5261331729,11.4729913186,17.6683043875,21.1004065964
128,2001,25.2058112066,25.5375996576,11.7727010614,17.8682150041,20.3942901496
128,2002,25.2095294432,25.5457214785,11.5311241799,17.3833402229,20.7038976062
128,2003,25.2263823582,25.567838932,11.5484606226,17.7214798855,20.4566500799
128,2004,25.246210294,25.6023468414,11.5724837045,18.0064996678,20.6820784263
128,2005,25.2562721158,25.6023523811,11.9138140981,17.5286182735,21.0692564487
128,2006,25.2617347857,25.6029716008,11.5014134281,18.0551901308,21.4093625916
128,2007,25.2768272635,25.6031259629,11.6294684854,17.8581668698,21.7215543617
128,2008,25.2909873496,25.6104240364,11.8168598269,17.6653715784,20.778410119
128,2009,25.3018202812,25.6256350257,11.7649787739,18.367694873,19.8521164877
128,2010,25.3312989395,25.6265240538,11.8606433251,17.1383043947,20.8517173399
128,2011,25.33688098,25.632191436,11.9384009215,17.5064507721,20.3783410152
128,2012,25.3603842,25.6425472627,11.647828571,18.0128198609,21.6794349221
128,2013,25.3833078228,25.6543222583,11.5735838909,18.4599861004,21.9146422838
128,2014,25.3981853988,25.6840033137,11.8579592897,17.4870029897,20.0924951523
128,2015,25.4080573109,25.6874438146,11.9364499705,18.1258715993,22.2802590804
128,2016,25.4243609842,25.6878602326,11.7847122779,17.7481753007,20.5094911549
128,2017,25.4396173771,25.6886772725,12.1549559466,17.7994573339,21.3727543009
128,2018,25.4531510346,25.6886977638,12.0281375908,17.7397245678,20.6807710096
128,2019,25.4639701961,25.6970374769,12.137266938,18.2161581109,22.5574229909
128,2020,25.4715236971,25.6996751648,11.9629732005,17.8662759503,22.0719513621
128,2021,25.5006352578,25.7666635772,12.0419360528,18.0565354384,21.0490240479
128,2022,25.5152778251,25.7667008336,11.9849707041,17.8347296123,21.2479358035
128,2023,25.5317328636,25.7950554745,12.017225806,17.7395289419,21.2901482908
128,2024,25.5390035087,25.8493013431,12.1865085314,18.2058698178,22.4696403721
128,2025,25.5529434325,25.8501494061,11.8664794935,17.8058576547,21.221481889
128,2026,25.5822964566,25.8759893835,12.1713666804,18.0862078531,21.0426025711
128,2027,25.5833693325,25.8767576555,12.1985443172,18.0756970945,20.5623315409
128,2028,25.59916881,25.8827851962,12.0709719083,17.3253719592,21.4843558729
128,2029,25.6210952731,25.8857651465,12.2109913369,17.8954036765,21.1459653072
128,2030,25.6310014865,25.8860906966,12.3143474647,17.8309256569,21.0427765173
128,2031,25.6526817042,25.8863010069,11.9091625296,17.8381982631,22.045483953
128,2032,25.6593343778,25.8892438905,12.2719583212,18.0458841063,22.0771179113
128,2033,25.679488497,25.8893464162,12.1901371989,18.8760072425,20.1354698219
128,2034,25.6921166973,25.9343384728,12.367613831,18.5869480755,21.3459345778
128,2035,25.7001496702,25.9347178887,12.2425669717,17.9303331617,21.1502555745
128,2036,25.7034197768,25.9363166333,12.3574555596,18.2122973565,21.5363329877
128,2037,25.7186537431,25.9437267847,12.4879241109,18.8318929789,22.569978367
128,2038,25.7289951986,25.9445329163,12.5212753834,18.1454032684,20.1018245992
128,2039,25.7436264854,25.9934031,12.6612536778,18.6381139023,20.8493744794
128,2040,25.7575042922,26.0061365673,12.0481628308,17.5201538814,22.0317646534
128,2041,25.7885336109,26.0187595909,12.0762802079,18.4468948942,20.5047745289
128,2042,25.7942560121,26.0454774842,12.4883347942,18.2627714779,20.5075907172
128,2043,25.8077050786,26.0663433147,12.4446387618,17.8626496838,21.5858278578
128,2044,25.8242086964,26.1251840963,12.3982379278,18.3745364418,21.4288908731
128,2045,25.8338753553,26.1460696272,12.5561914301,18.5752225241,20.5621658218
128,2046,25.8496739819,26.1474738909,12.5890763788,18.5005536494,22.5591532205
128,2047,25.8584791675,26.1892779258,12.3530206218,17.9591232399,21.9540092789
128,2048,25.8886743224,26.1921947284,11.6626713862,17.946610063,21.3771686984
128,2049,25.906519878,26.1924166823,11.3086987709,17.9219720538,21.0079187192
128,2050,25.914770432,26.1938402709,11.4316600357,17.9757731676,19.7225821256
128,2051,25.9384425318,26.2164418159,11.3547347007,17.636106298,21.4438976279
128,2052,25.946672249,26.2250588836,11.5884461923,17.930959449,20.5040450101
128,2053,25.9743188836,26.2334918905,11.4629023725,17.9620428665,20.70279353
128,2054,25.9776556489,26.2962239715,11.4550049425,17.7981966011,21.9827811126
128,2055,26.0035537761,26.3034889018,11.476903697,17.3372336224,21.233856508
128,2056,26.01646409,26.3042513518,11.3556754662,18.1607272163,20.800277954
128,2057,26.0346337394,26.3111390252,11.3251300717,17.8150737587,21.2571430462
128,2058,26.0505854748,26.3114461235,11.3632728602,17.850313039,21.054665071
128,2059,26.0531158343,26.3159402912,11.5051066853,18.2575375609,22.0419948105
128,2060,26.0686044517,26.3268746008,11.4980451511,16.6819780602,21.6751967731
128,2061,26.0790170636,26.3908658921,11.6584574854,18.3892213041,20.3378936328
128,2062,26.0862154184,26.4009172876,11.7964282442,18.1548906742,22.2585125936
128,2063,26.1166159534,26.4278247804,11.494504694,18.1952909721,21.9770899663
128,2064,26.1201340017,26.4481016884,11.5084745464,17.9221247906,21.6281118178
128,2065,26.1404972277,26.4664031899,11.5247472314,17.998721056,21.960601593
128,2066,26.1525998739,26.4771253744,11.7018751728,18.66672824,22.4682655985
128,2067,26.1782892355,26.5015811993,11.6231087706,18.1294245842,22.7177175983
128,2068,26.1852471302,26.5018781504,11.8338157631,18.0399828732,22.2939211129
128,2069,26.1974253768,26.5211582427,11.7858236422,18.6627831459,22.1870282619
128,2070,26.2223483531,26.5232966505,11.7593168242,18.4321047516,21.9203438148
128,2071,26.2266960216,26.5241948022,11.9615482542,18.4087807307,21.0002183665
128,2072,26.2542589967,26.5687466482,11.9291206464,18.3846154885,22.9598193642
128,2073,26.2609647842,26.6232007338,12.0514887317,18.607706845,21.6741320596
128,2074,26.2721863681,26.6284580275,11.8578026147,18.001175685,22.1411204799
128,2075,26.3042575783,26.632105933,11.7974604106,17.8307533312,22.4978164637
128,2076,26.3199994061,26.6371857012,11.7662000957,17.8837823797,22.5032537817
128,2077,26.3282921671,26.6372347327,11.6805694947,18.451449488,22.2814251503
128,2078,26.3349458538,26.6375929475,11.727203236,18.2961467402,22.6266435939
128,2079,26.3383268669,26.6541410118,11.7292136214,18.0067931706,23.0271778267
128,2080,26.3474423678,26.6552226803,12.0622453332,18.2227446068,22.9938708846
128,2081,26.3538616457,26.7155405933,11.8673760146,18.2315040321,21.5739455074
128,2082,26.3760787171,26.7175266596,12.2071232573,17.9062127336,22.0047539872
128,2083,26.3902240599,26.7238583082,12.0592462467,18.9502896963,21.9501398408
128,2084,26.4084514836,26.7238585968,12.0593693897,18.1647990531,20.8549993585
128,2085,26.4180778352,26.7313678586,12.16062627,18.3044215609,21.7086976473
128,2086,26.4433679,26.7584052109,11.8980510871,18.1393633632,22.3182654642
128,2087,26.4532792863,26.7598158709,11.6969394795,18.9273715217,20.886875501
128,2088,26.4666348437,26.7598301893,12.0828439669,18.4704927398,22.0419712704
128,2089,26.4799670613,26.8047398928,12.324325931,18.5479325334,20.3729925092
128,2090,26.5073959837,26.8049541604,12.2307978528,18.8808496681,20.4157842862
128,2091,26.5218179135,26.8592739556,11.8750776208,18.2390973645,20.9807892932
128,2092,26.5272439306,26.8592984431,12.138917789,18.814827205,21.9038509383
128,2093,26.5425349785,26.8677087453,12.0637124178,18.3428580355,21.5898221938
128,2094,26.5497309427,26.8854656639,12.4164063436,18.9090907184,22.5120552446
128,2095,26.5641277395,26.9213943617,12.1888511285,18.6281018099,20.877413373
128,2096,26.5772932811,26.9279049413,12.0952480006,18.9265510903,21.0222972304
128,2097,26.6004014048,26.9291390969,12.2595913134,18.8758719643,21.861625041
128,2098,26.6180830084,26.9307224677,12.3294839942,18.6242985232,22.0549319269
128,2099,26.6290261198,26.9316917804,12.4483078584,18.8792812457,22.3362277402
128,2100,26.6431531658,26.9340894816,12.3282619023,18.5451524499,22.8125581138
128,2101,26.6734408908,26.972684699,12.2249327769,18.5321396525,22.30568384
128,2102,26.685319959,26.9727785134,12.0731734276,18.5083435468,23.3444268495
128,2103,26.7061280339,26.9735357014,12.3537876354,18.5844643461,22.6913697906
128,2104,26.7121110967,26.9740762136,12.4216509018,18.5298695289,23.0453266653
128,2105,26.7246403077,27.0182773562,12.109559505,18.8289133739,23.4811135563
128,2106,26.7341276051,27.0257448483,12.3946622149,18.6602943029,22.9347254356
128,2107,26.7653627213,27.0263263675,12.3338847264,18.6564825437,22.8998091548
128,2108,26.782850337,27.0266017808,12.3475106898,18.6819928202,21.595597246
128,2109,26.7994341465,27.0418398398,12.5069578158,18.5187069401,23.0203086324
128,2110,26.8094308316,27.0678623954,12.3381057692,18.8564450868,23.2440411506
128,2111,26.8271516002,27.0679392044,12.4277985231,19.307180836,23.4490199398
128,2112,26.8438916,27.0830178208,12.2091832145,18.6319722805,21.9674266645
128,2113,26.862177922,27.10867969,12.599012326,18.8809647974,22.7207516952
128,2114,26.872317139,27.1092667454,12.3611653561,18.8364138458,23.4790930726
128,2115,26.8976401923,27.1119945997,12.4626810682,18.6730652513,21.6402971389
128,2116,26.9136810199,27.1126278941,12.8452067411,19.378725296,21.1044506549
128,2117,26.926186211,27.1129350875,12.4901276692,18.1772749031,21.4003111732
128,2118,26.9415281223,27.1190021371,12.5688647224,19.3146892359,22.488226173
128,2119,26.9661063455,27.1851972918,12.6515127104,19.3438192683,23.1530069784
128,2120,26.9961448118,27.2305722636,12.7833082585,19.0744673009,22.1491133074
128,2121,27.0158346687,27.2306621947,12.8389763003,18.4729727624,21.6495320898
128,2122,27.0166373386,27.2409289524,12.5867162652,19.2814365971,21.2574306781
128,2123,27.0331525636,27.2591474114,12.5398091713,19.1344728179,22.7932078941
128,2124,27.0470448997,27.2842283517,12.6611630438,18.8352897206,22.8207765313
128,2125,27.0588215536,27.3228438868,12.3779931253,19.1302842146,22.5042341469
128,2126,27.0679216678,27.3324130536,12.8175491693,19.2846633357,22.1723340596
128,2127,27.0827892241,27.3324172684,13.1261442873,19.3547532135,22.260240021
128,2128,27.0945212036,27.33257304,12.6403370694,19.0283961354,22.7272705423
128,2129,27.1170836755,27.3477011236,12.9521735562,19.2161294439,23.2979566068
128,2130,27.127574249,27.3935445341,13.0266671479,19.1066561865,21.2066236704
128,2131,27.1391723758,27.4135776673,12.8760618674,19.8242046305,23.2824474738
128,2132,27.1487618167,27.4235178761,12.3403937575,19.3646801189,22.9058359905
128,2133,27.1597410003,27.427843417,12.9428157725,19.8073245847,22.1569271206
128,2134,27.1959686157,27.4451128278,12.8279875105,19.1998792403,23.1884203611
128,2135,27.201888281,27.4609925541,12.7807088831,18.964366913,22.3875803121
128,2136,27.2152818892,27.4624362817,13.1285190167,19.2561031933,22.8793375656
128,2137,27.2272949817,27.4625769494,12.9994219897,19.1410783427,22.3176975333
128,2138,27.2434678394,27.4632231022,12.793786076,18.3363293251,23.0191099457
128,2139,27.2565997371,27.4697816044,13.1152979053,19.4834196761,22.6704580854
128,2140,27.2887248125,27.4942742655,12.8850178134,19.2028175434,22.3874506781
128,2141,27.2910636084,27.5072959764,13.0213470169,19.2238498462,22.4433315902
128,2142,27.3049371077,27.5126168501,13.0198284707,19.6115237146,22.6579256198
128,2143,27.3109918417,27.5386739114,13.069209462,19.6621526974,23.1777894797
128,2144,27.3280728278,27.5395924479,13.1893605326,19.6426808847,22.549724438
128,2145,27.3405257407,27.5403035462,13.3735154053,19.4675965721,22.1720719046
128,2146,27.3478259526,27.5448329978,12.8577773857,19.1267347333,22.1439937624
128,2147,27.3601212562,27.5838177095,13.1991992428,19.4061488586,24.0313304338
128,2148,27.3806496628,27.5869359269,13.2341827429,18.5645796215,22.4629859978
128,2149,27.3980068391,27.593287146,13.118655774,19.1904360895,22.5458215398
128,2150,27.4183150422,27.5934818649,13.1967403555,19.6287133286,22.4047001522
128,2151,27.4246632029,27.6001965854,13.2982369077,19.5438776436,21.5005122073
128,2152,27.4381926849,27.6002025595,13.1468492441,19.6861778922,22.5464444354
128,2153,27.4412148765,27.7250166848,12.9189496187,19.263840764,22.3918842538
128,2154,27.4636827267,27.7276529762,13.0622717601,19.1126504672,23.9386595303
128,2155,27.4964398165,27.7855350718,13.2495580212,19.1876337077,23.7345647251
128,2156,27.5291674292,27.8138392936,13.221541052,19.4644275918,23.8426304981
128,2157,27.5440524975,27.8143993413,13.4688055799,19.5969307244,23.63803931
128,2158,27.5597775051,27.8183225424,13.611684424,19.3886469491,22.8562099923
128,2159,27.5665937336,27.8202761046,13.4486176745,19.5757779556,20.9759532037
128,2160,27.5782920283,27.8500307173,13.6695296734,19.030321173,23.9681938816
128,2161,27.6014340498,27.8500515408,13.2292495843,19.905396097,22.3853343754
128,2162,27.6173977182,27.851145483,13.4799926963,19.5153742219,22.5398659109
128,2163,27.6346879667,27.85150601,13.4779767992,19.2933648189,24.6826212381
128,2164,27.6428604431,27.8525387801,13.5067190362,19.3830612661,23.9723191914
128,2165,27.6526356205,27.8535356123,13.6199493325,19.3687129304,24.8749408417
128,2166,27.6858746314,27.8700251243,13.6261142447,19.6194047249,22.3307747755
128,2167,27.6905984011,27.8839451125,13.327362573,19.8169360671,22.6927998289
128,2168,27.7082360853,27.9067197451,13.4280167825,19.9651454104,22.709113892
128,2169,27.7111956198,27.9433728401,13.5607857295,19.9936795143,22.8387140556
128,2170,27.7317042907,27.9453359563,13.6847254371,19.6670618606,22.7453428695
128,2171,27.7357656903,27.9523937056,13.5013883262,19.6515992839,22.3673071734
128,2172,27.743713086,27.9572057592,13.4993905797,19.7004185888,22.9220901629
128,2173,27.7785118524,28.0514386138,13.3369090939,19.8638980255,23.2729656692
128,2174,27.79793657,28.0671207265,13.5797863716,19.9494907899,22.3587442455
128,2175,27.805140263,28.0783647884,13.8765220638,20.193292463,22.1406964136
128,2176,27.8226670583,28.0788111158,12.4355234136,19.5644310472,23.7972935369
128,2177,27.8290273224,28.0796522854,12.6906549733,19.4724081988,23.2249735281
128,2178,27.8393530562,28.0816527965,12.7376256702,19.1470410849,23.2023027507
128,2179,27.8553984812,28.0913612591,12.642460569,18.4704442503,21.4475640681
128,2180,27.8628932931,28.1098623787,12.4964544879,19.3285321556,23.2052658692
128,2181,27.8904792609,28.1342504088,12.6403922776,19.5317049236,23.4030913451
128,2182,27.9051497325,28.136499684,12.7739846593,19.1634099485,23.5030144101
128,2183,27.9071059495,28.1452875137,12.5445649595,19.3336250901,22.7537827871
128,2184,27.9110189521,28.1458620122,12.8607354791,19.6277135006,23.9159450847
128,2185,27.9316890159,28.1590715221,12.8683696709,19.9459741597,23.1654603294
128,2186,27.9438015745,28.159147095,12.7361197251,19.4219829903,23.3688526999
128,2187,27.9593514991,28.1591910046,12.8088720126,19.742738104,23.1152131945
128,2188,27.9766905429,28.2430569398,12.8080955981,19.4742297318,23.9591079815
128,2189,27.9973341124,28.2735116067,12.7376508649,19.2963409277,22.9010531275
128,2190,28.0250877058,28.2751146763,12.8422977695,19.6104888116,21.0307462326
128,2191,28.0392612699,28.307810467,12.7850483532,19.7491609691,21.1531980925
128,2192,28.055153946,28.3090302131,12.7563125762,19.966940646,23.7154075813
128,2193,28.0692123448,28.3114476467,12.9463735237,19.5209229367,23.3566015402
128,2194,28.0764909029,28.3120837528,13.028481228,19.3816710541,24.0907835232
128,2195,28.1044541489,28.3224085071,12.9175938879,20.0297483477,24.2965141099
128,2196,28.1062867057,28.3318295877,13.1144393751,19.9831195142,23.977613847
128,2197,28.1157625703,28.344315946,12.923577353,19.4281791683,23.3351591222
128,2198,28.1253674211,28.3636246588,12.6816832036,19.548308289,24.7939986736
128,2199,28.1442175839,28.3760346633,12.9642105815,19.9144229659,23.9527318789
128,2200,28.15676758,28.3847250672,12.920584695,19.9342843234,22.6109298818
128,2201,28.1782518142,28.3880976151,12.8178599959,20.22039124,22.7747280704
128,2202,28.1864232116,28.3892076577,12.8328030501,20.2558628625,24.1902936186
128,2203,28.1970300595,28.4228619383,13.0371375125,19.6249379103,22.174511056
128,2204,28.2130620877,28.4231440297,13.0377030638,19.8679072049,23.4131189417
128,2205,28.2172802748,28.4694169567,13.2618110085,20.0329154432,22.4389729468
128,2206,28.2495674493,28.5004069132,12.9406881473,19.7039784737,24.9366058327
128,2207,28.2687326094,28.5221085696,13.1596663176,19.6505445084,23.1878600127
128,2208,28.2821703006,28.5276437576,13.1176482103,19.8690755285,23.5084849511
128,2209,28.3050805442,28.528681303,12.7425048719,19.7133110754,24.3684610767
128,2210,28.3187897008,28.5673361715,13.4461704474,20.4659564606,22.2040517355
128,2211,28.3365069582,28.568310008,13.4529899237,19.9884920364,24.3438410844
128,2212,28.3399205452,28.5872074526,13.2407609959,19.7697779861,22.5109560712
128,2213,28.3603492489,28.5912073721,13.0522328963,20.6417958194,24.4893935706
128,2214,28.3629898896,28.5919911901,13.3450933593,20.0753250863,21.7063377181
128,2215,28.378632401,28.5998973695,13.3023443217,19.7808481278,24.59269859
128,2216,28.402947621,28.5999071079,13.1934944752,19.7010078692,22.8901506507
128,2217,28.4080357323,28.6075205574,13.0318870396,19.3079256567,25.06602918
128,2218,28.4173524648,28.6737820231,13.3381830539,20.589242205,24.705566641
128,2219,28.4299559799,28.69981935,13.0824745734,19.7892641738,23.9282472054
128,2220,28.4505527623,28.7084204811,13.1769211126,20.1717274859,23.6287143664
128,2221,28.4687621648,28.7105545536,13.1396257983,20.0543439452,23.9893724259
128,2222,28.4925687163,28.7291250945,13.1950943778,19.8042535862,23.9738677654
128,2223,28.4982502376,28.7449158687,13.5791284142,20.4077681657,23.4962399232
128,2224,28.5113209667,28.7686260329,13.6256687774,19.6897128543,22.4114774872
128,2225,28.5392623632,28.7963227951,13.6433998172,20.2849416577,22.7374656842
128,2226,28.5698624586,28.7963818901,13.468975752,20.3746470722,23.2438000263
128,2227,28.5712718723,28.8023440506,13.3373965668,19.6490152598,23.7248331912
128,2228,28.5990110006,28.8156850792,13.5148855351,19.9457740883,24.1848297112
128,2229,28.6156395197,28.8223587789,13.6592654328,20.1287575147,23.8434380047
128,2230,28.6191509618,28.8239674095,13.7187639383,20.6252037837,23.4820327258
128,2231,28.6337709999,28.8293798318,13.5471502947,19.9169323194,23.8101901704
128,2232,28.6433122506,28.9077269282,13.5104436473,20.6679935864,23.9771239321
128,2233,28.662671051,28.9988408061,13.8534060428,20.1570508384,22.165378666
128,2234,28.6888036212,28.9990106166,13.4895125995,20.3554401426,23.8204407333
128,2235,28.7085798523,29.0277202553,13.4915134466,20.6411685368,23.9558366126
128,2236,28.7145810197,29.0279209734,13.56515852,19.9853215317,24.4342887166
128,2237,28.7264760511,29.0279287596,13.7140529009,20.2554705228,23.1827469936
128,2238,28.7362415665,29.04378935,13.5185793779,20.6492552499,23.2302169322
128,2239,28.7603368488,29.0501289246,13.5596188584,20.3845709852,24.8681480851
128,2240,28.7801448597,29.0911850245,13.708503458,19.7318478382,23.0250747211
128,2241,28.7995923542,29.0942980931,13.763094926,20.6163613067,24.2362579016
128,2242,28.8175479465,29.095019858,13.9750595689,20.9620816543,23.4406826818
128,2243,28.8198951491,29.0954185334,13.6769694932,20.3572277908,24.5115163031
128,2244,28.8370519905,29.1004163739,13.7587744183,20.321208668,24.5196681703
128,2245,28.8520899005,29.1561080771,13.6208070906,19.8900058227,25.1629716607
128,2246,28.8632057268,29.1598597142,13.5742714707,20.2743127401,24.1892276971
128,2247,28.8732570641,29.1638101393,13.5240559395,20.4817359432,23.9275264554
128,2248,28.8963340101,29.1638284829,14.0035017768,20.8102512921,24.5229871121
128,2249,28.9039241169,29.1674413962,13.8831175163,20.8748042971,24.3883729719
128,2250,28.9258539627,29.2021970674,13.9423912888,20.8068424541,25.6610612462
128,2251,28.9365383043,29.2106396161,13.6496687001,20.2776769074,23.9212338134
128,2252,28.945558611,29.2403525934,13.885852466,20.4683516499,24.6433597877
128,2253,28.9741659839,29.2483737069,13.863937468,20.2811075576,22.7850328238
128,2254,28.9808893754,29.2947325565,13.8916391939,19.7043078465,23.8558693317
128,2255,28.9826568133,29.3040472199,13.9770070247,21.0106611785,23.084590592
128,2256,28.9934797978,29.3170774652,13.956108322,20.1235024474,24.0076749885
128,2257,29.0096360549,29.3282482562,14.1201041573,20.4573913228,23.1745433673
128,2258,29.0313613492,29.3331648093,13.9840617404,20.830883039,24.5051377288
128,2259,29.055519127,29.3413644815,14.161245187,20.0900590706,24.7218754284
128,2260,29.0734228227,29.3491248263,14.0345784271,20.7989988774,25.7860953085
128,2261,29.0950379702,29.3663067557,14.439487883,21.728154694,25.3390714971
128,2262,29.115159382,29.4154344857,14.1411916055,20.6828248882,24.5133111062
128,2263,29.135388805,29.4310743678,13.7507000845,20.6066889546,23.2410477014
128,2264,29.1505190433,29.4351529346,14.4396058832,20.9937064972,23.8165547813
128,2265,29.1683332492,29.5169828212,14.0890457211,20.866984681,24.8194071196
128,2266,29.1833782596,29.5175289082,14.1669959829,21.1229930352,24.2809305624
128,2267,29.1888639533,29.5237852777,14.4219862049,20.7641709015,24.3062078583
128,2268,29.2042389399,29.5238303883,14.3921542998,20.608673634,22.5389232009
128,2269,29.2258712817,29.5239083169,14.3720977624,20.72898953,24.5460236029
128,2270,29.2404220463,29.5350122239,14.5104872115,20.4293607655,23.9553173186
128,2271,29.2485022096,29.5579176403,14.3016214119,20.3701751042,24.0056575701
128,2272,29.2495794637,29.5916483955,14.1541840896,20.7445236638,23.5228624524
128,2273,29.2723992702,29.6334637647,14.0885771161,21.408103842,23.5649490716
128,2274,29.2902396803,29.6370863725,14.4440340472,21.3554536292,22.3953077606
128,2275,29.3130954686,29.6584779784,14.1203725091,20.4500784596,25.2874117567
128,2276,29.322892961,29.6764736699,14.472354447,21.1529802556,24.5769517555
128,2277,29.3367006611,29.7138049109,14.3981861831,20.6830192975,24.1922886832
128,2278,29.3619886331,29.7256336845,14.5284053407,21.1326643571,24.7289080321
128,2279,29.3762162748,29.7406255564,14.3559462339,20.6901049689,23.7299546892
128,2280,29.3960755476,29.748661055,14.5379692195,20.6547156499,24.0432695584
128,2281,29.4045495692,29.7518351299,14.5433629274,20.6488890018,25.1526844933
128,2282,29.4213423241,29.754046854,14.6263921353,20.6115807201,24.5855879926
128,2283,29.4416494311,29.7668741663,14.2067525772,21.6472517495,24.4803449794
128,2284,29.453249339,29.7839540046,14.6918891075,20.7858888562,24.2681459605
128,2285,29.4601741855,29.7856491821,14.6667499955,21.5393253148,25.7603319464
128,2286,29.4795585568,29.7858611268,14.7091416659,21.1936541634,24.4260159836
128,2287,29.4853604188,29.8205512792,14.5813323477,21.2539880197,24.4757290055
128,2288,29.4920149128,29.8378729805,14.5059713192,21.007145306,23.4691596364
128,2289,29.5055502361,29.8491306187,14.5702529085,21.2107134416,25.9289545193
128,2290,29.5275701155,29.8650449853,14.8486590871,21.6042504937,24.116241482
128,2291,29.5436215494,29.88247847,14.8676661376,21.4203577045,26.2999742114
128,2292,29.5565412661,29.8919067608,14.5993583299,20.7296297936,23.9928787378
128,2293,29.5686753525,29.8919069634,14.5382165337,21.1229105991,25.4829311935
128,2294,29.5985619273,29.9437436079,14.5307441985,21.357845292,24.5809764109
128,2295,29.6176700434,29.9673079954,14.9046562343,20.8450346177,25.0625430777
128,2296,29.629315091,29.9760234877,14.9230743999,20.3460695071,23.6466402798
128,2297,29.6443414874,29.9880961764,14.5784265646,21.5489767275,23.9929580585
128,2298,29.6530101581,29.9944516854,14.6487426589,21.7019576058,25.1027722321
128,2299,29.6798650102,30.0512941606,14.8549580032,21.7347323663,23.0209757957
128,2300,29.688192478,30.0515030758,14.8266100482,21.4592101802,24.10644109
128,2301,29.6943071276,30.0532917959,14.9981826179,21.5660319615,25.380247989
128,2302,29.7211740015,30.0978726509,14.9159672523,21.2657530751,24.145824501
128,2303,29.7418424535,30.1002079927,14.7538665069,21.6979953719,25.2122765522
128,2304,29.7470535218,30.1020316245,13.9169269046,20.8768245937,23.214445998
128,2305,29.7577343907,30.1173242828,13.8635341665,21.0405919708,25.5510757022
128,2306,29.774902914,30.1198920858,13.8880087948,20.9955075199,25.5836127862
128,2307,29.7875324873,30.1199244296,13.6936384267,20.6685089741,24.6598621348
128,2308,29.7987943599,30.1213512757,14.1405399763,21.3011130963,24.0081341492
128,2309,29.8162321972,30.135754606,13.9689091081,20.9338645457,25.2786793193
128,2310,29.8310818671,30.1457299744,13.8530260086,20.6871507514,23.9133818911
128,2311,29.8452662689,30.1458599907,13.8869346744,20.4378044772,23.9056799461
128,2312,29.8505971458,30.2751611522,13.897938115,21.1769017194,23.954246196
128,2313,29.8549970681,30.3070427547,13.9261183628,20.8866698868,23.9977773433
128,2314,29.8679800695,30.3151824067,13.8340819943,21.0728565843,25.7445532579
128,2315,29.8861218832,30.3153072769,14.0881165133,20.9268699768,24.5405078314
128,2316,29.8931609995,30.3178902733,13.6690979038,21.011363932,25.7274220675
128,2317,29.9201908109,30.3188808407,13.9179363256,21.0956333817,23.2488494888
128,2318,29.932191855,30.3199350043,14.1019375181,21.2611255653,25.2537333332
128,2319,29.9542689602,30.3578069772,13.9086374222,21.0214837353,26.3079515568
128,2320,29.9599939101,30.3764160087,13.9336637623,21.8032212606,24.1019088967
128,2321,29.9789093063,30.3775584046,14.0716522794,21.3201817857,25.542129329
128,2322,29.9904744983,30.4416093156,14.2763795978,21.0100738506,25.1815942905
128,2323,29.9992871089,30.4430642195,14.2050467012,21.0929218168,24.2133775773
128,2324,30.0240006314,30.485763803,14.3303016688,21.0390210779,24.636682682
128,2325,30.0301200518,30.4859533934,14.0979587933,21.6896488722,24.3032698458
128,2326,30.0396187207,30.4966414341,14.3865393349,21.7796398338,24.873668763
128,2327,30.0670003421,30.5528009885,14.1879851299,21.4618755933,24.8872533922
128,2328,30.0798016812,30.5532128419,13.9853359764,21.1938172269,24.7798531402
128,2329,30.1095246765,30.5582200475,14.2672954584,20.9963499813,25.1455361436
128,2330,30.1158876208,30.6025894422,14.169187387,21.75509917,25.345390296
128,2331,30.1327619696,30.6026142057,14.0740959724,21.6165943518,25.0425830827
128,2332,30.1490161199,30.6095353089,14.1601066575,21.2521324728,25.3508559453
128,2333,30.1656342189,30.6305782061,14.4177977513,21.6495323539,24.8495339864
128,2334,30.176343882,30.6327996117,14.3364791631,21.174610941,24.5132790854
128,2335,30.1977046973,30.6351201933,14.3623182983,21.7497327481,25.3296322428
128,2336,30.2117795203,30.6356813746,14.1255046195,21.2069488273,24.7455327161
128,2337,30.2175551506,30.6496770097,14.380102761,21.2878160709,25.8436109125
128,2338,30.245585282,30.6497643755,14.2049979621,21.5007829482,24.5312878097
128,2339,30.248788069,30.6694571712,14.4786239218,21.3186791714,24.2423331566
128,2340,30.2545460955,30.6769334273,14.3500556351,21.5628332449,25.3012536909
128,2341,30.2873143373,30.6894311559,14.4778940772,21.7988651489,25.1813469923
128,2342,30.3053328162,30.6920680893,14.8782131203,21.2765622588,22.6355603278
128,2343,30.3260174644,30.7524184964,14.2405413721,21.7272907905,25.9912468602
128,2344,30.3327772864,30.7534207832,14.6213039833,21.8418239618,24.1564705679
128,2345,30.3561437403,30.7807538116,14.7002580188,20.650785114,26.4682715133
128,2346,30.3643835659,30.7974693376,14.5558649671,21.9468255753,24.5625347433
128,2347,30.3858223763,30.7988490617,14.7358396434,21.4832293322,24.5570677543
128,2348,30.3892657025,30.8003349677,14.4025148434,21.455064795,25.7936743213
128,2349,30.3974950372,30.8028208996,14.6573768104,22.0304394123,25.4916944418
128,2350,30.4045136622,30.8030505593,14.7690696221,21.4335778139,24.1486666842
128,2351,30.4248869742,30.8326149428,14.4468728122,22.179787455,24.7880415384
128,2352,30.4391468187,30.8440986602,15.0457785259,21.1773797563,25.8286271792
128,2353,30.453985902,30.8452893833,14.5868993604,21.7629544937,24.4562651323
128,2354,30.4741462473,30.8654661268,14.4899071649,21.6884436678,23.3693277214
128,2355,30.4906266426,30.8658697639,14.8053241857,21.7903754633,25.9817923756
128,2356,30.4973101322,30.8704600859,15.0271695367,22.0802565371,26.6460576479
128,2357,30.5335629084,30.876222167,14.6171064926,21.9320340628,24.7937296665
128,2358,30.5410437396,30.8867040665,14.5256362796,21.8658443092,25.4853065199
128,2359,30.5534093001,30.9082471402,14.9061023925,22.2606766763,24.049099698
128,2360,30.5618760951,30.9117056377,14.7584777605,21.9582793307,25.3466307919
128,2361,30.5691208631,30.9143024955,14.8964128723,22.3190217718,26.9907321425
128,2362,30.5868287942,30.9204072725,15.0914889234,21.3438371858,25.0682904635
128,2363,30.5964049015,30.9487003612,14.7437249455,21.401983347,26.2329459053
128,2364,30.6178706896,30.9653818951,14.8525991471,21.6499579185,23.9104944019
128,2365,30.6433228471,31.0030357687,14.6409865542,21.5849582507,24.7850038201
128,2366,30.6551387776,31.0295887517,14.8095015509,21.6720786436,26.0299486178
128,2367,30.6658659772,31.0436218394,14.8194258082,22.3632376042,26.2762787102
128,2368,30.6790612914,31.0439881929,14.9826117125,22.0360497453,25.6219568124
128,2369,30.7003142664,31.0914272093,15.1494231341,22.4350563546,25.322264806
128,2370,30.7223022009,31.1364487722,15.1710016713,22.7171397888,24.9574525699
128,2371,30.727508994,31.153354127,15.3609633665,22.3720818371,24.5608950549
128,2372,30.7414541506,31.1553794967,14.8797400709,21.4887731585,25.4548982078
128,2373,30.7648447934,31.1555946544,15.0856124638,22.4326738414,25.7041836402
128,2374,30.7770236632,31.1555960416,15.1378556851,21.9551205238,24.7105693715
128,2375,30.7905116247,31.1558333025,15.1439079302,22.0273217799,25.9632291537
128,2376,30.7978816582,31.1561139169,15.3842073251,21.70145015,24.7953040813
128,2377,30.818187104,31.2001200646,15.0263673814,22.3525507147,25.6571250053
128,2378,30.8360255256,31.2041296824,15.3480775862,22.3193095762,26.4964256126
128,2379,30.8494477436,31.2071589246,15.2392668803,22.3261251353,24.2138703455
128,2380,30.8630543214,31.2155538357,15.0432431277,22.2605131117,24.3071640265
128,2381,30.894515802,31.215964467,15.0776323725,22.6703321171,24.5979349329
128,2382,30.9050856275,31.2460839828,15.4372981065,22.7272701823,25.0309796692
128,2383,30.9133435388,31.2700196252,15.166822494,23.0988081574,25.028834146
128,2384,30.934209287,31.2728736727,15.4143753339,22.0824795596,25.1605610597
128,2385,30.962757225,31.2756522039,15.4402873875,22.124351633,27.0535422375
128,2386,30.9799593095,31.3013386326,15.2392457675,22.6677531736,25.1535846756
128,2387,30.9864289981,31.301617289,15.3185612176,22.459710598,26.5909337018
128,2388,31.0179577389,31.3131604624,15.5378351395,22.9800240264,26.5493528406
128,2389,31.0228860006,31.3140626028,15.4436434609,22.4612965337,26.0488370589
128,2390,31.0372701174,31.3368782928,15.4918011934,22.3558712418,24.6569644773
128,2391,31.0452296252,31.3494042264,15.4641041084,22.1196844919,24.4373192965
128,2392,31.0764228882,31.3494050823,15.5696121757,22.7080129165,25.1683324452
128,2393,31.0837881591,31.3555364984,15.2274397185,22.0012574587,26.7258797481
128,2394,31.1070366693,31.3566132867,15.2332397682,22.203150077,28.0376916481
128,2395,31.1209777315,31.3632669476,15.5117988228,22.7291651246,26.5328949428
128,2396,31.1397247941,31.3776749272,15.3667790771,22.7307837367,26.2722093385
128,2397,31.1528430259,31.3965958044,15.324101859,22.943331894,26.948984049
128,2398,31.180345409,31.4114481573,15.9136814102,22.4631920017,25.0334233205
128,2399,31.1947783026,31.4172179567,15.5933710462,22.8173805259,26.6706846203
128,2400,31.2176420388,31.4172496265,15.3527847803,22.6884588508,24.524926614
128,2401,31.2238055975,31.4177691527,15.8212397062,22.3745505588,26.0641193446
128,2402,31.2412312664,31.4249565056,15.47351482,22.9933795208,24.6725856183
128,2403,31.2490709603,31.4430131707,15.6670139507,22.7424224125,25.4578944429
128,2404,31.267214042,31.5505644453,15.6514502206,22.6226812528,27.1566608705
128,2405,31.2870998479,31.5531510255,15.96520614,22.5548047581,25.9923874895
128,2406,31.2886326275,31.5575587062,15.8713331411,22.4192697873,24.6855473084
128,2407,31.3033545934,31.5650929038,15.7509035076,23.0917939413,27.5496009325
128,2408,31.3167643899,31.5710677016,15.3440372039,22.7525353706,26.2877239844
128,2409,31.3327838164,31.6284405811,15.8883928797,22.5797684444,26.9423330237
128,2410,31.3411137674,31.6317660297,15.80145356,22.2287575854,27.6654101811
128,2411,31.3488296105,31.6714535233,15.6746543557,22.1668543615,27.6018051449
128,2412,31.3590599623,31.671564301,15.9561584251,22.5770170782,27.1853520382
128,2413,31.4019941466,31.7038879892,15.9289118114,22.2603737963,27.6462220214
128,2414,31.4169414645,31.7096019743,15.8428215621,22.4767270737,25.7228675237
128,2415,31.4216530978,31.7134531147,15.4972058815,22.6585629577,25.7336134935
128,2416,31.4264102579,31.72015159,15.8382874434,22.9063078786,27.0725769598
128,2417,31.453950133,31.7427290239,16.1328749499,22.6826378015,24.1322505465
128,2418,31.458853114,31.7527289363,15.9491381281,23.2882340652,24.9008466622
128,2419,31.4723002537,31.7938112346,15.9825508514,22.5244473004,25.9558892951
128,2420,31.4800538783,31.794253357,15.7498320345,22.8731576899,26.0329616382
128,2421,31.5069880244,31.8217647443,15.759572511,22.9308751295,25.4590268301
128,2422,31.5246926883,31.8240655192,15.8052961717,23.1599237507,27.3258185111
128,2423,31.5294701983,31.8300781027,15.9886922539,23.1861134835,27.7947775244
128,2424,31.5399785221,31.8565425076,15.7370525475,23.0401223277,24.6202602686
128,2425,31.5573283207,31.8615852039,16.2655477189,23.4226393459,25.7365758402
128,2426,31.57282062,31.8616241396,16.1297514976,23.2070976156,26.7203598115
128,2427,31.5898086147,31.8754182898,16.0651035821,23.4218521896,26.2713538646
128,2428,31.6045680335,31.8760428153,15.9402968799,23.2808153,25.157443162
128,2429,31.6114510989,31.9078126486,16.2769804103,23.3966975559,24.9524112273
128,2430,31.6248449031,31.9264916275,16.0756151191,22.969676013,27.0022130548
128,2431,31.6545588665,31.9631836847,16.1461993288,23.3711910506,26.9275856836
128,2432,31.6801108672,31.9775208703,15.1991922429,22.7811354995,25.7040290666
128,2433,31.6973818868,31.9793647543,14.7956509432,22.535157461,26.9225189889
128,2434,31.712472942,31.984012164,15.4245513663,22.6188691344,25.9895923671
128,2435,31.7244599487,31.9921348577,15.1630976066,22.796419949,26.8389118881
128,2436,31.7499723062,32.0066421442,15.0889175874,22.3664989069,26.2787086315
128,2437,31.7570994182,32.0368273447,15.1150886915,23.5348248668,26.8513893215
128,2438,31.7640291434,32.0372851073,14.9677264514,22.6711784264,25.5729389151
128,2439,31.7870323661,32.0543546329,15.4274184207,23.0971854765,25.7011397981
128,2440,31.8052204899,32.0743257714,15.3332860479,23.0424906485,26.9141012335
128,2441,31.8094064855,32.0757252165,14.9996760231,22.9364635326,27.2872420619
128,2442,31.8177125228,32.1036217247,15.3073140761,22.8335193576,25.1611422334
128,2443,31.8444792337,32.1037071969,15.3563723653,22.9168816238,25.2652814819
128,2444,31.8627800033,32.1042601489,15.3788110805,22.9535516577,26.9307407667
128,2445,31.8765884233,32.1086443817,15.435564636,22.3949097957,26.3988597847
128,2446,31.8909966448,32.1091210829,14.9609842268,23.0017049861,26.511923315
128,2447,31.9173384215,32.1133643019,15.4243645397,22.7923192055,24.0018176489
128,2448,31.9199911773,32.1153898856,15.27925611,22.6201053983,25.8159598395
128,2449,31.9274272389,32.1441019437,15.3877783612,23.0426222591,27.1903190912
128,2450,31.9496517699,32.1450637449,15.3037983975,23.2923575394,26.8184366651
128,2451,31.9588336591,32.1662235728,15.4846529708,23.0442688679,27.2153322844
128,2452,31.975478677,32.1895907366,15.8130292075,22.9623779455,27.4667550066
128,2453,31.9919056389,32.1982293634,15.5297356211,22.6018973237,27.2125756478
128,2454,32.003812829,32.1984775845,15.4533756659,22.3838161032,27.0482528717
128,2455,32.0281408264,32.2223488471,15.7576137813,22.6939822629,27.2115877068
128,2456,32.0421767222,32.227013888,15.5323656869,22.6302534574,25.4453355937
128,2457,32.0523111458,32.2386611412,15.5210156162,23.1329299699,26.0153309251
128,2458,32.0639250089,32.3335640879,15.4171501332,23.3942647641,26.8936010238
128,2459,32.0765219487,32.3337825471,15.5238393361,23.1969859132,27.7768480729
128,2460,32.1070230902,32.3338561118,15.7259883378,22.6414791017,28.4516006056
128,2461,32.1126518053,32.3663173814,15.4710581901,23.0874392072,26.4158458733
128,2462,32.1309628188,32.3672435568,15.653681821,23.0231849628,26.4291182483
128,2463,32.1595849645,32.3841147113,15.7214516704,23.4147864916,27.8678103821
128,2464,32.1697209204,32.3874871305,15.425452972,23.1403652485,25.9760149174
128,2465,32.1921973874,32.404593559,15.7533662247,23.2320572416,27.8283783554
128,2466,32.2046966647,32.4302834024,15.8036980835,22.7739706409,26.377789389
128,2467,32.219587204,32.4358947832,15.6282651385,23.3548434186,26.2349856444
128,2468,32.2231397753,32.4480939313,15.8652896808,23.2814309857,25.878590197
128,2469,32.2381325427,32.4954271038,15.8314280759,23.6793579536,26.5467888104
128,2470,32.2434531821,32.4956382472,15.5767303764,22.1073347122,25.8895295838
128,2471,32.2694277326,32.500279866,15.8690440134,23.4884609996,26.488343098
128,2472,32.2854407555,32.5003621363,15.6566801842,23.7709765433,28.0612110361
128,2473,32.3080502063,32.514862956,15.7881401797,23.6422487868,27.5301633425
128,2474,32.3142070801,32.5162090743,15.8605563212,22.7891457979,27.2141539688
128,2475,32.3549349586,32.5162091524,16.0516238423,22.9245199385,28.1927525506
128,2476,32.3728963342,32.5197340375,15.6495114319,23.9907810121,27.0771088489
128,2477,32.38024539,32.5799977241,16.1450049267,23.649675542,27.7775956171
128,2478,32.3817031815,32.5820424846,16.0224953032,23.250514526,24.9653428229
128,2479,32.3982885173,32.6462756647,15.7969702173,23.4587828417,28.0439470915
128,2480,32.4030744733,32.6675424268,16.3591048395,23.9338628469,27.8804573982
128,2481,32.4138631999,32.673596329,16.1410553712,23.9362742124,27.3599012849
128,2482,32.4261107398,32.6847757402,15.8370893095,23.6293896646,27.4006644627
128,2483,32.4291840553,32.6855494482,15.804176927,23.4004390846,26.6756811939
128,2484,32.4688027558,32.685680195,15.8883493694,23.3373378439,26.7962601869
128,2485,32.4806712421,32.6861062311,16.230383908,23.9935684479,25.7348097771
128,2486,32.4936505652,32.7422625024,16.0340691313,23.5812563021,28.6664483195
128,2487,32.5076638701,32.7510829199,16.0125343194,23.5243177719,27.6295936819
128,2488,32.5182273556,32.7546059933,16.2036922579,23.2980751879,28.6514468312
128,2489,32.5441994185,32.7574873421,16.2810185038,23.4343453407,27.5246546808
128,2490,32.5553190599,32.81790531,16.3333832067,23.3991936505,26.6211496339
128,2491,32.5778282466,32.8298209106,16.3483062403,23.9462808531,27.3811312378
128,2492,32.5930191562,32.880186267,16.0745028414,23.5325171164,26.8263413575
128,2493,32.6074505673,32.9604201603,16.1441529958,23.2577791532,27.9013173886
128,2494,32.6195092376,32.9678845218,15.8615690961,23.1796383752,26.8054812367
128,2495,32.6345749981,32.9682007731,16.3084921295,23.518072697,25.8115649191
128,2496,32.6525869568,32.9708571706,16.560117936,23.695070555,25.6514792267
128,2497,32.657130003,33.0134692589,16.4614374667,23.1319430984,28.1913184449
128,2498,32.6805693715,33.0144441666,16.4121428687,24.2970299178,28.2327774472
128,2499,32.6964910997,33.0144684,16.4190269526,23.8074127298,28.5092228697
128,2500,32.7111446441,33.0148227899,16.6447259826,23.7711700426,25.1988829164
128,2501,32.7288403788,33.0449438311,16.2594697221,23.4169801113,27.4947092137
128,2502,32.7617857106,33.0619384662,16.3013415368,23.9155058441,28.5698694298
128,2503,32.7745226851,33.0619979238,16.1899000751,24.1642480112,27.6499421312
128,2504,32.7901375607,33.0707448721,16.2970138402,24.3833213629,28.6126556181
128,2505,32.8078132444,33.0808372483,16.4317506835,23.9574616804,27.6330319439
128,2506,32.8297982251,33.0878848518,16.236808132,24.3105056757,28.4819637594
128,2507,32.8377043786,33.0905153915,16.4481704957,23.8117841326,26.1690074524
128,2508,32.8491157852,33.0943729801,16.7520744774,24.1815694755,29.2616051262
128,2509,32.8896218286,33.0946081466,16.3628723241,24.2421858633,28.3937233382
128,2510,32.906152495,33.0947465103,16.4178290483,22.8729867659,27.6530134328
128,2511,32.9267239518,33.0962727421,16.5511866797,23.5522383269,28.9744060801
128,2512,32.9382264519,33.1341058893,16.4836004715,24.0104684797,25.5863850964
128,2513,32.9520379194,33.1678773236,16.4153733193,24.6809241476,26.9819246593
128,2514,32.9706110595,33.206042025,16.8772929119,24.3509045228,26.6139283554
128,2515,32.9788143927,33.2155773455,16.5796702461,23.7809650915,27.8631238832
128,2516,32.9980277519,33.2467476257,16.7139175883,23.8488378139,26.6374850004
128,2517,33.0086309074,33.2581729737,16.8665625402,24.0814985957,28.5309944445
128,2518,33.017469328,33.2628064807,17.0069819583,23.2938190076,29.1091970523
128,2519,33.04081501,33.2628414838,16.8171299316,23.7169313277,26.1149230834
128,2520,33.0633226919,33.2898709009,16.5830145107,23.9790679899,27.6394915076
128,2521,33.0739546163,33.3626333181,16.7341446564,23.8389852394,28.1807503887
128,2522,33.1006817292,33.3641842027,16.643775622,24.4960381283,28.5159486884
128,2523,33.1029397741,33.4000427608,17.0160782996,24.0945776541,27.1510533047
128,2524,33.1279885162,33.4380509618,16.8079481685,23.6504185234,28.8178136891
128,2525,33.1406279723,33.5333183313,16.7718218168,24.1217008059,26.363295245
128,2526,33.1613602771,33.5333209816,16.5314856992,24.4969020649,27.2414561618
128,2527,33.1742403377,33.5343602994,16.8975206077,24.475549712,28.7638314029
128,2528,33.1862562503,33.5486103027,16.7208323875,24.0787256052,28.88644
128,2529,33.2034630404,33.5490835287,17.0418644286,23.8477205406,27.4687020349
128,2530,33.22322226,33.5504434371,16.9679828372,23.9225734243,26.6271005281
128,2531,33.2354845527,33.577471105,17.1093400701,23.6450610565,27.0154193998
128,2532,33.244962024,33.5799115269,17.0611038374,24.3047890777,27.8020284706
128,2533,33.2569977216,33.5799128178,16.7959855621,24.3132911993,27.6475542422
128,2534,33.2609916891,33.5904300161,17.0520413083,25.0920401109,27.761834712
128,2535,33.291934357,33.5945164297,16.5717332163,24.3428485753,28.1870559775
128,2536,33.3058114125,33.6404861914,17.1703892485,23.7359507798,28.6690090909
128,2537,33.3170232312,33.6649027583,17.1543696001,24.2808190874,28.6619108644
128,2538,33.3183966267,33.6665007915,17.2385422089,24.3338085839,28.5659204863
128,2539,33.3470960443,33.6753986351,17.3093942042,24.4642568644,28.8177505266
128,2540,33.3596881432,33.6764918995,16.8905163842,24.3512149921,28.1191566313
128,2541,33.3746946473,33.7179708894,16.8949858755,24.1923475318,26.1939060387
128,2542,33.3867019198,33.7283887459,17.2723431491,24.1879361485,29.3733640608
128,2543,33.3952028832,33.742177199,17.1214205651,24.0757172003,29.1283330724
128,2544,33.4256492897,33.7780611249,17.3772222593,24.5164972919,28.5008661508
128,2545,33.4426497994,33.7821881726,17.4576639588,24.3234163022,28.1783145483
128,2546,33.4457325494,33.783054444,17.4091130002,24.6644768651,27.325918293
128,2547,33.462796205,33.8922298936,17.2161320502,24.3141088383,27.0552240585
128,2548,33.479257346,33.8923730198,17.1356088985,24.7828152794,27.0119293361
128,2549,33.4915038317,33.8927813838,17.4638490323,24.6572443395,29.3879172684
128,2550,33.5152177632,33.9010182238,17.1941546738,24.9282595618,27.3415413704
128,2551,33.5256470033,33.901054307,17.410181767,24.9227091485,28.3970841141
128,2552,33.5298322276,33.9247773027,17.7334090843,25.3016084599,27.9743788393
128,2553,33.5407771916,33.9490360939,17.6232402516,24.8131885287,26.351344003
128,2554,33.5485345391,33.9515383032,17.7280112981,24.1910658955,26.2280567845
128,2555,33.564716433,33.9822232077,17.7754391585,24.4148562759,26.0018996294
128,2556,33.5892294815,33.99565051,17.6555569807,24.4686722373,29.3877521141
128,2557,33.6019675066,33.9991972561,17.3627941795,24.7725582372,28.7528423627
128,2558,33.6167454566,34.0093817731,17.510612243,24.7492857161,28.2945772038
128,2559,33.6443304973,34.0336699436,17.5682778936,25.1847947586,28.0128984788
128,2560,33.6765792935,34.0343767304,16.3192083177,24.075689349,29.0410256165
128,2561,33.6875408951,34.0380011934,16.5453854344,24.7607794581,27.6183484969
128,2562,33.6915770089,34.0381517861,16.8547397053,24.4421570878,26.9332467634
128,2563,33.6998037221,34.1025302515,16.3141895015,25.1011931783,28.6062032233
128,2564,33.7322233346,34.1084062143,16.9851802094,23.6836642283,28.41709558
128,2565,33.7446966032,34.1240012889,16.7441392232,25.0231577267,28.0684894675
128,2566,33.7532019272,34.1258917598,16.8441799097,24.8101019294,26.9958099555
128,2567,33.7619847483,34.1445447086,16.6447718639,23.9466979523,26.6610139905
128,2568,33.7714320257,34.1689092691,16.8592569475,24.5315720696,28.7022647568
128,2569,33.790239397,34.1693545521,16.9548927326,23.662950881,28.3707862415
128,2570,33.7987527124,34.1981811722,16.858772503,24.6419773107,28.1003790657
128,2571,33.81240906,34.2246268838,16.6502407425,25.2097512883,26.1338511875
128,2572,33.8282683887,34.2271285893,16.5347203846,24.0926456931,26.9045089107
128,2573,33.8341795118,34.2304930418,16.959306299,24.5398849029,26.8492057501
128,2574,33.8567892549,34.2353961451,16.7097686309,24.6626246124,27.7567967291
128,2575,33.8716695864,34.2427218832,16.6216333258,24.5496463374,27.6187884345
128,2576,33.8887516982,34.2448057225,17.1512022075,24.4379126137,28.3403371551
128,2577,33.8976858836,34.3046002117,16.9214988249,24.3813782501,27.5881206174
128,2578,33.9132856279,34.3100111323,16.7248664475,25.4853608694,27.2279575091
128,2579,33.9404754179,34.3151529123,17.0778851144,24.3093077985,29.9020764901
128,2580,33.9511841035,34.3173816091,16.8269463517,25.1451101202,27.142000214
128,2581,33.9639920757,34.3235909804,16.7616964162,25.0676762439,27.2053766176
128,2582,33.9746229648,34.3236000008,16.8259441712,24.4590278027,28.0890362975
128,2583,34.0063004278,34.3431541654,16.8613732804,24.3000426015,27.4099819541
128,2584,34.0114806072,34.3463899902,16.8635547918,24.8140039928,28.6160998697
128,2585,34.0149188154,34.3503054484,16.7840510703,24.9507685552,29.0146222969
128,2586,34.0408178428,34.3549324451,16.8728126308,25.0105419108,28.7098720831
128,2587,34.0563285546,34.4026149673,17.0385172476,24.7225610326,28.0407714314
128,2588,34.0615257957,34.4026571933,17.0655718972,25.6253521894,29.0819083956
128,2589,34.0960034786,34.402685028,17.1218411078,24.0878879704,28.09912787
128,2590,34.1057406094,34.4048959755,17.2895798497,25.2115953506,27.8255225713
128,2591,34.1267864881,34.4081475893,17.3158164813,25.0372137338,27.2991141273
128,2592,34.1345990858,34.4109488535,17.3479545723,25.4353628312,27.4875255651
128,2593,34.147358369,34.415149818,17.0755232127,24.3038173835,28.3902810883
128,2594,34.1550634958,34.4325867051,17.1357681013,24.5397459299,28.8033816508
128,2595,34.1862601344,34.4363884576,17.5595319449,24.8347762882,29.3781711445
128,2596,34.194434346,34.4431472317,16.8777165841,24.8544568407,26.8021927472
128,2597,34.2126233105,34.4658908215,17.3743067669,25.3331756463,27.2061008995
128,2598,34.2259178878,34.4804374175,17.3031763556,24.5535169495,28.0912974568
128,2599,34.2335747938,34.5003834231,17.2790871357,24.4997138153,28.8211340599
128,2600,34.2556968359,34.5183434622,17.2954377698,24.577593198,26.388525948
128,2601,34.2701621445,34.5261087762,17.7465385135,25.2391835518,30.872928511
128,2602,34.2937526812,34.5285452056,17.4809667883,24.250832409,28.9443594358
128,2603,34.3116919907,34.5379056578,17.315418581,24.3039641928,29.3252180131
128,2604,34.3285641527,34.5634689973,17.4332817913,24.7379874346,28.7703336336
128,2605,34.3473021384,34.6244296164,17.3003328867,24.9261741977,28.2803616268
128,2606,34.3568875172,34.6267720208,17.4152350281,24.814810803,29.3016414519
128,2607,34.3836677641,34.6308464321,17.1212957172,25.1973151827,29.650652991
128,2608,34.3863952643,34.6496030219,17.3770917088,25.1815478249,28.2569526721
128,2609,34.4006605592,34.6539823169,17.7421224237,25.2337496942,29.5171248898
128,2610,34.4136849096,34.654523395,17.5450277334,25.453155265,26.9737072221
128,2611,34.4362505396,34.6545311142,17.0972996395,25.0472870594,28.3915321229
128,2612,34.4410876687,34.6550599253,17.5941015615,24.4168475069,28.3881302623
128,2613,34.465053117,34.6614204395,17.3186649925,25.4237311769,26.4377545921
128,2614,34.4795794476,34.6739693025,17.2823965015,25.5975082639,28.605362232
128,2615,34.4897919832,34.7086747853,17.5757466018,24.9640187287,28.5169002026
128,2616,34.4981942147,34.7129608263,17.3055461183,25.4236800131,29.952481359
128,2617,34.5106263321,34.8285176311,17.578423156,25.4754805285,27.6851782025
128,2618,34.5278964832,34.8416289234,17.3569681747,25.3967267304,29.5290914528
128,2619,34.5382101724,34.8460853559,17.6287237982,25.5444326135,27.7221787578
128,2620,34.5541104641,34.8499778961,17.7300994753,25.9155339069,30.007207787
128,2621,34.5835967909,34.8560308785,17.8363546358,26.1463380113,30.3670449814
128,2622,34.5924959299,34.8576263131,17.5924666204,25.2123084759,29.2197426913
128,2623,34.5996732633,34.8577887075,17.6869027253,25.6253490816,29.9676973614
128,2624,34.6191290515,34.8731529118,17.9273811076,24.8548979599,29.5695453896
128,2625,34.6394754916,34.8743921277,17.8877049998,24.9321227752,29.8454767803
128,2626,34.6466882129,34.8760791085,18.0186688418,25.7926550051,28.3020896696
128,2627,34.6609529732,34.8908721293,17.6333520791,25.3544897077,30.1024726413
128,2628,34.6837521874,34.9169991368,17.8447406179,24.9669500003,29.4801973668
128,2629,34.6999254452,34.9378947844,17.9607582518,24.9634356291,28.6954951229
128,2630,34.7120456181,34.9441904005,18.0974546544,26.0662976437,29.0094736209
128,2631,34.7200714568,34.9512614392,17.808067339,25.6864811225,29.2891781567
128,2632,34.7359395976,34.9525458482,17.9404376525,25.381333031,29.1001433199
128,2633,34.7497149649,34.9526270845,18.0310444926,25.5348684471,29.7948219118
128,2634,34.7650280912,34.9936980759,17.7426995018,25.0446431229,28.9108365185
128,2635,34.7741916666,35.0147236023,18.2247943699,25.6076991639,29.7838160775
128,2636,34.7858782494,35.0210237468,18.2288729981,25.4432915605,29.8452607039
128,2637,34.807968267,35.024572012,17.6678151379,25.1375961983,27.3845844035
128,2638,34.8176132049,35.0324536795,18.201267417,25.0368664295,29.9590807427
128,2639,34.8347099369,35.0391047914,18.1785237908,25.1171125587,28.3664247418
128,2640,34.8456327834,35.1377082601,18.215234435,24.1406464477,29.4508018335
128,2641,34.8576461181,35.1476978469,17.9488265167,26.0551437343,28.0417657518
128,2642,34.8786296233,35.1554950729,17.9039570039,25.6971247681,29.7572848284
128,2643,34.9004582418,35.159148432,18.1473512535,25.1220593759,28.2469092515
128,2644,34.9188464281,35.1594798077,17.9656741529,25.4111461006,29.5942457248
128,2645,34.9248547477,35.1595631599,18.3221229825,25.8887689938,30.770860746
128,2646,34.9323177566,35.1816452572,18.4270458027,25.8374007204,29.6335429349
128,2647,34.9339996519,35.1980521711,18.2974660946,25.0535901234,28.6237183774
128,2648,34.9477123831,35.234732578,17.9064603369,25.6889284234,29.7943966757
128,2649,34.9790317029,35.3079667474,18.2797938246,25.2025988399,28.4823347467
128,2650,34.995140601,35.3155668862,18.5337490501,26.4094979642,29.5407410132
128,2651,35.0190340755,35.34733467,18.1565285943,26.233117312,29.1419933914
128,2652,35.0464434351,35.3479295228,17.9821299228,25.7758079416,29.180443236
128,2653,35.0485976882,35.3487660895,18.3458431204,25.7723893035,30.9371291334
128,2654,35.0772805439,35.348953013,18.2934906697,26.1226904077,29.4846421364
128,2655,35.0842829515,35.3492017408,18.5274028859,26.2818578564,30.2598097696
128,2656,35.1025504402,35.3502639469,18.1993537101,26.3752488044,29.6404049202
128,2657,35.1174344179,35.37667161,18.3997476481,25.7818304361,29.4895190698
128,2658,35.1210514571,35.3796471203,18.3876835501,26.0757139968,29.3712263731
128,2659,35.1391734282,35.3796487052,18.3946628507,26.2855977566,28.0787246479
128,2660,35.1513265244,35.4404037934,18.3584710074,26.2826410097,28.9791179868
128,2661,35.1612674601,35.464755708,18.2792555778,25.7098991804,31.2396419808
128,2662,35.1836604219,35.5015992227,18.5189196134,26.1047239941,29.0569627172
128,2663,35.2074845911,35.501730117,18.5592679508,25.6490878847,29.9729410616
128,2664,35.2162401716,35.5473623252,18.5959965719,26.1567137644,29.4723576436
128,2665,35.2290672277,35.585091111,18.3701928392,26.448567653,30.2389020761
128,2666,35.2315824513,35.5909139005,18.6414402018,25.7775366042,29.7890804046
128,2667,35.2449779691,35.6057594579,18.5559507889,26.0626446847,30.6033338425
128,2668,35.2594132031,35.6063461102,18.5511594064,25.6628316821,31.5138162289
128,2669,35.2830948025,35.6363591306,18.6538561728,26.3513170115,28.8031073362
128,2670,35.2906942484,35.6594255256,18.8838917246,25.7267762639,27.8096981245
128,2671,35.3079185725,35.7155073199,18.5600931899,25.7619558844,28.4717622353
128,2672,35.3469506579,35.7355570348,18.5336931033,26.7439361535,29.5644689198
128,2673,35.3574472015,35.7399350228,18.501785517,25.7903670734,29.307039199
128,2674,35.3737560017,35.7596338783,18.4853252574,25.8774955786,29.605190444
128,2675,35.3746721085,35.7596989122,18.5560100519,26.2840890193,31.7875822283
128,2676,35.3889795441,35.7820604381,18.6053453681,25.9418072661,29.9929995303
128,2677,35.4146508618,35.7913325363,18.578396983,25.6561973742,28.6943040896
128,2678,35.4290795993,35.7918007562,18.7750987741,25.404184233,29.9142492804
128,2679,35.4586647685,35.8030087901,19.0033747005,26.0012948506,31.2845422451
128,2680,35.4709911236,35.8042588162,18.7686740723,26.4881264938,30.183567686
128,2681,35.4830064244,35.8369281801,18.8129706963,25.6886815357,28.648736245
128,2682,35.4900707684,35.8811421609,18.7635692561,25.7002206145,29.6565937761
128,2683,35.5183841969,35.88139807,18.9922483637,26.5434978793,30.0252744039
128,2684,35.5323898194,35.9563704611,18.8301960632,26.7748743721,31.2598666919
128,2685,35.5382725381,36.0200116272,19.0114365376,26.8038689576,29.8897925294
128,2686,35.5556458378,36.0207420382,19.1320864498,25.8893589533,30.2959923377
128,2687,35.5696257551,36.0222716812,19.0261067217,26.4442854478,29.181339309
128,2688,35.5918215103,36.0249382519,17.765939488,26.3799808714,30.5608599534
128,2689,35.606073597,36.0366030371,18.2273610114,26.3126604089,30.0945938225
128,2690,35.6188629368,36.0370439143,17.9339083493,26.5029806695,29.1812076763
128,2691,35.6305618818,36.0402826159,17.7817311861,25.9225356582,31.0266131138
128,2692,35.6482528848,36.0406403966,17.8942921341,25.5373319879,31.4143847836
128,2693,35.6657306194,36.0430381349,17.8753090014,25.3467274541,30.3640800594
128,2694,35.6715322604,36.0627745661,18.1629152477,25.5645448389,30.5781597
128,2695,35.6949346181,36.1005000264,18.2122951311,26.8860745261,29.5238192824
128,2696,35.704409939,36.1079490599,17.6233228504,25.8237483736,30.6555729025
128,2697,35.726670662,36.1247040895,18.1192286225,26.7109728833,29.4459755583
128,2698,35.7513935461,36.1378793043,18.2478218361,26.6659103535,28.4820667982
128,2699,35.7584281911,36.1503308901,18.0341668684,25.9723937946,29.3848470469
128,2700,35.783246509,36.1596888205,18.2683981236,26.314028894,30.2515542944
128,2701,35.7892904203,36.161442497,17.9764322051,26.9588204779,30.4397433121
128,2702,35.7992810006,36.1616449622,18.4979206459,25.8673376364,30.2167802244
128,2703,35.8090245644,36.1666719958,18.2244347571,27.0895547472,29.2217691713
128,2704,35.821433338,36.2027124005,18.0300036332,27.0862735278,30.2872084475
128,2705,35.8443506522,36.2045803404,18.3593474969,26.6549796708,30.8009625802
128,2706,35.858650609,36.2099304665,18.6342839829,26.2294954292,29.8036805342
128,2707,35.8711688287,36.23862545,18.4174961074,26.7856055968,30.9880232824
128,2708,35.8790327875,36.2417117118,18.0989832423,26.6447471385,31.7611255961
128,2709,35.8985248962,36.24202747,18.5914877518,26.9247725015,31.3920844229
128,2710,35.9073919767,36.274251098,18.104009601,26.6881132307,27.3249533424
128,2711,35.923522108,36.2821728017,18.3744380398,26.7589595215,28.7017737845
128,2712,35.946752264,36.2825552497,18.7491861329,27.0114153389,29.8233818568
128,2713,35.974568102,36.2826723236,18.5935118566,25.6599096262,31.4899336359
128,2714,35.9767565681,36.3020846549,18.4735462913,25.8543478896,30.7820214372
128,2715,35.988609075,36.3028525803,18.352408332,26.2619767003,30.4427689084
128,2716,35.9913076619,36.3111018253,18.6568872117,26.5518440081,31.2068141833
128,2717,36.0133681435,36.349655148,18.6180461787,26.3727532986,31.2860772514
128,2718,36.0377732892,36.35174985,18.4479375008,27.0396846213,28.6920554946
128,2719,36.0449320608,36.3655974167,18.5594682781,26.6553329113,30.7414150714
128,2720,36.061495635,36.3738429721,18.406442627,26.7159887369,29.8010558587
128,2721,36.082567207,36.4184446374,18.9399223638,26.0969252521,28.260193459
128,2722,36.094748932,36.4401338095,18.3469857395,26.0360423806,28.3379396744
128,2723,36.1094373488,36.4510616624,18.6702131559,26.392201994,31.457537471
128,2724,36.1357431602,36.4633765633,18.6949031198,26.2675654872,31.5155594298
128,2725,36.1404242517,36.4953471117,18.8098720278,26.8437019855,29.9135586161
128,2726,36.1652049021,36.4964714129,18.4504162895,27.0646262896,29.9717783792
128,2727,36.1851995227,36.4969355159,18.8657865864,26.4889947521,28.7655454957
128,2728,36.1980259941,36.509565416,18.6946974237,26.8887007406,31.4303513196
128,2729,36.2211359647,36.5340559298,18.4686439316,27.1717307757,31.5466223837
128,2730,36.2349929477,36.5387455864,18.4593530999,26.6710442249,31.5191466571
128,2731,36.2450706336,36.553595902,18.9277348847,26.5650837529,30.2185674991
128,2732,36.2554091017,36.5605124261,18.6612429125,26.294414723,29.9982320237
128,2733,36.2799049879,36.5728508808,19.0550851188,26.7053714708,33.0365822596
128,2734,36.3035969948,36.5790550896,18.8304346372,26.6531531885,27.9329036077
128,2735,36.3137394696,36.5797062979,18.9616369863,26.7972992009,30.3482290579
128,2736,36.327351488,36.5824634014,18.9088656203,26.3511353297,30.8989872092
128,2737,36.3535757937,36.6201914615,18.9912931141,26.2776006934,30.519241425
128,2738,36.3584716171,36.6317606375,19.0802590194,26.5899706632,28.9091689696
128,2739,36.3839640217,36.6367344494,19.006151807,27.2102592572,30.4255820709
128,2740,36.3868166079,36.6412836891,18.9820094802,27.3631785649,29.6343510635
128,2741,36.4044802132,36.649402988,19.0802157263,27.5197632026,30.175681194
128,2742,36.4275527583,36.6534242167,19.2565152132,27.7135671038,29.0778789454
128,2743,36.4401949739,36.6589891185,19.0021457835,27.0359806126,31.4977528591
128,2744,36.4493803262,36.662676845,19.2031207157,27.3265466497,30.2574467888
128,2745,36.463378304,36.663357366,19.2187757784,27.7003559685,30.846322751
128,2746,36.4742539043,36.6740323263,18.9800554628,27.2595222055,30.8243599842
128,2747,36.4996155898,36.675393478,18.7995245172,26.7267736862,29.7825891573
128,2748,36.5152625509,36.7620242901,19.0892674787,27.1445295518,30.825019824
128,2749,36.5270540434,36.7825416882,19.1394305707,27.591124747,29.8193790346
128,2750,36.5579870477,36.7912485106,19.2303892049,27.2918971372,29.7148903188
128,2751,36.560538039,36.7949635298,19.2149136518,26.8687810388,30.1636407553
128,2752,36.5828328975,36.7987623116,19.3755311694,27.1541755638,32.2345875508
128,2753,36.6006774872,36.8001939886,18.8455042934,28.0606862451,31.1583942483
128,2754,36.6046302686,36.8020497176,19.1968377045,26.8696653084,31.075094238
128,2755,36.6145941048,36.8032971891,19.1555492693,26.9668331589,29.1436071395
128,2756,36.6341334855,36.8118099603,19.2813788534,27.0798166187,28.5744758557
128,2757,36.6392443653,36.8177112189,19.3665443787,27.1283206577,31.993705265
128,2758,36.6644848933,36.8244828823,19.3385588287,27.2336297751,29.5939991755
128,2759,36.6776332812,36.863240363,19.3457245999,27.4614000281,30.6406797469
128,2760,36.6906638567,36.8721487465,19.1515551564,26.9634722613,31.8345447538
128,2761,36.6938464252,36.8985873282,19.3459199877,27.8959067603,31.7307832291
128,2762,36.7265143982,36.9043621296,19.5788834778,27.4300072333,31.1404464923
128,2763,36.7310220241,36.9055656283,19.2836960377,27.5334700723,31.1318950553
128,2764,36.7469759219,36.9072945588,19.5484814809,26.9511087127,29.939536553
128,2765,36.7563466274,36.9351212638,19.5596730348,27.4814566072,30.0564996655
128,2766,36.7685302038,36.9360078368,19.6485230749,27.2795968184,28.7994254056
128,2767,36.779373957,36.9669405769,19.5875394228,27.6422605974,30.0294966084
128,2768,36.7858478335,36.9806969931,19.6679248869,27.4761847697,28.7421237495
128,2769,36.8223680694,36.9807526275,19.169502346,27.6545290057,30.7376832594
128,2770,36.8295082145,37.0035050069,19.6733749402,27.8039060763,30.7745321554
128,2771,36.8437256509,37.0035119527,19.2906490585,27.296334739,31.8277831374
128,2772,36.8530211862,37.0304284173,19.9888435359,27.9877767305,30.9416679993
128,2773,36.8766792232,37.0311562529,19.7353492469,26.9155300108,30.705097961
128,2774,36.8938106947,37.0442557501,19.9636039304,28.0342866587,30.5502271007
128,2775,36.907223489,37.0513689662,19.6672235471,27.1661812704,28.827530953
128,2776,36.9113858664,37.0609482238,19.41220022,27.6704877416,28.5751651833
128,2777,36.9354505191,37.095121802,19.2227672991,27.799619658,31.9208214269
128,2778,36.9464866022,37.1399899667,19.6469839906,27.2402900126,31.8788319948
128,2779,36.956624427,37.1402084433,20.0949468225,26.8698103908,30.4849576777
128,2780,36.9760846714,37.1405326787,19.7228051103,27.482510212,31.1507937199
128,2781,36.9982530633,37.1791527343,20.0972219855,27.4054275915,31.3834016837
128,2782,37.0141134352,37.2141350651,19.7134220258,27.3436264787,31.2299835426
128,2783,37.0220053238,37.2205335464,19.9942233836,28.1740067745,30.5240359027
128,2784,37.0439431015,37.2254804258,19.4118849265,27.9051208848,31.2614067653
128,2785,37.0670084703,37.2334222397,19.9522718546,27.5138112621,30.445244285
128,2786,37.087800261,37.2859015015,19.9976044455,27.8508738079,32.4425640082
128,2787,37.0912671622,37.2861882437,20.1258868137,27.4140226251,30.6509706732
128,2788,37.1030015058,37.3208624682,20.2695783082,27.5250608582,31.7606432631
128,2789,37.1206023028,37.3211478155,19.7677335937,27.4839961583,29.5213542969
128,2790,37.1332974625,37.3221822684,19.9632838374,28.0764814476,31.7463013783
128,2791,37.1507719581,37.3257719763,20.0344062162,28.1265189185,30.9864588686
128,2792,37.1700999897,37.3340125818,20.0226727598,27.9917580912,30.9114605321
128,2793,37.1791369886,37.3440320024,20.0859779383,27.1786416227,31.5427938898
128,2794,37.2061289534,37.357511609,19.8387530229,27.8102993005,31.6798939302
128,2795,37.2124849366,37.363751003,20.0115394826,26.6054839526,31.442343163
128,2796,37.2294847478,37.4164505458,20.1097320227,28.3940611863,30.6637173096
128,2797,37.2505665206,37.4165049307,19.9974260211,28.021930172,31.6459885108
128,2798,37.2692976123,37.4451623802,20.2797958179,28.6330998464,30.5680000255
128,2799,37.2831938261,37.4679319385,20.3245811032,28.4890216995,31.7834866818
128,2800,37.2937857168,37.5137075317,20.1719254748,28.6407361458,31.9511654147
128,2801,37.3020272001,37.5181061004,20.2484592218,27.5604318902,31.5811493791
128,2802,37.3229814145,37.5231697367,20.09189858,28.3689228527,31.3563813948
128,2803,37.3275286739,37.54303958,20.3925182409,28.3178027697,31.690660329
128,2804,37.3450218805,37.5939118017,19.7356490062,28.0809395389,31.6988625552
128,2805,37.3836356111,37.6513904576,20.2936561432,27.8449724285,31.3343588534
128,2806,37.3987387238,37.6559449197,20.1677510903,27.3818974883,32.6396624534
128,2807,37.4271245092,37.6560857821,20.3722680263,27.3919431992,32.9047991992
128,2808,37.4374112918,37.6742617942,20.4464260078,27.9176265178,31.1307921164
128,2809,37.4483328509,37.6744729374,20.189512383,28.9275236968,30.7430751616
128,2810,37.4567843833,37.7099479104,20.4048431189,28.5021178618,31.2196146357
128,2811,37.4629394984,37.7135237748,20.0885314637,28.4209910575,32.2914081956
128,2812,37.4830070622,37.7223800589,20.4795372341,27.9265817793,32.0995804895
128,2813,37.507512854,37.7284495508,20.7321577581,27.7634533021,32.2228210851
128,2814,37.526136503,37.780318694,20.7316569829,28.0817677481,31.017693002
128,2815,37.5390460395,37.7803422009,20.6437531185,28.8164456526,33.0713141576
128,2816,37.5530580381,37.8102808204,19.7508089215,27.9649650659,33.4979791816
128,2817,37.5568327379,37.8102996918,19.8905049065,27.7765243837,31.6978627494
128,2818,37.5804774458,37.8319743947,19.4237910805,27.4957520103,30.5711870007
128,2819,37.5905497947,37.8327379193,19.3207858244,28.1099130984,32.6184778439
128,2820,37.6126462196,37.8480657668,19.5351519337,27.1128851833,31.5506679674
128,2821,37.631486493,37.8480798838,19.2909369856,28.1345598545,28.7114171082
128,2822,37.6473684276,37.8743116627,19.6544462658,27.7394583462,33.057506312
128,2823,37.6590011867,37.8841497291,19.7046257466,28.4431837992,31.0143699748
128,2824,37.6604511985,37.8845593587,19.5409352414,28.7756682189,30.9538584106
128,2825,37.6791950948,37.8909823704,19.5531710058,27.1914923017,32.2486059024
128,2826,37.6878014136,37.9194328315,19.4443121725,27.8608128342,31.4922595623
128,2827,37.7159454275,37.9208834434,19.8488246983,28.2130675301,30.4396179016
128,2828,37.7245721526,37.9558926032,19.5108325631,28.5319160277,31.6281918882
128,2829,37.7342972133,37.9727318151,19.7647242412,28.0068144095,31.2270023487
128,2830,37.7477163943,37.9759669241,19.6190336313,28.2215992882,32.4687494958
128,2831,37.7932261433,38.0293062833,19.2958585544,28.8968298811,31.1167610239
128,2832,37.8091755417,38.0455766947,19.7835475827,28.3253426857,32.4351053217
128,2833,37.8113658768,38.0557525417,19.7981219188,27.974709555,31.6066685781
128,2834,37.8181861382,38.0567847178,19.8365083679,28.1222966792,32.361458854
128,2835,37.8374526393,38.0665467294,19.8880206391,28.7676794623,31.6341749046
128,2836,37.8493020229,38.1025093102,19.7423081668,28.0414985324,31.904654883
128,2837,37.8701356556,38.1402296797,20.0149519709,29.0643414872,32.6315377715
128,2838,37.8803063466,38.1534869401,19.7553010845,27.662827799,33.2598898392
128,2839,37.9018340658,38.15436681,19.8522698876,27.5566169132,32.3488089476
128,2840,37.9180223677,38.1545102287,20.1899004794,27.8735587047,31.812512732
128,2841,37.9305282976,38.1550944108,20.03590944,28.4396728822,32.7402965394
128,2842,37.9566333069,38.1556310115,19.8267838887,28.4545625948,32.2572054913
128,2843,37.9632841679,38.1597096558,19.7170029489,28.2622486886,31.2816603951
128,2844,37.9740157707,38.1639056746,19.8346796017,27.9630702521,31.6671976026
128,2845,37.9839734832,38.16634302,20.387053563,28.266867074,32.1488055412
128,2846,37.993374905,38.175817563,20.1030551516,27.5154363496,30.4769166124
128,2847,38.0219585424,38.1772519529,19.8932816464,27.9805088887,32.2958036568
128,2848,38.0401412051,38.2482215782,20.2136113598,28.4329625659,32.2588349569
128,2849,38.0457064574,38.2618903905,20.1967549814,28.5993415766,31.441618827
128,2850,38.0535067136,38.2637114967,20.2015988351,28.897873168,32.0353447607
128,2851,38.0810711652,38.2673449107,20.2947497612,28.7755747216,30.6123148834
128,2852,38.0976696756,38.2858271706,20.4651184178,28.1780439705,31.5829635015
128,2853,38.1001546181,38.2892278969,20.2253411756,28.4346249566,33.0302466066
128,2854,38.110203835,38.2990081931,20.4049558371,28.7505647557,30.5113486455
128,2855,38.1232942973,38.3112630649,20.1707742655,28.6225219742,31.9331007055
128,2856,38.1438364232,38.3144220849,20.1149521936,28.9404742816,31.6060851095
128,2857,38.1472807146,38.3480646207,20.5497063309,28.9819634274,32.8063316682
128,2858,38.1681954361,38.3611944412,20.336972606,27.7802880455,32.3542411305
128,2859,38.1949210692,38.3613728362,20.2972130485,28.5272141459,31.7126169906
128,2860,38.1993297596,38.4119072629,19.9631161704,28.5078157865,33.1564831203
128,2861,38.2003855161,38.4286610879,19.9616330535,29.2913859317,32.321361508
128,2862,38.2242225822,38.4305179501,20.4082505764,28.6837208053,31.542083872
128,2863,38.2302148819,38.4369010533,20.6414343844,28.8306186327,31.9197059102
128,2864,38.2480926654,38.4708491913,20.6227229903,29.2475754297,32.1418921491
128,2865,38.2602791909,38.565493542,20.4465556341,28.2951588069,31.1300461682
128,2866,38.2792095811,38.5811780057,20.3912874703,27.9226247476,32.5563199331
128,2867,38.3039733725,38.5854321684,20.6445296823,28.0091636607,33.9266695455
128,2868,38.3224805184,38.595506001,20.3633399704,28.3974513618,31.4876912769
128,2869,38.3275226127,38.5960735968,20.5371830116,28.9216679779,34.3897650248
128,2870,38.3383789307,38.6202283903,20.3568140304,28.1297227756,32.1847496982
128,2871,38.3580365557,38.6223043973,20.7327089631,28.8036251775,32.8423926989
128,2872,38.3637021474,38.6244205357,20.3409353341,29.8736245569,30.9709999833
128,2873,38.391224019,38.6661365531,20.4058204348,28.7115779882,32.4808775758
128,2874,38.4146705026,38.7200220295,20.1083643239,29.0681805779,30.4534798653
128,2875,38.4495656277,38.7246868998,20.8260149522,29.0595040965,32.4484034888
128,2876,38.4572304833,38.7261221882,20.6800128334,27.43824545,33.5501171105
128,2877,38.477947517,38.7267071811,21.072307738,29.2284051434,31.8836076998
128,2878,38.4872151076,38.746064149,20.4839993032,28.9117099002,33.1803012109
128,2879,38.4935054474,38.7945620395,20.6218025289,28.6307257212,34.3067313412
128,2880,38.5037238588,38.8031097946,20.6777413548,29.036323471,31.906333128
128,2881,38.5145865948,38.8184912874,20.651843486,29.112856395,32.5951898177
128,2882,38.5221853402,38.8221286665,20.4701819811,29.8156374777,31.0766352353
128,2883,38.537998994,38.8280107911,20.4424642634,28.9161200422,30.8639341348
128,2884,38.5669810369,38.8298863526,20.8397307056,29.2464317773,32.3473522761
128,2885,38.5810053358,38.855184404,20.8381820481,28.4140602246,32.119316267
128,2886,38.5938114885,38.8557471606,20.9888862491,29.1276634337,32.8639298889
128,2887,38.5986207146,38.8720600012,21.044451213,28.8458051428,32.4466949963
128,2888,38.6103337019,38.8787786493,20.5557162195,29.2293580711,32.4244484237
128,2889,38.6225495657,38.9229037533,20.6930772994,29.1244113922,32.9823541162
128,2890,38.6350714359,39.0412140193,20.9556259795,29.1970444159,32.7140414115
128,2891,38.6548134346,39.0412930621,20.7484341451,28.9367096686,34.2225620861
128,2892,38.6748949848,39.046113123,21.2967379732,28.9121373856,33.3342425577
128,2893,38.6807312155,39.0497392105,21.211574397,28.9783002959,33.6518170365
128,2894,38.70700915,39.0666259651,21.3023872833,28.7697776706,31.3724663211
128,2895,38.7103741854,39.0754201872,20.8396581676,29.1568634603,32.9716085861
128,2896,38.7499664661,39.1147882275,21.2643389823,28.8362292963,32.7258450668
128,2897,38.7610596374,39.1263256125,20.9706152297,29.0970934877,32.1325848724
128,2898,38.7847140221,39.1578443787,21.0732668998,29.3736169313,31.578601312
128,2899,38.7875821379,39.1587356411,21.1885118365,29.5882682832,34.5500666583
128,2900,38.7975692313,39.1639681048,21.0516250693,29.0595659755,34.6194565868
128,2901,38.8052084311,39.1645871611,21.3440509458,28.0945663557,31.8282523582
128,2902,38.8186611769,39.1646816924,21.4534595351,29.3473922715,31.8435045155
128,2903,38.8459788416,39.1647077288,20.88861787,28.8440230352,31.2526790828
128,2904,38.8701613979,39.1696717164,21.6145533796,29.3599605213,30.8241589916
128,2905,38.8780633972,39.2063056275,21.3750169866,29.825090963,32.8007117287
128,2906,38.8833470129,39.2065754535,21.3674991482,30.0443220296,32.9022626331
128,2907,38.9003472332,39.2329130815,20.916251659,28.064439895,33.3341088598
128,2908,38.9251178445,39.2345892576,21.7467437932,28.887032343,33.0478530605
128,2909,38.9363667488,39.2569491471,21.8620782778,28.8840624474,32.5510053573
128,2910,38.9611449207,39.2723664988,21.3622992681,29.4240093846,32.7664332863
128,2911,38.9776093091,39.2936446917,21.4805279075,29.7332580104,34.2401091434
128,2912,38.9992718095,39.2940562496,21.1374239623,30.2730160132,33.5743153548
128,2913,39.0059727325,39.318341352,21.4590870148,29.7596003364,31.159104745
128,2914,39.0213081991,39.3332366429,21.2608191358,29.951489529,34.6109432372
128,2915,39.0324148421,39.3332458718,21.4687306133,30.2637198981,32.7014444104
128,2916,39.0501285655,39.3337616178,21.5216606939,30.1801341814,34.9156894478
128,2917,39.051775401,39.3376045763,21.6274684154,29.9561776961,32.0405668619
128,2918,39.0691417833,39.3951997108,21.6881309942,29.5403850466,32.9866614143
128,2919,39.0808450741,39.4071914242,21.4227270659,29.479212575,33.0210192248
128,2920,39.0927811031,39.4574696198,21.5166318322,29.6784868908,32.5518052158
128,2921,39.1103264131,39.5180512413,21.6212468325,30.5191228118,33.932886235
128,2922,39.1396846547,39.5375827961,21.5003506284,30.200397039,33.4253191703
128,2923,39.1436052647,39.5390019179,21.6132926955,29.2915895202,32.5112636099
128,2924,39.15574886,39.5390128732,21.5371394283,30.0689643133,31.2920636227
128,2925,39.1856755305,39.5671021882,21.5682296473,30.4494376431,32.5804858516
128,2926,39.1907710102,39.5672846773,21.6393089586,29.9093962469,32.0194521976
128,2927,39.1996095735,39.5675328519,21.8435422114,30.0252314262,32.8736388247
128,2928,39.2353474893,39.5676307589,21.7604116101,29.0997243576,32.4395689601
128,2929,39.2548029569,39.5712901098,21.7901813624,29.5128474301,32.7640284988
128,2930,39.2639650011,39.5857568363,21.4035769233,30.2015507292,32.5630475886
128,2931,39.2887845096,39.6105489658,22.0299521954,29.4892026843,32.6358917535
128,2932,39.2969043214,39.6146816443,22.1321597379,28.6107365031,33.0784106118
128,2933,39.3163104464,39.6500605797,21.7137744537,30.4549002398,33.2930899332
128,2934,39.3315682702,39.6529340046,21.6603004803,29.79573768,34.2229568413
128,2935,39.3439605512,39.6907825829,22.0708406798,30.030522999,34.3156122022
128,2936,39.3605499673,39.711526686,22.057938967,30.5126873516,32.5305253427
128,2937,39.3721893601,39.7117927563,21.8290231185,29.2235086011,31.5533303208
128,2938,39.3825281351,39.7424673878,22.2021246368,30.6260564953,33.5987299324
128,2939,39.3953295916,39.9025382452,21.9310092359,29.8982010552,34.786370514
128,2940,39.4092536451,39.9200047123,21.9215517543,29.8414500511,32.8974177718
128,2941,39.4380480356,39.9211333347,22.1477655512,30.264489231,35.1293119999
128,2942,39.4444891242,39.9229626886,21.8674898559,30.4101198012,31.8978100194
128,2943,39.4687265499,39.9371886018,21.6457907441,30.5374989471,32.0508456764
128,2944,39.4876259723,39.9386878296,20.9911699146,29.7287689466,34.6301936014
128,2945,39.4920410505,39.9518554565,20.6708806315,28.5058881654,33.4944455367
128,2946,39.4986995593,39.956445933,21.4361573243,30.1646095234,34.6215200292
128,2947,39.506496622,39.9705447999,21.4963498833,29.8865113091,32.0945233176
128,2948,39.5402230388,39.9907389432,20.990817521,29.907403222,34.3364037676
128,2949,39.5450752683,40.0065163262,21.2810888923,29.0617910002,32.3960419924
128,2950,39.550096321,40.0117747837,21.4775114335,29.7337589535,32.7507774358
128,2951,39.5586900048,40.0118100681,20.6679678897,29.8408315935,34.4619393146
128,2952,39.5853550536,40.0159887003,21.2176044345,29.5566226014,33.8447327264
128,2953,39.5962952189,40.0200443652,21.0601959945,29.8051101003,34.5113457931
128,2954,39.612767953,40.0210647472,21.3563097492,30.1907084193,30.5187239748
128,2955,39.6291891031,40.0213499449,21.4560285275,29.8794074697,33.5405833456
128,2956,39.6321312233,40.0229090432,21.3543555785,29.5143126415,32.8156234086
128,2957,39.6596333123,40.0631942317,21.5131706194,30.7093287412,35.5564668459
128,2958,39.6721483893,40.0680122439,21.0989558827,29.034972326,34.4975839125
128,2959,39.6981731098,40.0878172857,21.1795620847,30.4371759353,32.1780552204
128,2960,39.7074479534,40.0908885405,21.3586885124,29.8586017649,33.4214410127
128,2961,39.7230209185,40.0908886555,21.3535140025,30.3043395322,33.0369294511
128,2962,39.7432996881,40.098476557,21.3233124555,30.3305368332,33.7849385944
128,2963,39.7585269989,40.239750688,21.4894570661,29.6224076303,33.2575843986
128,2964,39.7738652489,40.2410479171,21.4803854657,30.2025215648,33.8093492969
128,2965,39.7800366789,40.2520660085,21.4648774057,30.5285780975,32.540374893
128,2966,39.7925093493,40.2549219523,21.2441356312,30.035926507,34.4753201352
128,2967,39.8207202026,40.2756015243,21.7164307482,29.1573666196,35.9521448473
128,2968,39.8513250023,40.2773939031,21.4636961762,29.983866755,31.7329625183
128,2969,39.872107079,40.2992547428,21.9352414606,30.4218216147,33.693537069
128,2970,39.876938547,40.3254771183,21.5911594597,30.1116260335,35.8843693602
128,2971,39.888304429,40.3254797691,21.4829945268,28.8774685704,33.4823218002
128,2972,39.9022955751,40.3259728588,21.9271691776,30.4262420597,32.8816755324
128,2973,39.9158246416,40.3329136445,21.6595065318,28.999056221,34.0231325788
128,2974,39.9398348427,40.3341738134,21.9012706793,29.4195358632,32.384399819
128,2975,39.9561400247,40.3361199953,21.6978417948,29.7345433008,35.1453319218
128,2976,39.9650371615,40.3361708876,21.621262495,29.7534301049,33.8018022119
128,2977,39.9860374875,40.3367332385,22.0795340659,29.453220158,34.5915893167
128,2978,39.9919846652,40.3429602922,21.5401336877,29.8478248584,34.1191856733
128,2979,40.0130948936,40.4182714841,21.2627532134,28.9414111786,32.8708235795
128,2980,40.0350445395,40.4422997054,21.956711918,30.5726616846,35.1252312375
128,2981,40.0393689458,40.4706634894,21.9034123234,30.3366975333,34.7622146032
128,2982,40.0543394507,40.4806302935,21.9629097603,29.1918043658,33.3322748141
128,2983,40.0664075923,40.4835848671,21.9177507956,30.5059219685,33.15655771
128,2984,40.0895520726,40.4967047778,21.7911832392,30.3788673377,33.3052781092
128,2985,40.099229765,40.5176716851,21.8176284579,30.9001944521,30.4102849854
128,2986,40.1170308808,40.5467548312,21.7950968869,30.5443476569,33.3153444351
128,2987,40.127563017,40.5469219045,21.9413919827,29.9666325255,33.9784912349
128,2988,40.1368406641,40.5718300287,21.9072677966,29.2426195512,32.7967850227
128,2989,40.1506018379,40.5744282138,22.1835053971,30.1228027401,35.0426771882
128,2990,40.1806383298,40.5745789762,22.1084780922,31.0008130212,33.1396805128
128,2991,40.1916793337,40.5767705758,21.9726218466,30.3324005951,34.8880859015
128,2992,40.210147003,40.5784576764,22.0421444375,30.148465983,32.3902120035
128,2993,40.2228561374,40.7015617664,21.9323276274,30.8093659748,32.3049597717
128,2994,40.2336979326,40.7084515013,21.8443352633,30.6067596169,33.2505586276
128,2995,40.2562944257,40.7110490395,22.1840230074,30.4931665012,35.0747073716
128,2996,40.2624308433,40.7309007462,22.0889093702,30.9997959613,34.7269440899
128,2997,40.2786204424,40.7485145453,22.0582793743,30.6141906899,35.1393877489
128,2998,40.2937466948,40.7556653063,22.3007910903,30.3642675088,33.6406834516
128,2999,40.3190480792,40.7698124306,22.1910476797,31.4798238023,33.2352604423
128,3000,40.3362729222,40.7710883826,22.3380616394,31.214090003,35.7186156303
128,3001,40.3465493127,40.7713718312,21.9515479257,30.8072316038,33.4171230612
128,3002,40.3573482085,40.7727244808,22.2563753859,30.0863909089,33.9393729591
128,3003,40.3757005989,40.7970348451,22.1462177026,30.4789774572,35.5051193526
128,3004,40.3866859764,40.8396022581,22.3480332358,30.8928970653,33.3285378765
128,3005,40.3908409032,40.8484805603,22.6159477214,30.7598924411,35.0637604086
128,3006,40.4147780478,40.8906578489,22.2034908095,30.8046016073,35.026866485
128,3007,40.4300500983,40.8911591803,22.3822927553,30.6342500289,34.1594172284
128,3008,40.4464561434,40.8984306293,22.5320524668,31.0137072774,35.5240237541
128,3009,40.4571168364,40.898923033,22.3973948853,30.8161534852,33.710160592
128,3010,40.4760886961,40.9005103428,22.3851203563,30.9560770523,34.8114228444
128,3011,40.4883818569,40.9011122711,22.1760045733,31.2796065906,32.4085860461
128,3012,40.5281282238,40.9011125708,22.5591937063,30.5955442772,35.0224878334
128,3013,40.5441987849,40.9244883786,22.5911123504,30.1981841103,35.1032527449
128,3014,40.561232332,40.9432929792,22.5673869829,29.9517530367,33.7827057867
128,3015,40.5749868157,40.9440566843,22.5694012572,31.4482277617,33.9552710732
128,3016,40.6001777735,40.9440698764,22.4055600865,30.8778730934,35.481942052
128,3017,40.6074199106,40.9541270043,22.4499252614,30.436959513,33.3498337482
128,3018,40.6127817006,40.9673298821,22.5495717589,30.6309460397,33.4869534238
128,3019,40.6302853542,40.9798954919,22.204759478,30.8942957993,34.8978708703
128,3020,40.6507178441,40.995448095,22.586418571,30.4957108751,35.0437599376
128,3021,40.6565631398,41.0204614375,22.6098839236,31.4583001439,33.735083293
128,3022,40.6747669944,41.0272804564,22.5574776862,30.2666811184,33.5998938418
128,3023,40.7043894734,41.047031597,22.7895358693,30.8390599252,34.7912020699
128,3024,40.7203967267,41.0540284296,22.5852467475,31.8091781004,34.1046260338
128,3025,40.7358049133,41.0616964137,22.3614031347,31.8431969922,34.8187232973
128,3026,40.7430596133,41.0617842946,22.7723022998,31.1805488483,37.4200752782
128,3027,40.7485036125,41.0629352792,22.8859830504,30.9894887938,34.0995313488
128,3028,40.7636277283,41.0899188217,22.583371861,31.0420287601,36.0614785832
128,3029,40.7845287572,41.1027245854,23.0400105015,31.0400805123,35.6827029959
128,3030,40.8012664925,41.1324440701,22.7380464826,31.4507538314,31.2761122194
128,3031,40.8239223359,41.134009747,22.8001126215,30.4370091011,32.5905818412
128,3032,40.8499479182,41.1340420616,22.6965494191,31.6834170345,35.6778035029
128,3033,40.8555954659,41.1414069881,22.8302316695,31.2342375347,33.513715892
128,3034,40.8616037281,41.1612809635,22.9553872116,31.5971696213,35.1886206609
128,3035,40.8683570306,41.1619998445,22.7112940231,31.3701653537,34.646003059
128,3036,40.884936828,41.1837817513,22.8989980145,31.7619328366,33.60458851
128,3037,40.8972303005,41.2231213658,22.8637522811,31.1122271463,32.4732585112
128,3038,40.9133741089,41.2289069702,23.0523970575,31.7772362956,34.475886518
128,3039,40.9292490366,41.24342918,23.0499415769,30.5795098154,33.2781246091
128,3040,40.9465194229,41.2611320532,22.9610803689,30.4356951646,34.9133227196
128,3041,40.9617749739,41.2614978934,22.7739759208,31.574717041,33.7666561766
128,3042,40.9820404736,41.2683282456,22.8698016639,31.3614044399,35.1962081145
128,3043,40.993626139,41.2685070435,23.2916309897,31.8205720819,34.8177843395
128,3044,41.0062687828,41.2900114342,23.3964031056,31.1781588673,35.4501663845
128,3045,41.0260023998,41.2974916096,23.007952079,31.9635176345,34.4924145068
128,3046,41.0383431149,41.3602133197,23.1338555533,30.8568481165,36.3161725325
128,3047,41.051779401,41.3613367425,23.1877473866,31.3639809629,34.318497166
128,3048,41.0608260897,41.3624242375,22.809765615,31.854186459,35.2020827305
128,3049,41.0910407724,41.3721603896,23.1257100546,32.0040537528,36.0835980452
128,3050,41.1043184783,41.474076922,23.3792134213,31.739734201,33.7501681132
128,3051,41.1179089795,41.4745686983,23.2147328788,30.9421189091,34.6350565153
128,3052,41.1320641335,41.4752221635,23.2596178537,32.6269175598,35.6838966185
128,3053,41.1737473507,41.4878534121,23.2060167302,31.6062049025,34.5854112246
128,3054,41.1812187921,41.5259094083,23.2782369911,31.5417225883,35.2248733344
128,3055,41.1932611858,41.5332182142,23.3887473057,31.9341262773,35.3149031063
128,3056,41.2146433857,41.5618512556,23.2084472731,31.8492175443,34.3795906344
128,3057,41.2355173957,41.5680169739,23.981783324,31.8230624481,34.9571594228
128,3058,41.2382482055,41.5692711021,22.7954578937,31.8072379292,35.2857364246
128,3059,41.2497207628,41.6149472355,23.7790993677,31.0398965421,35.8837471913
128,3060,41.2740088593,41.6149919539,23.3593189708,31.7731801049,34.916738357
128,3061,41.2840763921,41.6615683691,23.7333083031,30.5464909949,35.4661056018
128,3062,41.2930175161,41.6893905466,23.2387009728,32.0476583899,36.0474714277
128,3063,41.3084347789,41.7048971616,23.828999229,32.3594366865,35.8574025532
128,3064,41.3130487996,41.70778908,23.2977029703,31.3188962782,35.0905619608
128,3065,41.3259279424,41.7085411112,23.2375608135,31.1714706134,34.0554931156
128,3066,41.3408016359,41.7201853486,23.3664346808,31.7683666453,33.593201175
128,3067,41.3655314828,41.7369587797,23.5474364639,32.9919412144,35.5111652656
128,3068,41.3801731491,41.7759745527,23.692077589,31.9322576862,35.0530051749
128,3069,41.4065831225,41.8335285783,23.842967221,32.0712732204,37.27391684
128,3070,41.4152656212,41.8498379363,23.690607405,32.0646368331,35.9726554585
128,3071,41.4252040614,41.8854312219,23.5150201477,32.0828409004,34.5823981932
128,3072,41.4325873625,41.8868492625,22.6999274372,30.1469396103,33.9898641039
128,3073,41.4514071451,41.8884762876,22.5964090955,31.658163437,34.7253232802
128,3074,41.4627583385,41.8891914487,22.9380188947,31.8335102135,34.7060089858
128,3075,41.4749022603,41.8939176602,22.6298973443,31.8103560081,34.5201905628
128,3076,41.5043444155,41.8939732978,22.7825786419,31.8966509293,34.3365803245
128,3077,41.5149430108,41.8954085519,22.8562095086,31.0582190794,35.4697921177
128,3078,41.5256503119,41.9006401786,22.9077952044,31.3602731719,34.2800327598
128,3079,41.5479890475,41.9030931598,22.6868452568,30.9767162708,35.2384848498
128,3080,41.5497926553,41.9215181169,22.6890899078,32.4303509235,34.6246184891
128,3081,41.5617326565,41.9376133676,22.7920962791,31.9695247244,34.769814702
128,3082,41.5822723579,41.9395249822,23.092890771,32.0105618949,35.0478829238
128,3083,41.5884292401,41.9397717114,22.8864747991,31.4315387547,36.1634167113
128,3084,41.6123191855,41.961280066,22.7352592892,32.0552851514,34.0904223719
128,3085,41.6314141531,41.9796892531,23.1733375533,31.4529822112,34.5058943866
128,3086,41.6579943389,41.9911735953,23.0890064177,31.1224101304,37.0179778937
128,3087,41.6716639097,41.9992703828,22.9187276666,31.8299277769,36.6255626653
128,3088,41.6873466942,42.0017183362,22.9133033825,31.6292236771,35.5259272807
128,3089,41.6989666076,42.0137213907,22.9776018939,31.4141541168,35.8605888748
128,3090,41.707053778,42.019821978,22.7343226972,32.3348301809,33.8182310781
128,3091,41.7290269251,42.0437784285,22.6534084754,32.3469947499,36.5017454412
128,3092,41.7356789112,42.045830533,23.0311815203,31.1613633786,35.9339800417
128,3093,41.7622495245,42.0490327834,23.1323280281,31.6133639389,36.2945652847
128,3094,41.7747000198,42.0647722024,22.7685729987,32.0742238554,35.231587725
128,3095,41.7997120414,42.0651481958,23.1634401461,31.2416617324,35.0796811221
128,3096,41.8139361977,42.0652044483,22.7477871056,30.8777307473,33.5724896897
128,3097,41.8306665856,42.1029581641,23.1929101002,31.8180339709,35.9136869729
128,3098,41.8523605216,42.1149107362,23.3506413562,31.6437055024,35.4251822961
128,3099,41.8586367397,42.1561720209,23.3439364367,31.7384345544,35.472348121
128,3100,41.885927794,42.1569309501,22.9351307998,31.6695532911,35.785489181
128,3101,41.8969712033,42.2202248166,23.3539337583,32.0628780325,34.7938403147
128,3102,41.9076118789,42.2259664702,23.5500946786,32.4336193288,36.6802558454
128,3103,41.9277099166,42.2265369022,23.1249789976,31.8819294325,35.1675358867
128,3104,41.9517497221,42.2268315482,22.782294842,31.8743081842,37.1934664509
128,3105,41.9604312155,42.22752748,23.3094837797,32.1677941571,35.0796580007
128,3106,41.9645165438,42.2549053465,23.0748297187,32.4034849562,36.9813191356
128,3107,41.981017805,42.2580871275,23.3427914309,31.5698858835,35.1866120459
128,3108,42.000786863,42.2998752966,23.2198767787,32.4298404814,34.0686057897
128,3109,42.0050481219,42.3011612631,23.1392973311,32.8288551335,34.907549254
128,3110,42.0463101893,42.3135127221,23.1832015076,32.2226929303,35.860431467
128,3111,42.0513662091,42.3147378531,23.8072291776,32.4562169726,33.7682389783
128,3112,42.0654814272,42.321732713,23.4039737861,32.0539165522,33.6111963798
128,3113,42.0779793068,42.325502997,23.7294333277,32.1792946847,35.0117772779
128,3114,42.1082271749,42.3264065921,23.2232439054,32.0856456665,35.2235053206
128,3115,42.1109167089,42.3272786187,23.1304203821,32.0072866836,38.1981843083
128,3116,42.1238382647,42.3283947409,23.6642107533,32.2765163454,35.9996405638
128,3117,42.1315553453,42.3285767068,23.4759265445,31.4703899232,35.64309499
128,3118,42.1578242493,42.3433637611,23.5498433767,32.4771766738,36.6903026046
128,3119,42.1681923585,42.3514407254,23.6721276471,31.4601516099,36.3999311047
128,3120,42.1932336689,42.3727482198,23.8201261627,31.8564696237,34.8616886868
128,3121,42.2026510742,42.3969748284,23.9458286585,33.1371756469,36.5617448764
128,3122,42.2155922649,42.3993598225,23.6699600788,33.1032754675,36.0992823738
128,3123,42.2408131915,42.4246211879,23.899127517,32.6721333659,31.1960479703
128,3124,42.2477241338,42.4248913575,23.6953924734,32.1186203972,35.5627004472
128,3125,42.2648467639,42.4807283453,23.8161235412,32.3056839231,35.2876899001
128,3126,42.2688750321,42.4948521493,23.6991102813,33.1925395961,34.9635875836
128,3127,42.2931487364,42.5019409035,24.0104313237,32.2746316587,36.2139657612
128,3128,42.3041487712,42.5041889257,23.7085653297,32.6444077321,36.6339165384
128,3129,42.3183709063,42.5299053903,23.9032009837,32.460609071,33.4429361238
128,3130,42.3348711405,42.5582976493,24.0090700721,32.7083036556,37.1341259689
128,3131,42.3557938175,42.5796804362,24.1485549697,32.4560883924,36.3322757318
128,3132,42.3673484788,42.5836769689,23.6934592154,31.3674375139,36.0378979378
128,3133,42.3813881764,42.6644450069,24.353043224,32.7374543259,34.5390249918
128,3134,42.4006827292,42.6648854764,23.9131981984,32.2765112733,37.5869576024
128,3135,42.4141540179,42.6718612702,24.3942646143,32.8603619911,36.5875266849
128,3136,42.434376849,42.6919525225,23.7586424998,33.0013150775,35.2954976794
128,3137,42.4607328418,42.6982294834,24.0879896637,32.4306015564,33.8425490536
128,3138,42.4694467288,42.6990987263,24.1900754532,32.3054723742,36.2458922626
128,3139,42.4793780221,42.7011198154,24.0449592021,33.0459027261,35.1263927914
128,3140,42.4938713279,42.7012153172,23.8751747591,32.7660954235,36.5855733255
128,3141,42.5090321181,42.7060383799,24.0060135978,33.1887176636,38.8393430041
128,3142,42.5289589935,42.731557258,24.0340226811,32.9329339174,35.3475481362
128,3143,42.5393771995,42.7787947471,24.1901353798,32.7195735605,34.5129097363
128,3144,42.546609524,42.7789279137,23.7811291666,32.8085889355,34.9245782973
128,3145,42.5805804552,42.8030313051,24.2948549138,32.5249301796,37.9194118735
128,3146,42.5937554404,42.8094863546,24.2650597006,32.9262167527,36.1604999804
128,3147,42.6108784915,42.8140408266,24.5427908024,32.7703466445,37.4029247892
128,3148,42.6207674975,42.8231191461,24.2767921227,32.8528262356,36.2935995466
128,3149,42.6467604603,42.8397401365,24.0683415536,32.9747880769,35.465053171
128,3150,42.6618464797,42.8729167463,24.3628631509,33.4251701533,37.7326607677
128,3151,42.6807215125,42.8734246545,24.4340894922,33.497064695,34.7036982187
128,3152,42.6870889254,42.932577977,24.051982605,32.5936079654,37.2179323717
128,3153,42.7121454505,42.9463706561,24.5820892567,33.3651809212,33.2644521981
128,3154,42.7235924939,42.946420203,24.1282198672,31.8095427878,36.2902344222
128,3155,42.7549923661,42.9507130892,24.4563297478,32.517713845,36.7565317009
128,3156,42.768919239,43.0020147626,24.4774771299,33.598685269,35.8587698451
128,3157,42.7753230579,43.0164295286,24.5739253284,32.7606980784,35.4671937582
128,3158,42.7931625475,43.0169090166,24.2371666579,32.3708951365,36.0524902728
128,3159,42.8321555495,43.0382938697,24.2499370712,32.7741207682,36.1122299095
128,3160,42.837067227,43.0404246848,24.3075390674,33.3746074453,35.4607613882
128,3161,42.8552960792,43.0567704959,24.8311415043,32.4423847126,35.6674497527
128,3162,42.8634980726,43.0581446089,24.5852568625,32.7401048913,37.8633713841
128,3163,42.8742224044,43.0673420154,24.8997417788,32.4721358642,36.0580353851
128,3164,42.8920258182,43.0691611222,24.5679445453,32.0895173904,35.2167733583
128,3165,42.9115139935,43.0716775885,24.6556356313,33.463509021,34.9172003035
128,3166,42.9244690759,43.0984173419,24.6165051035,32.81258104,34.8232197546
128,3167,42.932289677,43.1705173567,24.3500747736,33.6199640702,36.5168962556
128,3168,42.9447161577,43.1827868282,24.7135421362,33.3164144198,35.2399960761
128,3169,42.9728826817,43.183877102,24.7112878717,32.8564682905,35.6473785506
128,3170,43.0066421628,43.1850997439,25.0670949639,32.110550481,38.2528890843
128,3171,43.0129406148,43.2010927894,24.3303216474,32.5590860063,37.7996345882
128,3172,43.0273127331,43.2077947595,24.5846676253,33.2176476127,35.320233427
128,3173,43.0508893015,43.2239560951,24.6507065901,32.4578266163,35.0097330483
128,3174,43.0533877021,43.2327491541,24.8765216915,33.4330651995,37.3428838767
128,3175,43.0736905591,43.2359857491,24.7133976857,33.1218902368,36.5281592081
128,3176,43.0814086134,43.2387292437,24.8662096767,33.1418703936,37.728276855
128,3177,43.0954819185,43.2470132092,25.038428531,33.1342746579,35.5742487128
128,3178,43.0997708554,43.2542517957,24.8541102069,33.5896955508,35.2962721325
128,3179,43.1171271975,43.2633483382,24.6944625803,33.6042778199,37.8963620864
128,3180,43.1217420215,43.2779187863,24.8399902254,34.1149420605,37.5516212369
128,3181,43.1300015746,43.2831917973,24.7369311402,32.8231311822,38.243584011
128,3182,43.1680474273,43.2851254841,25.146765385,33.4663414961,36.5713621092
128,3183,43.1797187324,43.2947335368,24.8435868337,33.8562190487,37.9107333356
128,3184,43.1878949806,43.2960924051,24.8508471255,32.9277445911,36.9838634845
128,3185,43.2122814592,43.3070203022,25.310359943,33.2425105489,36.8031794158
128,3186,43.2182180132,43.3073722337,25.2360506211,33.9307425032,37.8924876856
128,3187,43.2488776178,43.3633636803,25.171533346,33.0413922939,35.6056296005
128,3188,43.2599810963,43.3719918735,25.3038464226,33.5530269934,36.1515390404
128,3189,43.2711948261,43.414292257,25.3329128927,34.0557412953,36.4089488531
128,3190,43.2928938497,43.4655071088,25.4250914883,33.8320725317,36.6659615202
128,3191,43.2985393994,43.4655106244,25.5723972494,34.4087872382,35.3219627529
128,3192,43.3203235136,43.4909113579,24.8447483462,33.1227613505,37.5070405942
128,3193,43.3367883225,43.5267366902,25.192699481,32.6988008706,37.0783966323
128,3194,43.3530992377,43.5293320528,25.3186684164,32.8728170619,38.8204256206
128,3195,43.3584643819,43.5405560366,25.741880158,32.5834273796,35.368972402
128,3196,43.3870048978,43.5654588174,25.4693826456,32.8820383682,35.9350870695
128,3197,43.4053157981,43.5687086344,25.4705685143,32.4399500171,35.1717520305
128,3198,43.4141524116,43.5690659807,25.5004062433,33.9845628043,38.1113753719
128,3199,43.4254899565,43.5976834702,25.2839634888,33.1972895018,35.5818450283
128,3200,43.4409603562,43.6264331509,24.529626292,31.8482665578,36.9197272643
128,3201,43.463238472,43.6265784759,24.5962414733,33.6906960189,38.2095400993
128,3202,43.4726032797,43.6956783836,24.5673540186,33.6390587314,37.7882060861
128,3203,43.4777186547,43.7243673194,24.3584181397,32.6595960162,37.24050776
128,3204,43.5186172775,43.7356927248,24.3711366811,33.3654484924,37.1200803137
128,3205,43.538417059,43.7362822604,24.3101813163,33.0833049202,38.2967516373
128,3206,43.5622526777,43.8162124134,24.784893808,34.2328681048,36.9775807702
128,3207,43.5722978513,43.8490699261,24.3503923347,33.6859605367,38.3267756936
128,3208,43.579591211,43.8705527201,24.5336976037,34.0061458158,36.7711049736
128,3209,43.5866475523,43.8893414288,24.417337989,32.7657000061,37.7957813153
128,3210,43.6152661523,43.8895648683,24.9157991647,33.556922181,37.3149031953
128,3211,43.6385419365,43.914720644,24.3638030535,33.223908554,36.1442304973
128,3212,43.6498575862,43.9177490269,24.4139707738,34.2332781833,35.5301828781
128,3213,43.6569523463,43.9223952886,24.4264591118,34.0875932943,36.4163052956
128,3214,43.6794610728,43.9225261873,24.6058532768,33.2468964374,36.6512587026
128,3215,43.6890600401,43.922542406,24.7308753826,33.6145429042,36.2244000419
128,3216,43.6946021698,43.9447695015,24.8533437477,32.5413677205,34.4454633505
128,3217,43.7060694865,43.9865856898,24.7004906184,33.7326010153,36.2992770462
128,3218,43.7261556339,44.0135121807,24.7887373901,33.8076441928,36.0933241305
128,3219,43.7442575855,44.055264421,24.8748975955,32.8671209036,36.194854011
128,3220,43.7604228659,44.0604469818,25.014815143,33.226097358,37.6405819344
128,3221,43.7743092679,44.0668605166,24.9221108255,33.4236829155,36.4223459349
128,3222,43.7928359054,44.0759479819,24.7119334064,33.6827722246,37.8924641963
128,3223,43.7973331315,44.0857156497,24.9359680176,34.2077437723,36.9915524206
128,3224,43.8245286934,44.092393007,24.8320318418,33.8114393086,37.0511332299
128,3225,43.8370154505,44.0933246594,25.1080806844,33.537009041,36.4612606058
128,3226,43.8495086729,44.0971154551,25.0371077495,33.379780213,36.038712869
128,3227,43.8575835635,44.1528574009,24.852656201,33.357385099,38.4956807021
128,3228,43.8862380111,44.1620224544,25.2402188058,33.497244142,37.075686915
128,3229,43.9002556393,44.1620319781,25.0979193116,32.2790349975,38.7834006988
128,3230,43.9237399793,44.1652253507,24.9523002384,32.562705797,36.7256268898
128,3231,43.9357131938,44.167080223,24.9093131045,34.2149973952,37.4715201331
128,3232,43.9472222791,44.1681703759,25.0590064953,34.4743403886,37.132039458
128,3233,43.9833956519,44.2129073876,25.0840513292,34.0935286353,34.7195849987
128,3234,43.9949056532,44.2256628623,25.5576727041,34.4370863425,35.808040382
128,3235,44.0091822739,44.2705277806,25.1451627337,33.51051625,37.5263402669
128,3236,44.0224122314,44.2818953714,25.1638365182,33.7189887444,37.8335887517
128,3237,44.0424370794,44.3174830917,25.2928555352,33.9311527059,38.928916413
128,3238,44.0574726556,44.3315277305,25.2185597689,34.4325153861,38.8035448478
128,3239,44.0670017452,44.3319020985,25.2525458773,33.9113920092,36.3085148465
128,3240,44.080318928,44.359976635,25.185870511,34.5047921272,37.1743818776
128,3241,44.0861600575,44.3684713781,25.2871851908,34.2195552294,36.0513826124
128,3242,44.1057960723,44.3864170951,25.2494292216,34.4521182098,37.1522546779
128,3243,44.1159875417,44.3899085712,25.2517679669,34.3222179329,38.7633370692
128,3244,44.135813636,44.4718923902,25.6516482047,33.493752948,36.7468713932
128,3245,44.152679866,44.4844188351,25.4438566244,34.5303232536,38.1942582219
128,3246,44.1665559827,44.4858563301,25.4944522165,33.9362902427,38.1665997641
128,3247,44.1884612551,44.485908454,25.5578825221,33.5944224626,38.5463690697
128,3248,44.1993479568,44.4960765621,25.6311749837,34.4842423317,39.2302807404
128,3249,44.2107454718,44.4975499711,25.5950094622,34.3823495316,37.3225093759
128,3250,44.2210785596,44.5229371118,25.4603799063,34.0108585302,36.8066857605
128,3251,44.2359825356,44.5238534945,25.4959178529,34.1927116416,38.4892175845
128,3252,44.2617696138,44.5314132842,25.6815020267,34.6611600013,37.5576538895
128,3253,44.2690161983,44.5328003324,25.1733163756,34.3594572771,38.4397552642
128,3254,44.2799437822,44.5343699382,25.5586980352,34.5609133719,38.9182155273
128,3255,44.3124642982,44.5344174522,25.3995614557,34.5493804835,36.9128567708
128,3256,44.3221731564,44.536410119,25.5269158596,33.6587809427,38.3200928261
128,3257,44.3398342748,44.5366179799,25.794259285,34.4446016077,37.3903412099
128,3258,44.3661145407,44.5551561966,25.2121543472,34.9771355454,37.8434821474
128,3259,44.375431236,44.5551882023,25.707826101,34.952140273,35.7878436044
128,3260,44.3913332669,44.56462737,25.8197778411,35.1089010418,39.2055836571
128,3261,44.39911115,44.5656318067,25.8419702846,34.7934585917,37.9450870814
128,3262,44.4254645747,44.5712181638,25.8689975637,34.1295247036,37.2579509255
128,3263,44.4415778984,44.5848270349,25.6971071657,35.2328571071,38.0938659192
128,3264,44.4692225178,44.5867268617,25.1682921097,34.5198815203,37.4198503469
128,3265,44.4813022604,44.5868305852,25.8617747465,35.016706613,36.3644934593
128,3266,44.489826825,44.6038306809,25.6598742378,34.5924336683,38.7634124939
128,3267,44.5097593427,44.6050261931,25.7386441999,34.7268288258,38.6088129764
128,3268,44.5209678775,44.6219147526,25.0479525647,35.0013796248,37.040070474
128,3269,44.5332511571,44.6241998843,26.0469266788,34.2152512338,37.4489415598
128,3270,44.5437489851,44.6478923354,26.0673581897,35.0644426311,38.5537676458
128,3271,44.5629003548,44.658882427,25.5601906424,35.1040741488,35.4752950157
128,3272,44.5760557442,44.6670970287,26.2326317549,34.5979206027,37.7272706081
128,3273,44.5841242619,44.6680502275,26.1725107608,34.6015092848,37.6438946793
128,3274,44.5968624368,44.6698702607,25.9938961617,34.6613892083,39.3976794472
128,3275,44.6252008746,44.6723452227,25.937492209,35.4072790688,37.3730045874
128,3276,44.6485634722,44.6723502549,25.9907746209,34.0979772577,39.4554954416
128,3277,44.6595463789,44.6950021119,26.2692059054,34.0549723648,35.9536853711
128,3278,44.6702594595,44.7006624984,25.8655004195,35.2268917758,38.0215192813
128,3279,44.6834541754,44.7012805923,26.1652437732,34.8081706129,38.4516012912
128,3280,44.6857879617,44.7031038945,26.498055753,34.8996652216,39.0008728362
128,3281,44.7132778601,44.7128032905,25.6459019203,35.0814089796,39.3843895572
128,3282,44.7161380071,44.712809833,26.3556618812,35.8912500021,39.6997689541
128,3283,44.7515382074,44.7142474926,26.214371924,34.7994701316,39.3828100601
128,3284,44.7719412761,44.721986687,25.8461090768,34.6396768905,39.0719685972
128,3285,44.794774086,44.7387391841,26.0833537241,35.330661938,37.6338488772
128,3286,44.8098788929,44.7396692686,26.0653570804,35.3343702908,39.8801022649
128,3287,44.82226941,44.7901424531,26.3046243554,34.8261350485,38.8051512086
128,3288,44.8529749073,44.7911473159,26.2955226255,35.8323073035,37.5714656336
128,3289,44.858630095,44.7914383916,26.1702706271,35.2280604618,39.316755995
128,3290,44.877705548,44.7976172872,26.1717600094,34.2685311,38.7444819295
128,3291,44.88327767,44.8201879269,26.1960400624,36.1489686649,40.2219577563
128,3292,44.8883708717,44.8458160402,26.1937346129,35.5125779506,38.4466735801
128,3293,44.9239171721,44.8465021141,26.2531440895,35.0346810883,37.9943705203
128,3294,44.9346235003,44.8506371789,26.5899444421,34.5260923303,39.0615210841
128,3295,44.9452992803,44.8973250391,26.5354445968,35.4116502117,38.0930923952
128,3296,44.9570299634,44.9133051066,26.0151266956,35.0649822816,39.3813083877
128,3297,44.9649211512,44.9218656338,26.7191308866,34.7413347104,35.6882205826
128,3298,44.9897623805,44.9295085438,25.8892237079,35.5356251944,38.8186458839
128,3299,44.9989070361,44.9391411793,26.4598598461,34.5246519827,38.9875472387
128,3300,45.0216313113,44.9414255595,26.4944199372,35.4811273392,38.2529425302
128,3301,45.0243799181,45.0490234062,26.5886879857,34.9757165456,37.597273158
128,3302,45.0438578838,45.0504298627,26.6387115127,35.1714236376,38.7222423633
128,3303,45.0698709892,45.0570208178,26.7485181219,35.028806097,36.6819143958
128,3304,45.0839696713,45.0691557724,26.9609415982,35.4416981885,37.6807449048
128,3305,45.1113492287,45.0785484059,26.352117555,34.8565961741,39.2068263979
128,3306,45.1222448381,45.0916611256,26.3645881358,33.7146210236,37.5184420982
128,3307,45.1322572496,45.0917301656,26.755454871,35.4290670193,38.4612750018
128,3308,45.1608010634,45.0918354525,26.6966233276,35.1552441027,38.4225519127
128,3309,45.1621701522,45.0978616493,26.4872077619,35.0736923296,38.163290963
128,3310,45.1814311816,45.1069141114,27.0667968776,35.173418718,38.549265059
128,3311,45.1940587247,45.1453882104,26.9954482026,36.3562319328,39.1108123229
128,3312,45.2028046478,45.1576151969,26.5736271628,35.2831228452,39.2749300423
128,3313,45.2176906181,45.1772967897,27.059614846,35.8794922982,40.9397188601
128,3314,45.2353657932,45.2172560143,26.6602130969,35.1436411809,38.7518083616
128,3315,45.2453108524,45.227370177,27.0847247622,35.5318380542,38.4755775898
128,3316,45.2537859294,45.2616797714,26.6717920359,34.7890603206,40.2486751232
128,3317,45.2890924538,45.308712754,26.5799634845,34.5220602452,39.7463563025
128,3318,45.2941228979,45.3124036688,26.8576014545,35.7691941888,38.3641596134
128,3319,45.3128071228,45.3770647294,26.8586554033,35.1818657687,38.1443315628
128,3320,45.3170542264,45.4215700865,27.2213350572,35.5303395427,38.2931724394
128,3321,45.3426130586,45.4349126914,26.8896012182,34.0959435739,37.7269218119
128,3322,45.3843548019,45.4947533004,27.0783922188,35.6252381328,37.8189897488
128,3323,45.3867068473,45.5912439932,27.1536956396,36.2903964585,38.6547088704
128,3324,45.4089515501,45.6010928223,27.450404551,34.1418960488,40.0970537089
128,3325,45.4315838091,45.6051350015,27.3887389291,35.7349935193,39.4242888628
128,3326,45.4492292401,45.6054018309,26.9573045185,35.9341362276,37.980746218
128,3327,45.4567719202,45.6149774343,26.6467195276,34.8199904925,38.412393989
128,3328,45.4738641543,45.6277516638,26.1062039366,34.834725308,38.9673725627
128,3329,45.4836220783,45.6284025295,25.7206763587,34.9359435467,36.8494054413
128,3330,45.4937296761,45.6310998619,26.4938909532,35.0529328688,38.0714308684
128,3331,45.5207504876,45.6344757834,26.2911196757,35.3405765882,39.5422859495
128,3332,45.5319894696,45.6434569061,26.0380935347,34.8609448211,36.8007925493
128,3333,45.5404060506,45.6439254445,26.3067072589,35.0286404357,37.9906449865
128,3334,45.5491441713,45.6441704024,26.0978825204,35.2398328012,38.9734521068
128,3335,45.5844400283,45.6442306673,25.9682125411,35.6212737948,39.2526467642
128,3336,45.5896417927,45.6458977985,26.3301456578,35.0961425671,38.0889518547
128,3337,45.616093108,45.6459815883,26.3201562488,34.324968469,38.9530039452
128,3338,45.617551774,45.6783763395,26.6151619507,34.7308950378,38.2159393303
128,3339,45.6568011936,45.6812876976,26.9013811304,34.9997258885,36.7336679657
128,3340,45.6635773824,45.7630551417,26.3359956844,35.0599306246,38.4561170066
128,3341,45.6781234409,45.7795005699,26.3710961393,35.5626885524,38.5619228405
128,3342,45.6987521483,45.7805490118,26.6325909142,34.3646217907,40.1193801942
128,3343,45.703162633,45.7806194769,26.4913048636,35.4827811016,39.6702179992
128,3344,45.7259337052,45.7806668089,26.6653166285,35.8473651166,38.6354488924
128,3345,45.7378542904,45.8387274008,26.6515588269,35.4883420425,40.5801724153
128,3346,45.770070424,45.8407242939,26.2391800509,36.7891724324,38.8763511889
128,3347,45.7850892657,45.841939286,26.8947735686,34.9875291383,39.0063467164
128,3348,45.7978896354,45.8651862159,26.9844922039,35.6329709193,39.0042707514
128,3349,45.8184511208,45.8694978375,26.2279952081,35.4130763135,37.5461187045
128,3350,45.8328931684,45.870635156,26.4351208593,35.0000104006,37.852490367
128,3351,45.8349494667,45.8770757711,26.9056453799,35.6675967192,38.9098431293
128,3352,45.8493210652,45.9124178471,26.689765919,35.0763038677,39.4876911464
128,3353,45.8686262627,45.9707108062,26.3101548,35.1853611982,38.8307263369
128,3354,45.8941959677,45.9733052907,26.6648474605,35.8593939371,39.2617714123
128,3355,45.9011435848,45.9762209845,26.540065151,35.8439074092,39.1979481449
128,3356,45.9191899796,45.9778100274,26.7584935146,35.6999863462,39.2432838716
128,3357,45.93057867,46.0249294231,26.9105927891,36.1051102806,39.930261404
128,3358,45.9400455108,46.051233572,26.730996172,35.3255379798,38.1543095839
128,3359,45.9560827716,46.0642531255,26.7151913537,36.4419823008,39.963805635
128,3360,45.9789856999,46.0649126617,26.9597659012,35.0906215616,38.9000707734
128,3361,46.0025548079,46.0983556969,26.6477420816,36.542719493,38.9518170675
128,3362,46.0145863854,46.0983629058,27.0461637419,35.2707132896,39.8302424339
128,3363,46.0237516151,46.0989722839,26.6639148363,35.7540401138,38.3475742467
128,3364,46.0342776309,46.0990787195,27.1547866177,36.340761897,38.9913612332
128,3365,46.0547934111,46.099687063,26.8659555062,35.8596909622,37.9310191065
128,3366,46.0672291652,46.1084779479,26.5644107013,36.0493554637,40.1297415784
128,3367,46.0877896169,46.1218545134,27.0961647837,35.4604070596,37.3055967231
128,3368,46.0959639104,46.1348297779,27.1334446747,36.8738945484,38.1527335557
128,3369,46.1119348561,46.13658969,27.5348687594,36.2371717434,38.9431633893
128,3370,46.1365444508,46.1368503128,27.276268549,35.4408637136,36.9868069405
128,3371,46.1404935643,46.1406377452,27.4587415943,36.02545044,40.0975388665
128,3372,46.1541489319,46.1406404421,27.3054375922,36.0959540786,38.5653893549
128,3373,46.1643830455,46.1621197326,26.9024843753,36.3421466141,39.6905990557
128,3374,46.1836656207,46.1926678309,27.120209889,34.9622951167,39.2552137919
128,3375,46.1997486628,46.1944362401,26.9860450051,34.784091197,37.9634799992
128,3376,46.2050031805,46.2207392482,26.8828859491,34.9658090926,36.1470878875
128,3377,46.220929045,46.2493889921,27.3944911931,36.1397370676,40.2784642506
128,3378,46.2289360845,46.2537058793,27.0222579462,36.2800734224,40.5859583322
128,3379,46.2519323668,46.2933558772,27.1217786731,35.9966284307,38.7402577043
128,3380,46.2752787884,46.3102496708,27.1338037417,35.9636921539,38.53982787
128,3381,46.2876052131,46.3416209078,27.1906675676,36.2238682606,38.3454345786
128,3382,46.3038844971,46.3430312017,27.4400781812,35.0264803977,38.9377551906
128,3383,46.3185012946,46.348319204,27.3473071923,35.6317197532,40.4275902224
128,3384,46.3334568522,46.3806668258,27.1856242334,36.0331879087,38.2422112512
128,3385,46.3410958064,46.3807222786,27.1599194981,36.6694390171,37.4846826734
128,3386,46.3488397695,46.3853784227,27.6145341563,36.2419575341,40.696413296
128,3387,46.3646245227,46.402537914,27.5925959001,37.2706602386,40.0321286922
128,3388,46.3720687832,46.4196103754,27.3275080499,36.2637234125,38.0099008684
128,3389,46.384141988,46.4969174332,27.6558358231,37.177135369,40.4119629599
128,3390,46.4109800524,46.5034768577,27.7704778002,36.9129742829,40.0641667632
128,3391,46.4216617842,46.512921282,27.805061988,35.9181869951,38.0410925944
128,3392,46.4433508706,46.5718690832,27.6959336125,36.9853866191,40.3427788318
128,3393,46.4613215346,46.6425366185,27.2827036743,35.9181729628,39.5890845821
128,3394,46.487040938,46.6491886278,27.0378868563,36.9381070588,40.319012109
128,3395,46.5087583271,46.6670908352,27.5582332282,37.0429847387,40.385449391
128,3396,46.524752697,46.673292729,27.6845734542,36.1419097562,40.4968540986
128,3397,46.5334036943,46.6737731661,27.5974649493,35.8335943361,40.5985822521
128,3398,46.5526500826,46.7360172661,27.824191597,36.2464699158,40.82952809
128,3399,46.562418487,46.7360998642,27.2583579505,36.2014830698,39.8074394802
128,3400,46.5731689033,46.7364209059,27.8404575721,37.0885055243,41.2133829402
128,3401,46.5993993238,46.7446032068,27.716019749,36.414969951,40.3105122541
128,3402,46.6145044987,46.7466175049,27.5979351177,36.5614609504,38.2723966008
128,3403,46.6306058859,46.746623814,27.7698191298,36.6567233469,39.0630131917
128,3404,46.6457625055,46.7469912888,27.8520715601,36.0232229394,40.3432293117
128,3405,46.652603148,46.7487894487,27.5934317086,36.444330292,39.1572657868
128,3406,46.6670684035,46.7566160149,27.7881299409,35.205001268,41.4690039493
128,3407,46.6707670743,46.7566543818,28.0161246947,36.1962956541,39.8480633195
128,3408,46.6975562843,46.7609446707,27.3798193072,37.1866564789,40.3713418638
128,3409,46.701039805,46.8026892186,27.7123921987,36.336290146,41.1307395994
128,3410,46.7187987144,46.8107789077,27.8280331357,37.0844105397,39.7130781232
128,3411,46.7446329286,46.8178680159,27.9823302578,35.0915766333,38.6313596824
128,3412,46.7605187303,46.8202188489,28.0788774898,36.3175091004,39.1038028444
128,3413,46.7613824612,46.823431975,28.0812272095,36.0229770564,42.3672482503
128,3414,46.7770371692,46.824884288,28.0341317489,36.8954396655,35.799036134
128,3415,46.7923571509,46.8249624465,27.9524703698,37.1483133545,41.3575482409
128,3416,46.8089431501,46.8345630883,27.9103974038,36.3245430996,39.7038474402
128,3417,46.8140009271,46.851943998,28.1467988405,37.059650388,41.5383095622
128,3418,46.8276627744,46.8553528533,28.2443977815,36.2999984107,39.8447549341
128,3419,46.8468159954,46.8634879481,28.0299347874,35.1636545064,40.8118868954
128,3420,46.8707056761,46.8756638812,27.9051906816,36.8215769306,39.5447757435
128,3421,46.8977334375,46.8765969977,27.982782626,37.1510466497,40.4066861805
128,3422,46.9130989503,46.8769924175,28.2021934138,37.3512624741,40.2700803513
128,3423,46.9278994295,46.8772470297,27.8415190918,36.6103861862,40.4768862011
128,3424,46.9428224565,46.8777455026,28.7822586403,36.9451805934,39.2307789877
128,3425,46.9672757867,46.8860695394,27.8189405862,37.2630584672,41.4182879671
128,3426,46.9832660451,46.8996551145,27.7119064202,37.5828980227,39.4081712423
128,3427,46.9977517571,46.9723948765,28.5359303801,37.497785954,41.4718844171
128,3428,47.0143795604,46.9857564735,28.4479807598,35.8429202756,42.2475412097
128,3429,47.0183209477,46.9879960946,28.6120050325,36.9970760823,38.8792964334
128,3430,47.0369298914,47.0049149113,28.1549046037,36.6966925539,38.3152288805
128,3431,47.045729852,47.0223242286,28.6078517639,37.3826972383,40.3398496287
128,3432,47.0749562957,47.0390646481,28.1330253359,36.6660159513,40.1550224121
128,3433,47.0776735097,47.0390650797,28.1609479138,37.0194501429,40.9183887319
128,3434,47.0834479333,47.0464105137,28.7649217449,36.0256304806,39.7559014035
128,3435,47.1195139998,47.0544837583,28.3015753018,37.2748933475,37.9813780332
128,3436,47.1386207034,47.0585690035,28.4134386882,36.4650436195,40.6158825244
128,3437,47.1441860648,47.0790244068,28.5042342928,36.9232082732,40.9598306103
128,3438,47.184208751,47.0794455966,28.5161262107,37.5660035609,41.920476174
128,3439,47.194332309,47.0806129522,28.8352230469,36.9563346233,41.9630514094
128,3440,47.2063210087,47.1447149734,28.1345462101,37.2389866025,39.3872898404
128,3441,47.250448851,47.1788221295,29.0419003511,37.3862275528,41.2406277277
128,3442,47.2584815295,47.1788403489,28.5468214754,36.4494523993,39.9651789747
128,3443,47.2733048914,47.1824504277,28.2878410958,37.9051688997,41.3132430618
128,3444,47.2902925903,47.1839796047,28.6388943907,38.0241066876,40.9243609697
128,3445,47.299883848,47.1881001485,28.5068865869,35.950950014,38.0501631151
128,3446,47.3236395923,47.2011677647,28.7234061429,36.6748375166,40.7316423326
128,3447,47.3378495169,47.2591647408,28.0513724803,38.0378956175,39.2871839643
128,3448,47.3510842418,47.3142656625,28.6433187435,36.7792558656,40.5277766021
128,3449,47.3643460235,47.3168536058,29.0216000182,36.8614831805,40.5785957639
128,3450,47.3720088246,47.3446243515,28.9018012339,37.3714879886,42.0862260634
128,3451,47.3947254423,47.3596745531,28.9289357286,37.0891570359,39.6512696149
128,3452,47.4050945826,47.3713689766,28.8493689861,36.2691307679,40.8381138386
128,3453,47.4215182658,47.4079380883,28.5219557418,37.9684808913,40.2904817578
128,3454,47.4346874888,47.4079381537,28.9894854379,36.7081231329,39.4029555074
128,3455,47.4566195955,47.4079488832,28.961752528,38.0561491119,41.155468431
128,3456,47.4653883128,47.410497762,28.3629494937,37.0604190291,41.0582901051
128,3457,47.48039214,47.4141361385,27.9289449454,36.7642172232,40.077091537
128,3458,47.4858904029,47.4390248249,27.7639966692,37.3482982049,40.7189946659
128,3459,47.5035493125,47.4674392521,28.1406403179,36.0755816779,40.0865536401
128,3460,47.5138729484,47.4762712656,28.4058186639,37.2274764896,40.2784156139
128,3461,47.5393228549,47.516448977,28.2486538782,37.3078260469,40.1178797106
128,3462,47.5450582689,47.5353530525,28.6435987452,37.7331745125,38.1825767977
128,3463,47.5562819055,47.5409827015,28.2395915727,38.1490415078,39.4142035908
128,3464,47.5864031697,47.6169911437,28.2608000717,37.2605884392,42.7012554488
128,3465,47.5948522308,47.6446900502,27.916712402,37.2928333479,41.397270629
128,3466,47.6105176475,47.6486232337,28.1192094332,37.3564080934,39.1960963756
128,3467,47.6172262125,47.6522790585,28.3486704483,36.6455350356,40.1175186449
128,3468,47.6458260211,47.6950143491,28.1096748995,37.2846825734,42.2146907338
128,3469,47.6658798145,47.7589423686,28.342549126,37.4990093513,40.8469298197
128,3470,47.676853768,47.7589692329,28.0700864264,36.3235431077,40.1117427888
128,3471,47.6978319978,47.7594657655,28.3374669391,37.7473128086,39.3903492472
128,3472,47.709267798,47.7683294262,28.4620691962,37.2019274528,40.6760617817
128,3473,47.7205851911,47.7782031571,28.5212463836,37.825640417,41.0731499518
128,3474,47.7323796164,47.7857063189,28.5319523158,37.8107797901,41.0958963247
128,3475,47.7330154854,47.7976327811,28.4553982222,37.014178479,38.0388791517
128,3476,47.7636457988,47.8117566986,28.4104591585,37.2638095481,40.367556965
128,3477,47.7854473061,47.8123670413,28.2709725788,37.5722012166,40.9323208727
128,3478,47.7895199454,47.8513095489,28.7496918973,37.2409058104,41.7101668075
128,3479,47.8071832352,47.9010164568,28.7242385399,38.1997121428,41.7594165782
128,3480,47.8131628782,47.9070495669,28.5171660665,37.1256145513,39.8396805968
128,3481,47.8345588276,47.9087444483,28.5632272523,37.1507689073,40.1342070823
128,3482,47.8502115833,47.9208953312,28.3222814976,38.1572225145,40.6983737337
128,3483,47.8561947409,47.9264145696,28.6702965059,37.4684780382,40.6421820227
128,3484,47.8663817055,47.930379351,28.8357494545,36.5437159549,42.9300475813
128,3485,47.8770841325,47.9520754075,28.918024015,37.1990805962,42.4443822916
128,3486,47.9013706951,47.9676349375,28.6540070557,37.6783605283,41.2853872012
128,3487,47.9109351122,47.9735762047,29.0402178442,37.4163688488,40.0135738544
128,3488,47.949774161,47.9746410228,28.7331692241,37.1969334719,40.5826539318
128,3489,47.9548144371,47.9980384815,28.9699410976,37.5602180337,40.8748660583
128,3490,47.9676339689,48.0043611049,28.5405295745,38.4798416728,39.5109159285
128,3491,47.9877869371,48.0248195267,29.1587805031,37.2387995481,39.4602351537
128,3492,48.0073171446,48.055665582,28.7988472776,38.0999881471,40.8954587209
128,3493,48.0131907333,48.0681495417,28.7813116681,37.2537908234,40.0133659075
128,3494,48.0247964466,48.0681504006,28.9181251928,37.3204690455,41.2654097908
128,3495,48.0502263489,48.0904578603,28.7188231969,37.8539233522,41.8607311931
128,3496,48.0680485098,48.1521890274,28.9546406601,38.2379089069,41.4365199767
128,3497,48.0821930178,48.1545914254,28.7237500788,37.5446319256,40.3774125405
128,3498,48.0992407442,48.1565854863,28.7503161249,37.8426713694,40.3347007136
128,3499,48.1100440446,48.1691309112,28.7875454336,37.2781118873,38.3752116845
128,3500,48.1154173633,48.1822107904,28.8455213435,37.6603923269,40.0103895443
128,3501,48.1277702558,48.182448436,29.1823012007,38.3973818222,43.9741427863
128,3502,48.1374631744,48.1885629073,29.0017923939,38.6962541023,41.3558013887
128,3503,48.1589985016,48.1895423219,28.9242266752,37.9605098902,42.0345537975
128,3504,48.1801741662,48.1900213995,28.7424164309,38.1596625879,41.1356917847
128,3505,48.191518003,48.2363071393,28.9386717513,38.1459231289,41.4225620987
128,3506,48.2078497498,48.2363410083,29.0417522706,38.0307332276,40.9931746246
128,3507,48.2252879143,48.2388492398,29.2089626591,38.4461016863,40.5791275126
128,3508,48.2407524035,48.2391384016,29.4434886451,38.6606973283,40.5195121759
128,3509,48.2593976332,48.2392394092,29.039474252,38.5733665404,43.3534909518
128,3510,48.2657112862,48.2435207389,28.7458554264,39.3744052846,39.8531315199
128,3511,48.2775738287,48.2453064742,29.0712918659,38.0580529121,42.4807176156
128,3512,48.2991767852,48.2609013369,28.8847296368,38.6087621113,40.3635304176
128,3513,48.3217427028,48.2687635663,29.4185340682,37.9737594729,43.5989283244
128,3514,48.3329676073,48.2689356432,29.7291384768,38.4635758344,42.6688907778
128,3515,48.3423620287,48.2760876216,29.0411436515,38.0610567608,42.7454165101
128,3516,48.3549096282,48.284180248,29.4535305339,38.8735523221,41.7309790275
128,3517,48.3579495909,48.3039559562,29.4966188835,38.6716312261,40.0606929402
128,3518,48.3902033747,48.3103913352,29.4145680042,38.4430733427,42.2226496786
128,3519,48.3983787744,48.3165460685,29.4898076144,38.3736744672,40.1856075801
128,3520,48.4134224305,48.3433046216,29.3966952064,38.3658105968,41.5173310336
128,3521,48.4283267261,48.3718367606,29.9945402394,37.9238915934,42.0433878557
128,3522,48.4526324107,48.4053108212,29.6445977319,38.5799719245,41.0759501887
128,3523,48.4546283702,48.4079819523,29.4748675117,39.0922449177,40.7549755444
128,3524,48.4713156886,48.4138451429,29.4313529872,37.9204775173,42.2914328133
128,3525,48.4962717961,48.4341677243,29.7639943529,38.6825891947,39.7157340095
128,3526,48.5071404465,48.4646843829,29.4603288718,38.8454623362,41.2925517481
128,3527,48.5186903481,48.4812679494,29.2151336678,38.0430898211,38.1477255007
128,3528,48.5357874948,48.485660368,29.5488178061,38.3792235151,42.2694296051
128,3529,48.5551556303,48.4875678227,29.7099720773,38.4753202452,38.8344931844
128,3530,48.560553873,48.4901302712,29.5019100186,39.0912439279,42.3704354962
128,3531,48.5778320766,48.5337175735,29.6537230501,39.1326573202,39.3786991527
128,3532,48.5935715671,48.5612541369,30.0579866317,38.6179367539,42.2191735797
128,3533,48.6054136209,48.5613207415,29.4381556388,38.914316639,41.9469678963
128,3534,48.6258430213,48.5635625024,29.7584581186,37.8998483807,40.4722320573
128,3535,48.6312615523,48.5849769694,30.0783477832,38.1478870865,42.4145239642
128,3536,48.6380438728,48.5958537448,29.9125932474,38.5543405944,41.1345874431
128,3537,48.6462477552,48.6700372467,29.3897676466,38.6349192085,41.7335386466
128,3538,48.6695187861,48.6925122468,29.7213404506,38.92434791,41.6821990218
128,3539,48.6806917365,48.702990732,29.8428609562,38.3706836367,42.4387092644
128,3540,48.6954780353,48.7075653542,29.6732246726,38.3846042651,41.8473941035
128,3541,48.733160308,48.7121974583,29.6957199037,38.6952870983,40.6416923492
128,3542,48.7452965468,48.7159347818,30.0831028061,38.6314173352,42.1578659737
128,3543,48.7569824416,48.7625176195,29.7686576795,38.32821442,41.6959302089
128,3544,48.7844370318,48.8084823119,30.0644994784,39.0155740229,40.9684324487
128,3545,48.7925281666,48.8303073632,29.7148305299,39.2075123928,42.4960549921
128,3546,48.8003301283,48.8319136962,30.8518115786,38.1589117627,42.5980839354
128,3547,48.8226335894,48.8550318504,30.1212589314,38.8760794297,43.5790458681
128,3548,48.8426085466,48.8559965243,30.0789155834,38.9670822422,42.1746690861
128,3549,48.8667854385,48.8612068689,30.2960422392,39.3597772229,41.9704247327
128,3550,48.8868819034,48.866647446,29.6017816775,38.7446555386,42.1727166975
128,3551,48.895267577,48.9077574944,30.2244369022,37.3529037631,41.8068709152
128,3552,48.9128992216,48.9309499943,29.9373410753,39.3731419165,43.1371978796
128,3553,48.91667676,48.9363338648,30.4386129437,37.9041649714,41.8967110148
128,3554,48.9413909466,48.945493037,30.282949611,38.720961654,43.1457776765
128,3555,48.9593686761,48.9699622033,29.9424058148,38.8291837475,43.4537146659
128,3556,48.980908512,48.9859449276,29.7697985968,38.8220806856,41.5055087955
128,3557,48.9950520505,48.9914004647,30.8175197219,39.0041244046,42.0484314041
128,3558,49.0087575943,49.0064732329,30.313090581,38.6049128364,42.4313542439
128,3559,49.0183616052,49.0240351046,29.9407488722,39.3374634928,43.5972209306
128,3560,49.030176434,49.0242129814,30.0088218002,37.7570676733,41.9259298933
128,3561,49.0422838791,49.0256290326,31.046237202,39.7600400409,41.9363979536
128,3562,49.0537411249,49.0784554247,30.1525812586,39.7360673722,41.2485699308
128,3563,49.0789592291,49.103791667,30.015998893,37.8596242956,43.9023811902
128,3564,49.089119698,49.1158062199,30.3824350569,38.3976365306,41.7392457827
128,3565,49.1172279442,49.1169732541,29.9569468118,40.2237513014,42.5876848442
128,3566,49.1331592154,49.1175678988,30.4525534037,39.0106717127,42.0602260834
128,3567,49.1487490442,49.1178594123,30.4700667101,39.7688813608,42.0701179002
128,3568,49.1614117302,49.1548658674,30.1905336068,39.0797220365,41.5534947367
128,3569,49.1790892332,49.1782093953,30.4581793897,38.9240768235,43.6874248409
128,3570,49.1927183417,49.1856649854,30.4907852419,39.7429853634,43.5682878297
128,3571,49.2121555377,49.1901343701,30.4892289087,39.8917015064,44.001292287
128,3572,49.2321204135,49.1939029015,30.2362022488,39.3578186078,42.9112509357
128,3573,49.2518429287,49.1940570988,30.2579825579,40.568013471,43.4989780417
128,3574,49.2601929218,49.2002797283,30.6801992369,39.2394555704,40.4142157972
128,3575,49.2713816629,49.2073390216,30.1127304357,39.4898106321,40.9151228744
128,3576,49.2962096176,49.2158161547,30.3633914948,40.0826361944,43.2939780779
128,3577,49.3058747057,49.2209759372,30.5829036023,39.515879967,43.4070222271
128,3578,49.3262917013,49.2596820157,30.6402815345,39.3227975344,43.2622871975
128,3579,49.3315216845,49.2605359325,30.7304833737,40.242289701,40.2265343805
128,3580,49.3431106076,49.2973831378,30.5777012603,39.5241386926,42.7879953601
128,3581,49.3574374783,49.40793591,31.2280163353,38.872999449,42.4095034804
128,3582,49.3688650333,49.4363160511,30.7191009217,38.5028380877,43.9075911643
128,3583,49.3858991503,49.4365111283,30.6366381516,40.2912941124,40.9794887409
128,3584,49.3993133629,49.4374868371,29.823055867,39.1240642636,40.9782357325
128,3585,49.4234435547,49.4379104953,30.007533878,39.2820245439,42.0488870919
128,3586,49.4441245196,49.4681864332,30.132641773,38.377337433,41.9097897989
128,3587,49.457695548,49.5070415233,29.7355704776,38.7816074044,40.3863911644
128,3588,49.4777243086,49.5093244411,29.9681606727,39.1224399168,41.8376789385
128,3589,49.492447636,49.5615272205,29.8632011967,39.2218123292,43.3058736281
128,3590,49.5158870121,49.5628489419,30.0791981427,39.2446580488,43.9306282322
128,3591,49.5220099308,49.5747320292,30.4333197322,38.626964656,41.9634428953
128,3592,49.5337098458,49.5756266035,30.3259340372,40.0531557314,44.4179298711
128,3593,49.5421249213,49.5761749266,30.2512015449,38.7971246487,40.873838264
128,3594,49.5620288066,49.593666539,29.9173275312,39.2556657924,43.6357669881
128,3595,49.5816549284,49.6112972429,30.3115562323,39.0048863203,43.8317909848
128,3596,49.5895033991,49.6218512927,30.2392663046,39.0967538822,44.553441854
128,3597,49.5975513073,49.6249518314,30.1141911236,39.8704803351,40.6101415946
128,3598,49.6134836661,49.6580823988,30.6465275931,39.8888745819,42.1889686136
128,3599,49.6327494357,49.6607101031,29.6351283181,39.9518166571,44.923757529
128,3600,49.6394535654,49.6621077513,30.625188476,38.9682612288,43.4510707056
128,3601,49.6553492527,49.6657908107,29.9702549542,39.9030613577,43.3261877597
128,3602,49.6685521198,49.6925848356,30.1873126387,39.2369338592,43.0380520667
128,3603,49.6835708991,49.6979905802,30.4704524755,39.02964078,39.7680738363
128,3604,49.6944446868,49.703104159,30.5189254529,38.5230188943,42.5850027187
128,3605,49.7134947127,49.725923289,30.545169956,39.7718016073,43.6694909423
128,3606,49.7314852419,49.7259232974,30.4411530382,38.9836965329,44.5238850227
128,3607,49.7584504233,49.7823218281,30.429475462,40.2525874312,40.9708361377
128,3608,49.7602957621,49.7838165629,30.3805388391,39.4873404166,42.6694389623
128,3609,49.7711121151,49.7840794214,30.7436031257,39.0589263561,44.3212674616
128,3610,49.8161923447,49.8168371287,30.4227832414,38.8461284107,42.3319308644
128,3611,49.8271332605,49.8168393556,30.51943023,39.1942957276,42.9043382008
128,3612,49.8322841807,49.8622100005,30.2943679522,39.5364841319,43.4125611301
128,3613,49.8372312784,49.8632485516,30.4544976757,39.9591740875,43.2718164857
128,3614,49.8532195776,49.8746044627,30.3422193066,40.0299902052,42.7065963292
128,3615,49.870821259,49.9054229406,30.4281592945,39.4583548953,42.2066994868
128,3616,49.9019736743,49.9066304354,30.6369846895,40.0194096897,43.2876401151
128,3617,49.9135175528,49.9095537961,30.7747006349,40.0111088204,43.4788472761
128,3618,49.935138669,49.9116696577,30.4015270769,39.9954902863,42.10480176
128,3619,49.9447669647,49.9355793547,30.5837466705,39.8360844149,42.3962674676
128,3620,49.9537677503,49.9358414893,30.7681503534,39.9673722693,45.1619357728
128,3621,49.9677000422,49.953777291,30.2366446224,38.964502505,41.8707993671
128,3622,49.9979340321,49.953779806,30.7786013278,39.6348343142,42.4257570022
128,3623,50.0080978993,49.9584207517,30.6506388172,39.5780583692,40.4207489203
128,3624,50.034317095,49.9637817757,30.9324342452,40.0587005977,41.8742639182
128,3625,50.0460379308,49.9771022601,31.3339794013,40.0097884374,42.3175234397
128,3626,50.0549356544,50.0002361851,30.8915737297,38.3341577003,44.0043040389
128,3627,50.0563614253,50.0202920915,31.2382969928,40.084646289,43.2702411917
128,3628,50.0731713476,50.0380489574,30.7873250797,39.7335130726,44.082678151
128,3629,50.1082568713,50.0475671349,30.9416437714,39.6920782906,40.945017808
128,3630,50.1148950057,50.079577378,31.0339433912,39.7296513044,41.4989317782
128,3631,50.1311922784,50.0870886631,30.9570841755,39.7424553682,40.607265403
128,3632,50.1514391732,50.0918643948,30.9600387792,39.5201039047,43.8970378116
128,3633,50.1651863936,50.1030805344,30.8121910729,40.3430733068,42.8554401514
128,3634,50.185935535,50.1383646188,31.0237190996,39.0537499242,42.0425662121
128,3635,50.2061005639,50.1383768761,31.1824998937,39.848205181,42.1232044064
128,3636,50.2272017962,50.13958086,30.9377266734,40.1197882123,44.260933079
128,3637,50.2373241019,50.1868307331,30.5621545364,40.7526377861,43.4111444781
128,3638,50.2434049313,50.1869237482,31.4339197245,39.9272193279,44.0967952565
128,3639,50.269098886,50.2407861347,30.9680222793,39.4203763512,43.2810397452
128,3640,50.278099301,50.2433054324,31.0902491571,40.4653321655,42.9577371759
128,3641,50.2848389919,50.2441237804,31.4846902543,40.9259823173,41.4249367817
128,3642,50.2988984135,50.2443388029,31.6646577833,39.46079517,46.6979234045
128,3643,50.3128119947,50.3302144777,31.5507783744,40.599810957,42.0877747414
128,3644,50.3290688782,50.3577339452,31.2509053252,40.9024141638,44.1248136589
128,3645,50.3429186058,50.4213886305,30.8567523134,40.5265553353,42.349277595
128,3646,50.3489797534,50.4324870575,31.1936176485,40.597850428,41.9340059264
128,3647,50.3835492518,50.4327674374,31.6137999922,38.9758015766,43.659604335
128,3648,50.3909055101,50.4751890946,31.2849296185,39.6515681891,43.3526905907
128,3649,50.4086611843,50.5056917763,31.4066558283,41.2236228423,43.2212490027
128,3650,50.413813297,50.5161348985,31.4993083145,39.2355480146,40.721301276
128,3651,50.4169909376,50.5166511475,31.1477654683,40.296352423,43.3587620017
128,3652,50.4505841642,50.5170160666,31.4885252611,39.5661129843,45.0309674678
128,3653,50.4599735791,50.5174646389,31.5649601812,40.569201367,43.0043897025
128,3654,50.4823379332,50.5184030592,31.0890571306,41.2889315238,42.4086931336
128,3655,50.4931843259,50.51844268,31.3744745845,40.537888419,44.8086603544
128,3656,50.513607898,50.5205046913,31.7249805677,41.8680052673,43.5494338139
128,3657,50.5289839687,50.5368801541,31.0620323332,39.742818108,43.6595669722
128,3658,50.5388801749,50.5410073981,31.3846773936,40.3527832551,42.7449259607
128,3659,50.5604079682,50.5413318446,31.6655392528,40.9629745046,43.0262645359
128,3660,50.5710388512,50.5588995992,31.5152380709,40.8707054453,42.6402986548
128,3661,50.580020659,50.5793852465,31.7983187138,39.2136812682,43.9835132003
128,3662,50.585119021,50.5807777704,32.0116341374,41.4187529775,40.75258485
128,3663,50.6145406882,50.596405247,32.2082281677,40.9367342529,44.1328775147
128,3664,50.6245694474,50.616254711,31.9284393413,42.0446663342,44.2893637271
128,3665,50.6340599151,50.6195675478,31.9405487567,41.1967373871,43.9548970415
128,3666,50.6423404545,50.625796921,32.1198243877,40.2813007688,41.5810627233
128,3667,50.6525083529,50.6326702049,32.0400296971,41.2411814363,44.3471814835
128,3668,50.6738140637,50.633074868,31.3284635739,41.2519237526,44.2598763359
128,3669,50.6974477878,50.6344649856,31.5138112035,40.3548436424,42.7225088551
128,3670,50.7078165575,50.7035134488,32.0940411551,40.3579021131,42.4739028336
128,3671,50.7272688066,50.7704774607,31.8385291969,40.5432897322,43.6932128599
128,3672,50.7363060409,50.7985024581,31.6381439435,40.9233748786,42.5624022002
128,3673,50.752887689,50.8020901071,32.4859637898,40.3765438151,42.6215433886
128,3674,50.7809543372,50.8086042422,31.6002963501,40.3003829698,43.1231156124
128,3675,50.7810773316,50.8102850217,32.0410177651,41.4185548599,43.5267580234
128,3676,50.7913859174,50.8224848418,31.9271288446,40.7372327852,42.1722683411
128,3677,50.8039791538,50.8245263784,32.3254566569,40.987924984,43.7508063736
128,3678,50.8238537368,50.8249740693,32.2253214838,40.7472467835,44.2240158011
128,3679,50.8408929722,50.8907617041,32.1157411697,40.1465288936,44.8200145692
128,3680,50.8661469048,50.8922705488,32.2063759649,39.8169997549,44.9573557339
128,3681,50.8723537001,50.9230052461,31.9086966468,41.0827836626,42.7797963069
128,3682,50.8978776794,50.9249498588,31.9716585114,40.7475381415,44.7142086268
128,3683,50.9130325486,50.9302351971,32.3366389855,40.7632594342,43.7968052191
128,3684,50.91791577,50.9443947983,32.20493185,41.6908954988,43.9526796723
128,3685,50.9339805513,50.9459261848,32.0377462627,41.002238767,44.4196415808
128,3686,50.9407499689,50.9528682177,32.1106211909,40.9228378532,45.2073807731
128,3687,50.960907821,50.9967351666,32.3061847873,40.5913804814,44.606750665
128,3688,50.969651991,51.013017389,32.3004493259,41.6226523554,44.1127482877
128,3689,51.0026685566,51.0179949226,32.8929098982,41.5877281791,43.1544367279
128,3690,51.0160495527,51.0182691503,32.0230457677,41.0013401451,44.8701647307
128,3691,51.0390821705,51.066055784,32.0708063931,40.7026932497,44.6796504884
128,3692,51.0528627981,51.0666124996,32.4183645561,40.7752220215,42.6551308784
128,3693,51.0793204657,51.0824136456,32.1975893953,41.2778855964,42.6258635683
128,3694,51.0955872325,51.0857819667,32.3902459777,40.7308329612,43.2970080747
128,3695,51.1110108225,51.1091112463,32.3851509456,41.4709400071,43.0030688609
128,3696,51.1267660494,51.1323885668,32.5870593942,40.2615375903,44.2985027307
128,3697,51.14846103,51.1417589481,32.3448465718,40.687171517,44.4396211604
128,3698,51.1623441295,51.1423388804,32.838773751,41.7724109322,44.5718073084
128,3699,51.1712105495,51.1509361568,32.5976280971,41.4699398409,43.4501981655
128,3700,51.1791755216,51.1818217691,32.4409790475,39.1173694739,46.0889576621
128,3701,51.1930289208,51.1818685959,32.5636716016,41.7984730302,42.7030131627
128,3702,51.2183556541,51.1946231057,32.9663722003,39.7134322567,46.307413933
128,3703,51.2293025461,51.2165860269,32.1321161046,41.8417921148,44.1827681341
128,3704,51.2573127409,51.2170503611,32.5638341712,41.6601427612,42.4787267301
128,3705,51.2694426104,51.2182805738,32.6951853499,40.4838453195,45.3579016127
128,3706,51.292907949,51.2207551905,32.9619629127,41.257326005,43.9316113506
128,3707,51.3061259371,51.2276625105,32.4595012891,42.0295231365,44.3981509372
128,3708,51.3228367795,51.2311578181,32.9984746264,41.2430037505,44.6253476426
128,3709,51.3311391801,51.2455683547,32.6115613905,39.1718181951,43.9244748295
128,3710,51.3367634774,51.2917544576,33.0579136716,41.2518639383,45.4812352
128,3711,51.3739376851,51.295565197,32.5668773059,41.1696367095,42.910534695
128,3712,51.3853838841,51.3312932132,32.0870896244,40.9675836573,44.1830749942
128,3713,51.3953087779,51.3366231937,32.2145166632,41.1193521274,43.7438034679
128,3714,51.4055809101,51.363679366,31.8634930275,41.2161669018,42.9841316645
128,3715,51.4068120662,51.377737255,31.9468197324,41.7012462072,43.0965290369
128,3716,51.4417122782,51.4193406464,31.82558242,41.4802348589,42.6645419942
128,3717,51.4635348534,51.431726929,31.8080247876,40.5844403555,44.2830776455
128,3718,51.484568467,51.4418971212,32.0706827377,40.6172586114,46.288823137
128,3719,51.4941341998,51.4772267455,32.3513673399,41.5274412194,44.2568009844
128,3720,51.5089851042,51.4915357185,32.1176468627,40.2346041533,45.207497883
128,3721,51.5151721107,51.5132317643,31.9069019831,40.9360060215,43.9217323283
128,3722,51.5443820072,51.5166556404,32.1894754117,40.1633252292,45.1756278525
128,3723,51.5632339862,51.5208964753,32.3874020322,40.6808512345,44.9027486183
128,3724,51.5750220534,51.56343474,32.3893584654,40.4091383916,43.2730374915
128,3725,51.5946272917,51.6059499286,31.7630360416,40.8071370381,43.4396389332
128,3726,51.6113714438,51.6089594309,32.4691374321,41.427582509,40.5764868003
128,3727,51.627129989,51.6168803399,32.3247097783,40.2930011554,44.4700595959
128,3728,51.6512721377,51.6575851132,32.6303399517,41.433432503,44.2480019917
128,3729,51.6647076843,51.6593077192,32.3478681219,41.3608560568,43.5567001524
128,3730,51.6770609488,51.6713282741,31.8078683139,41.3542815177,43.7174712906
128,3731,51.6866156726,51.6927499575,32.3915346081,42.2993109143,45.6395038667
128,3732,51.7069410458,51.694018167,32.2038474235,42.5934477055,44.0005373456
128,3733,51.726687343,51.6943233911,32.3914237469,41.4128635278,46.7395929131
128,3734,51.7419618421,51.695096818,32.5446087463,41.7933690217,45.2478254662
128,3735,51.7593764332,51.6964540403,32.6452011384,41.2407024989,47.0368440928
128,3736,51.7710139691,51.7033684877,32.4147212262,41.5978166049,46.6350480037
128,3737,51.785567743,51.7034819187,32.2566211694,41.7594151003,44.4407965334
128,3738,51.8028473761,51.7035977129,32.4807467374,42.3628353398,45.8490455601
128,3739,51.8240425829,51.7115561625,32.5809377862,42.213434238,44.6293426175
128,3740,51.8414183399,51.7156954334,32.6221255643,40.6623172413,44.6500352467
128,3741,51.8540440869,51.7181824376,32.4685506287,40.2666620211,45.9216581966
128,3742,51.8601148204,51.7181924306,33.210910446,41.4387541013,44.145980521
128,3743,51.8736077673,51.7310035148,32.5507515168,41.7625303534,44.4810232352
128,3744,51.9031782286,51.7327246181,33.250403143,41.0695358844,45.8357280665
128,3745,51.9107086033,51.7421741991,32.3302241296,41.4635972986,44.6039264759
128,3746,51.9300119766,51.7500646339,32.4484720632,42.6677595829,45.702585309
128,3747,51.9388547235,51.7511247845,32.4373374138,41.9221183392,44.7952250947
128,3748,51.9650444599,51.7607052649,32.8115036424,41.8020764418,44.6650416967
128,3749,51.979275951,51.7763315535,33.215197291,41.3626327907,41.888519982
128,3750,51.9913813883,51.7773701776,32.7459637645,42.5685516745,44.1149795279
128,3751,52.0149424814,51.778585683,32.4865479144,42.6785143654,46.1369153997
128,3752,52.0231020339,51.7793400403,33.5166487031,42.1966394257,44.1109625021
128,3753,52.0357144056,51.7858763272,32.4814375218,42.5548242181,45.4397461647
128,3754,52.0547873149,51.7947535784,32.9831900109,40.1980689649,46.7419602967
128,3755,52.069700134,51.8064714172,33.0706770594,41.9446417375,44.1505479784
128,3756,52.0820982688,51.8217377169,32.3962399744,40.9732964163,45.5703848337
128,3757,52.0914143253,51.8315021082,33.3956103896,42.4129577148,45.2123749467
128,3758,52.1148596026,51.8386696428,33.1185252422,41.9501609562,46.5339666115
128,3759,52.1305393251,51.9691534331,33.1592147384,42.4995977768,42.8964897348
128,3760,52.1396756274,51.9712450527,32.731223513,41.6761436438,42.3954566368
128,3761,52.1570287179,51.9841993656,32.8130467167,43.1280661555,46.7303615102
128,3762,52.1615254904,51.9852052392,33.2561982453,41.3324544811,43.7879902865
128,3763,52.1994103167,51.9974924105,33.512072851,42.1936256253,44.4588573695
128,3764,52.2038891874,52.0388750284,33.0973175632,39.9620143431,45.4736759341
128,3765,52.2387707796,52.0600543484,32.6590820361,41.7463982691,46.7973723932
128,3766,52.2590426702,52.0991096528,33.0273406785,42.4261742302,44.2287721081
128,3767,52.2706514169,52.1441541569,33.128066933,42.1729783548,45.7566323169
128,3768,52.2780147414,52.1481449808,33.2615375002,42.7494246656,45.8650142152
128,3769,52.293010505,52.2061137951,33.0590834366,41.6967357287,44.5988062802
128,3770,52.3059895193,52.2561126353,33.1867740833,42.0736677454,45.0567210203
128,3771,52.3173005873,52.3373295202,33.3075458231,42.8408313661,45.9184219446
128,3772,52.3236451114,52.3414724806,33.4673001531,42.1347742527,45.1396605934
128,3773,52.3325786816,52.3969845896,33.3670080191,42.4288305344,46.7527401735
128,3774,52.360974841,52.4240360602,33.4016222719,41.5687998922,46.0792040164
128,3775,52.3717251023,52.4682556716,33.5731448599,42.3293076673,43.2940365698
128,3776,52.3865724193,52.4799862579,33.3579611416,42.625274909,44.8405627284
128,3777,52.412888524,52.4803999785,33.5088374631,42.2173198168,44.9874470936
128,3778,52.4354000034,52.4919885741,33.4712552795,42.2970652061,44.4199566406
128,3779,52.4513849984,52.4923691296,33.8279352022,42.4303238571,44.8780494657
128,3780,52.4576841677,52.498162574,33.0459488273,42.1797564801,45.5539988006
128,3781,52.4831524737,52.4984033872,33.8571628806,41.8817424741,45.3855415649
128,3782,52.489429807,52.5117691523,33.7164249246,42.8595478465,44.2844412054
128,3783,52.5111079813,52.5262342831,33.7008949984,43.415520382,47.4811827911
128,3784,52.5362411362,52.5325956825,33.5803597108,42.8875160405,43.5529803969
128,3785,52.5793555668,52.5382505445,33.6338329731,41.2691971058,46.9733536526
128,3786,52.5874076448,52.553458725,33.8384342467,42.9678956518,43.3488852831
128,3787,52.6076596284,52.561261605,33.6062006695,41.7336454135,44.6835610009
128,3788,52.6109322564,52.5639355561,33.5067610551,42.5588884572,45.4400998978
128,3789,52.6139135713,52.5771740353,33.6641368333,42.1929584304,46.2896425869
128,3790,52.6316035298,52.5781865971,33.7590463525,42.0172095921,43.1293095611
128,3791,52.6439968337,52.5811795431,33.7705402913,42.4737466328,45.3756651068
128,3792,52.6692614356,52.5828440399,33.8558712303,42.8378783135,45.2023772956
128,3793,52.6796112339,52.5961538939,33.6397039676,43.2385673396,46.4859176427
128,3794,52.6891054229,52.6260177847,33.7507476702,41.7999352453,45.7421454421
128,3795,52.6991568402,52.6288997384,34.0137753697,41.1283663646,46.1035157151
128,3796,52.7199574353,52.6605319868,33.7647227003,42.7888514571,43.0558911996
128,3797,52.7224577659,52.6863082637,33.9336446909,42.5632984919,45.3712042232
128,3798,52.7385874481,52.6875250383,33.8121569043,42.5997214553,45.9154670842
128,3799,52.7512842652,52.6912629968,33.9275230635,42.7279943821,43.3142034761
128,3800,52.767002003,52.7385413451,34.0895531258,43.3461948378,45.540581913
128,3801,52.8029173824,52.7530214266,34.149184016,43.2628300765,45.8443570624
128,3802,52.8152146406,52.7537112783,34.0024898109,43.3424856136,46.5494947037
128,3803,52.8193350092,52.7566458098,34.4621918557,43.4827374882,44.8758080053
128,3804,52.8417625945,52.7604443791,34.2001937023,43.0516318508,45.8315250418
128,3805,52.855128996,52.7627388813,34.522559822,43.3130676027,46.817390921
128,3806,52.8634089636,52.7754785369,34.2919741095,43.3556714385,46.3683991157
128,3807,52.8830587112,52.7757397291,33.8954093088,42.4431981898,46.3619164897
128,3808,52.8946091893,52.7820468153,34.074913409,43.5400321839,45.0853258898
128,3809,52.9194977641,52.8431596772,34.4288085856,43.0995194567,47.0429077035
128,3810,52.9392670321,52.8708096637,34.23247116,43.3108840403,44.78936453
128,3811,52.942331253,52.871170822,34.3081169701,43.0591330875,46.8913742011
128,3812,52.9535314267,52.8793319741,34.0849214609,43.2638170302,45.8805927208
128,3813,52.9852491894,52.8797543935,34.3950814016,43.5726904485,45.5995473536
128,3814,53.0062334295,52.8803856553,34.3841166221,41.5994353016,44.5537003246
128,3815,53.0196037057,52.8805243565,33.9475680399,42.155148341,44.707206336
128,3816,53.0419529684,52.8813006244,34.247268937,42.1769441248,45.526836234
128,3817,53.0528501544,52.8840928087,34.2454338079,42.8280489073,46.8226050824
128,3818,53.0649501456,52.8898265648,33.8508145081,43.0039669848,44.1077413782
128,3819,53.0678643861,52.8919330095,34.3452495511,43.0226831162,44.8745055453
128,3820,53.094572887,52.8921933783,34.2428598422,42.0888170354,46.0703272934
128,3821,53.1105844278,52.9143191049,34.5701874231,43.2361357661,46.7544356531
128,3822,53.119323464,52.95711144,34.4751069097,42.8536515513,45.3720880824
128,3823,53.1344508513,52.9674479035,34.4185134262,42.6046713008,44.6646584554
128,3824,53.1527481037,53.0446085354,34.7154082482,43.7176089526,47.2285187343
128,3825,53.1620347443,53.0486912014,34.5821073262,43.376883196,44.9333861852
128,3826,53.1812521409,53.1153084925,34.3580582927,43.5280795663,47.6223703396
128,3827,53.1994894707,53.1172697788,34.8629207319,42.3631892817,44.677118144
128,3828,53.217139652,53.1175351629,34.4418908105,41.5931277174,46.8708740794
128,3829,53.230403139,53.118361217,34.5439554938,42.5208242485,45.9187298091
128,3830,53.2530654667,53.1200986982,34.2107252823,44.0012231395,47.9150411675
128,3831,53.2682787549,53.1359900335,34.3409517319,43.1188271239,43.9141874489
128,3832,53.2856028519,53.1514998704,34.5091203467,43.3817080886,45.5959165779
128,3833,53.3045721804,53.1688698117,34.6075784503,43.4467933372,44.5683141083
128,3834,53.3239031984,53.1789614015,34.5017237334,42.8653118438,45.8584933411
128,3835,53.3278863672,53.1849994982,34.5750703394,42.6442299996,46.4402147231
128,3836,53.3446375512,53.2212813869,34.6736022716,42.883928802,46.6690436303
128,3837,53.3670509787,53.2808647356,34.7224987857,44.3860570674,45.9054408678
128,3838,53.377897835,53.2809040986,35.1514238954,42.6727798561,45.5946763692
128,3839,53.3873786375,53.2814622263,34.2641438389,42.3977058242,46.0714111715
128,3840,53.4113626516,53.2822190266,34.3218665641,43.4464016734,44.5418279983
128,3841,53.4226287402,53.2951139582,33.8499655587,43.3190499451,48.4207358923
128,3842,53.4274276279,53.2969661204,33.9488176201,41.9734059503,45.9274284065
128,3843,53.4453967246,53.3005091471,33.9802180717,43.5797856329,47.7549194325
128,3844,53.4595863484,53.3292440696,33.4566810396,43.608974595,46.1177508067
128,3845,53.4831010585,53.3300914466,34.1811401987,42.5823815414,48.3459692113
128,3846,53.4889080918,53.3594189443,34.2487410384,42.3920712432,45.7098207296
128,3847,53.5167047786,53.3667770221,34.2435460422,43.2498364401,45.3659484785
128,3848,53.5283282358,53.3667985626,34.0213019065,44.2865451131,42.1350672266
128,3849,53.5441061847,53.3718939207,34.4064539446,42.4959661285,46.5861961931
128,3850,53.5716378764,53.3932507355,34.0600703481,43.8282586533,45.7485370244
128,3851,53.5865830575,53.4114916124,34.0423973675,42.9871470441,44.4702783035
128,3852,53.5932963018,53.4137725233,34.2254054944,44.0618882676,46.1519503507
128,3853,53.5957983362,53.4301492904,34.1980611827,43.7620463913,47.0920610226
128,3854,53.6147022788,53.4334102562,34.5409798113,43.9742273202,45.9313607815
128,3855,53.627358183,53.4364854813,34.1108558485,43.4726810993,44.8945486626
128,3856,53.6461487796,53.4438630618,34.583255473,43.1050332256,45.5778016108
128,3857,53.6587935555,53.4621667194,34.2769359381,42.0769277227,47.4961333917
128,3858,53.6801661103,53.4710577248,34.5083183991,43.1657456199,46.7839018754
128,3859,53.6893583731,53.4771129669,34.7814371026,44.6804806221,47.4098092594
128,3860,53.7159335463,53.4799993072,34.215979794,43.4750277535,45.9069013676
128,3861,53.7274347346,53.4805477379,34.4803209285,43.1376566019,46.8190698198
128,3862,53.7301395667,53.5015598255,34.9088958107,44.2318224802,46.2006719823
128,3863,53.7466204036,53.5094043056,34.682825092,43.7825959527,45.6608650931
128,3864,53.7632248456,53.5314151838,34.1683527616,43.8086715669,46.0298335905
128,3865,53.7921679146,53.5315332615,34.77126243,42.7374234184,47.8225689738
128,3866,53.8075453549,53.5361333799,34.6106009662,44.0184834114,44.3525920432
128,3867,53.8202664919,53.5370248981,34.9429592105,42.8153113276,46.5741951898
128,3868,53.8347886783,53.5373827083,34.7373732684,43.2856831811,43.070824496
128,3869,53.8480131223,53.5373830679,34.797591544,44.6303278446,47.8981573003
128,3870,53.8661875925,53.5382404217,34.832464419,44.4992634067,47.8262372263
128,3871,53.8713792312,53.5487357926,34.4148238977,44.4902357032,48.1166357794
128,3872,53.8814842525,53.5674520149,34.8144358339,44.5482705201,45.6688114624
128,3873,53.8956933168,53.5742807869,34.7399140399,44.2835491572,46.1038663065
128,3874,53.9317879627,53.5876987434,34.8551027249,43.4918844821,49.3349683361
128,3875,53.94312876,53.634094083,34.5228855542,43.9878480519,45.4377116645
128,3876,53.9652611334,53.6376231298,35.2442675378,44.7748708388,46.3035138926
128,3877,53.981861266,53.6436580994,35.3813447036,42.4174126091,47.4076904836
128,3878,53.9956282817,53.6436690793,35.2134771726,44.2501501185,48.2603097387
128,3879,54.0242504199,53.6445093943,34.6254425442,44.2540073224,47.7879768735
128,3880,54.0332822331,53.6819237226,34.9521211111,43.1118866419,46.6903040169
128,3881,54.0597251631,53.6828026817,35.033040512,43.7054930576,45.1420896881
128,3882,54.0660565039,53.7109674816,35.4158639792,44.5424122941,48.059342075
128,3883,54.0721017631,53.7257907446,34.7667274166,43.4787326769,47.2928571838
128,3884,54.0954627153,53.7299836778,34.5215178662,44.6147680999,48.0640202713
128,3885,54.10564531,53.74659745,35.5991523986,44.2901514968,47.0633961625
128,3886,54.118831728,53.7472268632,35.100123278,44.0286325229,45.7998952054
128,3887,54.1442651243,53.7493080089,35.0897992106,44.4761911716,47.455668745
128,3888,54.145790298,53.7497817419,34.9123073168,43.9165096141,46.4312081789
128,3889,54.1756234591,53.7944641295,35.0163638198,43.8074782393,44.9366859384
128,3890,54.2016312911,53.8198603961,35.28768288,42.1798869572,45.5768054381
128,3891,54.2157312335,53.8688636669,35.0818849112,43.7156437424,47.2222902414
128,3892,54.2332670751,53.9304783194,35.2039107886,43.7402180113,44.8792412249
128,3893,54.2461845352,53.9557580806,35.3992872005,43.7745268898,47.9154514774
128,3894,54.2799317939,53.9608186892,35.3169633327,43.777330871,46.7315174778
128,3895,54.2892436872,54.0092679649,35.0738510221,43.8650174462,46.4943910183
128,3896,54.2948188446,54.0093295194,35.4080487351,43.7092554188,46.2989537406
128,3897,54.3068613168,54.010790273,35.366068743,42.4293203053,47.8632625553
128,3898,54.3188682203,54.0121463543,35.3690312184,44.2942952543,45.9366317294
128,3899,54.3434760449,54.0147290399,35.601241067,44.1594323038,46.5983406841
128,3900,54.3516656351,54.0783121374,35.6039431745,45.038374456,45.6092109573
128,3901,54.3764513045,54.0812788396,35.2868593592,43.200240416,43.9944639736
128,3902,54.3934210195,54.0866897897,35.3438435568,44.6826237156,48.3318171984
128,3903,54.4065156877,54.0883491091,35.7958235365,44.9582892358,48.1528808348
128,3904,54.4097230868,54.1210863029,35.4580082942,42.2356390872,48.6135229796
128,3905,54.4338624263,54.1324363526,35.4217467754,44.6309559057,48.0520239085
128,3906,54.4507887143,54.1508659937,35.6045268465,44.5281337675,46.474187369
128,3907,54.4554440168,54.1590231286,35.6623199173,44.3406431144,46.4326031483
128,3908,54.4718103361,54.1600452206,35.4907554054,43.9283457903,48.0280381001
128,3909,54.4952961928,54.1669821138,35.6383527347,43.7024700593,47.1458334544
128,3910,54.5132806599,54.1812722505,35.589780077,44.0915420642,45.3731578678
128,3911,54.530282097,54.1819051646,35.6650689892,44.1673486499,46.7746360105
128,3912,54.5434632354,54.1823092889,35.3143639372,44.3692306913,46.4534420103
128,3913,54.5517140763,54.1923982359,35.6975566833,43.9504757281,45.9982505141
128,3914,54.5785686913,54.1925686127,35.2859285748,44.0426137542,45.4083911616
128,3915,54.5895470397,54.1925697979,35.3458042552,44.8467139576,46.4852550808
128,3916,54.6013337994,54.2081041539,35.7260103241,44.8299991753,47.2326471528
128,3917,54.6234570381,54.2110231974,35.522324287,44.4444069599,46.4606197712
128,3918,54.6369584093,54.2213151697,35.9078385938,44.9502999586,47.8123290322
128,3919,54.6625833247,54.2300431308,35.5814173391,42.6431251567,48.0794279897
128,3920,54.6700564635,54.2673841814,35.931557065,44.6558348346,45.6576216603
128,3921,54.69009949,54.270631165,35.257913238,44.5518480834,47.6454811489
128,3922,54.7027933926,54.3000196537,35.8241134037,45.2666831986,46.9934783129
128,3923,54.7301875136,54.3064712199,36.0009742927,44.6853928979,46.9965704814
128,3924,54.7496002412,54.306503154,35.64702162,44.8560756221,46.9966001092
128,3925,54.7563569384,54.3065137535,35.36084621,44.1664850608,46.5176275186
128,3926,54.776460035,54.3069556511,35.5279700655,45.418478127,48.0935874105
128,3927,54.7966397105,54.3254244702,36.0291370665,44.8737782678,45.2020599433
128,3928,54.8156968615,54.3664036501,36.0167379653,46.1560395325,48.1466135338
128,3929,54.8375305852,54.3705544845,35.3921616232,44.8455714982,44.2370962468
128,3930,54.8382541885,54.4086101948,35.876413014,44.9038828037,49.5496621643
128,3931,54.8527086932,54.4424220591,35.9777369249,44.5482832536,48.8477384758
128,3932,54.869705877,54.4753200437,35.7553587819,44.0371392355,45.8870359522
128,3933,54.8834886077,54.494480444,36.0926772181,44.2794025134,48.455137415
128,3934,54.8900506813,54.4952309397,36.4249272291,44.9501194252,49.0172188092
128,3935,54.921676348,54.4982040922,36.2471577955,45.5434348681,49.4993680227
128,3936,54.940067936,54.5223962727,35.9316187816,45.3465651756,47.3062206393
128,3937,54.9510585321,54.5238705326,36.3660495888,43.3458900372,48.4590536356
128,3938,54.974890875,54.5331654308,36.0573536065,44.4522951259,47.2682361848
128,3939,54.9933178931,54.5512385203,36.2145415213,44.4051162092,48.6312187236
128,3940,54.9962221527,54.5791169412,36.478412151,44.2020850675,46.0636159152
128,3941,55.0170812916,54.5809403137,36.2040555978,44.9519425445,47.8938086486
128,3942,55.0279166893,54.6348974801,36.1289184184,44.7419178657,47.7845759596
128,3943,55.0484973728,54.6413937736,36.5136748526,44.4548313757,46.7549267981
128,3944,55.0630840047,54.6415816494,36.1725186806,45.3839722019,49.0802357091
128,3945,55.0731178707,54.6430885684,36.4687427696,44.9065425244,49.374101865
128,3946,55.0853267824,54.6450544845,36.1493675106,44.7977159067,47.5500748109
128,3947,55.1118672687,54.6487650205,36.2026721946,44.4335627316,48.4020410191
128,3948,55.1227207013,54.6567290793,36.642654822,45.1803933546,50.0667387511
128,3949,55.1477984706,54.6615998955,36.3635347827,45.8285982369,46.9977224433
128,3950,55.1586891594,54.6999043501,36.6434542146,43.9587948523,47.249650407
128,3951,55.1638406548,54.7026561351,35.8878282433,44.6676614394,47.5175586149
128,3952,55.1860393522,54.7057310889,36.4511487362,46.1512196677,46.5123229213
128,3953,55.2041419435,54.7123802481,36.1798822862,45.0804582478,47.5752067281
128,3954,55.2189146884,54.7398869459,36.6455753993,45.2006439824,49.2509541109
128,3955,55.24513899,54.744131115,36.796964975,44.3540957145,44.0248387927
128,3956,55.2620811898,54.7657538977,36.4327054172,45.5864447372,48.3982232469
128,3957,55.279703351,54.7705203464,36.661564087,45.3418104133,45.1002327863
128,3958,55.2940607128,54.7745113711,36.7387686256,45.2894312387,47.3196846239
128,3959,55.315324976,54.7757532364,36.6393019103,43.1158978272,48.6858413854
128,3960,55.3281199205,54.7764958266,36.8649097893,44.3647994929,49.191894558
128,3961,55.3387234594,54.8447603901,36.7691280655,44.6423773348,49.8283129948
128,3962,55.3645398129,54.8522014275,36.5170794606,45.0303919731,49.9629694037
128,3963,55.3693576264,54.8904789737,36.8389109028,45.1803203695,48.628064136
128,3964,55.3844663141,54.8908294508,36.8014990545,46.1060591358,48.378189777
128,3965,55.3995126614,54.8908304202,36.6826628368,44.3034130978,48.6190062407
128,3966,55.4213107297,54.8918861366,36.8527111411,46.7133285778,48.4929242205
128,3967,55.4259318637,54.9249511311,37.1846403138,46.2821872694,49.2353683323
128,3968,55.4623632034,54.9266942189,35.9162353292,44.9116876047,47.7573743208
128,3969,55.4735399055,54.9269682976,36.4659146595,45.4082043976,47.1884834521
128,3970,55.4842495227,54.947673017,36.4433400223,44.5805866219,47.4565299392
128,3971,55.4950926126,54.9532122135,36.1614417141,45.9885666165,46.8927365985
128,3972,55.4980303805,54.9550421432,35.9536410329,45.4026585114,50.5768264649
128,3973,55.5178712849,54.9655492366,36.2586036215,44.9590953107,47.656565287
128,3974,55.5468529836,54.9962636094,35.9397296493,44.5339005183,50.5867545723
128,3975,55.5578677626,54.9963811185,36.250966853,44.9756656068,49.2941973452
128,3976,55.5715583491,55.0145062362,36.6039747011,45.1426422332,48.3926876222
128,3977,55.5853330196,55.0160505498,36.2076884345,44.7086467533,48.7857866099
128,3978,55.5922050897,55.0197048614,36.7119171214,46.2525300583,48.3262434577
128,3979,55.6170455902,55.0314651853,36.333850788,44.0032098216,49.0979898181
128,3980,55.6282332095,55.0316629736,36.0153537992,44.3826055795,49.0275225991
128,3981,55.6362566454,55.0663949376,36.7362541661,45.7794268271,48.2774740254
128,3982,55.657057444,55.0674359679,36.5172000485,45.6274312023,49.9966748967
128,3983,55.6632591038,55.0746507942,36.6793711233,45.4453823685,45.0428496576
128,3984,55.6692231397,55.0781320801,36.4488595972,45.0370419073,46.5479671857
128,3985,55.6980243409,55.1127120185,35.9080501901,45.1499835473,48.6226805375
128,3986,55.7057579757,55.1210019735,36.6115138445,46.0339884664,49.1891859093
128,3987,55.7202271186,55.1518269446,36.1281675147,45.2201640024,47.1991147528
128,3988,55.75589287,55.1521201896,36.5200076278,44.4099053212,46.8799531
128,3989,55.7671122696,55.1535013552,36.5503251684,45.1201802372,47.8749029554
128,3990,55.7842225077,55.1812043473,36.5641341519,43.312011496,48.0055758637
128,3991,55.7999572767,55.1838191703,36.1085195379,45.0950085887,45.9895468081
128,3992,55.8063491022,55.2002606715,37.0458004365,46.5921239247,46.3725521128
128,3993,55.8193269316,55.2078874681,36.81456431,46.6276409732,47.9518199064
128,3994,55.8422309711,55.2180428925,36.7776378574,44.8004315537,48.074492464
128,3995,55.8674455312,55.2248175574,36.6077066865,46.3952325169,49.6033041291
128,3996,55.8915772655,55.2251559653,36.8808178148,46.8457718022,46.8616314898
128,3997,55.9144658716,55.2759794701,36.9108143967,45.9246226068,48.9561849234
128,3998,55.9350235207,55.2815333172,36.6640505757,46.261320085,50.9475635832
128,3999,55.9513464251,55.2896363146,36.8514215272,45.6160549271,46.9952449408
128,4000,55.9651444788,55.2911086958,36.6066730819,45.8193465079,47.9198642605
128,4001,55.969177798,55.311139058,36.9551011067,46.2798879871,47.3818748946
128,4002,55.9772028353,55.3477906287,36.9280968807,44.7318625907,49.3702422638
128,4003,55.9975773834,55.3493881915,36.5016503904,45.3793205631,48.2118040418
128,4004,56.019469302,55.3538124347,36.9603738349,45.2061970182,49.5284208705
128,4005,56.0453036692,55.3753928066,37.1737322908,45.8361594957,48.236591452
128,4006,56.0582958918,55.3793106967,36.785345473,44.3489282063,47.6161145942
128,4007,56.0809153788,55.380056621,37.1146540617,43.947532092,47.8293632814
128,4008,56.088112141,55.4213942526,37.4073241385,46.0818769614,48.3407047009
128,4009,56.0951833142,55.4215704151,36.9449376498,46.0104802447,46.3633441435
128,4010,56.1139522484,55.4274907376,36.928797923,45.3664947859,49.2531937464
128,4011,56.1191609003,55.4281160303,37.2231938106,45.1537444359,48.6134076975
128,4012,56.1298546228,55.4373756069,36.9419799536,45.2527079506,48.1004958601
128,4013,56.1449881151,55.4381281708,37.3193732535,46.3875436425,46.324994049
128,4014,56.1537739532,55.4418099389,37.0169869084,45.8576731326,46.2203464777
128,4015,56.1633872258,55.4668495963,37.2294963272,46.2717335832,50.1896271114
128,4016,56.1893273063,55.4722175611,37.130813465,44.4644456233,50.4462779015
128,4017,56.2169885894,55.4770095168,36.9788356146,47.2526967783,49.580241718
128,4018,56.2218364005,55.4821457307,37.4183970622,46.2672196989,48.8592464463
128,4019,56.2342153928,55.4891856096,37.1788267266,46.5742254069,49.6761102697
128,4020,56.2600968973,55.4940280031,37.5580491451,46.4199121072,48.8456973024
128,4021,56.2730064556,55.5075506558,37.7566620206,46.2384892756,48.564734512
128,4022,56.2969791407,55.5144746533,37.5505471872,45.8685871751,49.1255311014
128,4023,56.3132804498,55.5150671798,37.1408596007,45.681828832,48.9451963848
128,4024,56.3487652639,55.5407953049,37.5083714649,44.7315956958,49.2135249099
128,4025,56.3523477232,55.5748288795,37.7093996075,46.431094283,49.8845806712
128,4026,56.3770560243,55.6368275838,37.3961412082,45.907708334,49.3700717845
128,4027,56.3879968798,55.6634772534,37.4221797256,45.2510649053,49.7046052359
128,4028,56.3996441061,55.7218585859,37.2849168715,45.8500218781,46.8492844827
128,4029,56.4039081748,55.7462892475,37.8492408131,45.698648122,48.4905014806
128,4030,56.4282448025,55.8241957964,37.4950092538,45.6519462832,49.1498656853
128,4031,56.440387332,55.8411916119,37.2927286303,46.4352923258,49.4141177294
128,4032,56.4672428069,55.8569115612,37.7371092362,45.393426994,47.039030608
128,4033,56.4853784669,55.8894123271,37.5174738241,47.032998438,49.241261033
128,4034,56.4928878534,55.8931757891,37.6826719007,45.3091415405,47.4718567226
128,4035,56.5043340603,55.903989793,37.7292614725,46.3167994126,49.8205435276
128,4036,56.5325300725,55.978340596,37.709106568,46.5025336113,49.0057743871
128,4037,56.5543669431,55.9839849654,37.8724022827,46.8074526353,49.4994574731
128,4038,56.5649447625,55.9855630947,37.0989150564,45.4166610331,49.7115336149
128,4039,56.567456602,55.9856968565,37.6387591801,46.1019069217,51.2412994018
128,4040,56.6018227973,55.9858511315,37.8738822838,46.9278645367,51.4308346503
128,4041,56.6273931859,55.9976366408,37.8681819208,47.4095650712,51.6493567487
128,4042,56.6432737024,56.0189691765,37.3313875031,47.0537931,47.4042744106
128,4043,56.6519365612,56.0295543161,38.0394350808,45.020484481,48.8908859346
128,4044,56.6537801541,56.0297179881,37.8476996083,45.9427183576,46.1787237955
128,4045,56.6734198592,56.0307280741,38.0198501421,46.298406395,48.9714868629
128,4046,56.6834368285,56.0313395783,37.5329048399,46.7456476482,48.7120580571
128,4047,56.7232586011,56.0320447446,38.0414999265,45.7919195962,49.0358364787
128,4048,56.7402081505,56.0383842793,38.249459063,44.9748729098,49.6821322966
128,4049,56.7458042626,56.0413300205,38.0104833296,46.5457188841,49.5683673541
128,4050,56.7766271208,56.0439674632,37.9446377506,47.2256010355,48.9711478134
128,4051,56.7968734878,56.056086626,37.9654038902,45.1383397261,50.5846651335
128,4052,56.804173874,56.0613757011,37.528411281,47.5931017806,49.4376701481
128,4053,56.8153109392,56.0735731264,37.9508063048,45.4655029288,49.4254129695
128,4054,56.8288379047,56.0812780526,37.9844564742,44.8205931489,49.7513725015
128,4055,56.8533594923,56.0817235595,38.1370816731,44.6682595297,49.7732144006
128,4056,56.8649492336,56.0821877291,38.4992193428,46.1415444631,50.3238922031
128,4057,56.8737207691,56.1044242137,38.4632587368,47.2078860731,49.4051404903
128,4058,56.8925023954,56.1144644829,37.8559011707,46.1540807229,47.4064627673
128,4059,56.9114431453,56.1254565455,37.7890765617,47.0219677054,51.0882224768
128,4060,56.9367438183,56.1280498115,37.9286222942,47.069381052,49.7851825294
128,4061,56.948705271,56.1281556294,38.5385609131,45.625683246,47.5757196679
128,4062,56.9622992524,56.1281647274,37.9609744017,44.8853627932,49.4421351944
128,4063,56.9711020517,56.1719609201,38.2534526309,46.2014065627,51.0349156679
128,4064,56.9850513535,56.1787040279,38.2468082484,46.7690541476,49.5009356669
128,4065,56.9944475455,56.1915595946,38.2337309188,45.5536873261,48.4544281081
128,4066,57.0175293372,56.2159625205,38.4329927855,47.0824106218,49.2367713749
128,4067,57.0329359855,56.2250889492,38.1769627679,46.6880654174,49.0408543665
128,4068,57.0588238024,56.2431258229,38.6998548696,46.9297204985,49.2069034017
128,4069,57.0670995238,56.2524639757,38.2460114104,47.1141966256,50.4601776303
128,4070,57.0862150842,56.273198401,38.4704596619,45.4213944911,50.2992708974
128,4071,57.0919398567,56.2802870952,38.0027609785,46.3322573744,48.9258449146
128,4072,57.1072199694,56.2995780917,38.1833546139,47.390785166,50.5655642637
128,4073,57.1215395854,56.3009875938,38.1506484882,46.1361603932,47.3703232303
128,4074,57.134461693,56.3029699131,38.3749107459,46.9650794735,50.9082113357
128,4075,57.147539903,56.3186282687,38.8587097951,46.6128430951,48.7895786881
128,4076,57.1524967111,56.3186288275,38.3625022362,45.812295148,51.0203639076
128,4077,57.1828268875,56.3217402533,38.4387929872,46.0388702275,51.4592743684
128,4078,57.2039461047,56.3220809432,38.5327348907,47.1112529662,51.0473362961
128,4079,57.2180530599,56.323730526,38.93010463,47.7816780815,50.4127692351
128,4080,57.2480533136,56.3795726861,38.7529494767,47.3190838283,49.1404940731
128,4081,57.2717447811,56.3897704799,38.773942385,46.2204734855,49.3739141
128,4082,57.2831320492,56.4017254698,38.1920321474,46.1091667404,48.0493651289
128,4083,57.3016752222,56.4022093585,39.1468078232,47.1296764442,51.4364939022
128,4084,57.3039805681,56.4076834815,38.9817143178,46.9590038695,50.0131277549
128,4085,57.3205874867,56.4076960505,38.8272249957,46.885791983,49.0799712406
128,4086,57.3414171101,56.4079466422,38.7712882634,46.0547225245,50.6241755249
128,4087,57.3528378172,56.4119690778,38.8773946955,47.1452900114,49.1739081621
128,4088,57.3600397841,56.4316831817,38.8148412521,47.2885290449,50.7550081611
128,4089,57.3814540868,56.4478993227,38.3845570775,47.4650732367,50.6236389208
128,4090,57.415001685,56.4479105752,38.9887580643,45.2735846659,49.6849599392
128,4091,57.4214944526,56.4480278191,39.1092623787,47.3916349165,49.1735383196
128,4092,57.4284021966,56.4480348732,38.9107450076,46.7244247752,48.1656098923
128,4093,57.443534846,56.4546222266,39.0355781284,48.4645133391,48.4532005548
128,4094,57.448281028,56.5101298372,39.2571837737,45.7414314199,50.0921222086
128,4095,57.4549702258,56.5169371055,39.2057917082,47.9017168897,47.4713799288
128,4096,57.4935269108,56.5575990181,37.9729653606,47.8849278759,50.0368156269
128,4097,57.5032779783,56.5605147283,38.2914462135,48.1414430389,48.9777815347
128,4098,57.5075768872,56.5631344846,38.5921101591,48.0968296454,50.0965334785
128,4099,57.5205857216,56.5632339663,38.3711523452,47.0689046698,48.2394569993
128,4100,57.540399151,56.5703511562,38.3832259301,47.5768957379,48.7773670955
128,4101,57.563390818,56.5705649852,38.5184584367,46.6514785853,49.5377507303
128,4102,57.5700632058,56.5722906762,38.3634466992,47.2257465559,48.197189709
128,4103,57.5828137591,56.5743484187,38.7571277239,47.4992890926,50.1120527254
128,4104,57.6021797814,56.5982127274,38.6049237316,47.666784025,49.8190897895
128,4105,57.6049022688,56.6315245628,38.7011413373,47.339791425,52.879089875
128,4106,57.6214609473,56.6488509145,38.452908163,47.677593317,48.8416244695
128,4107,57.6493279519,56.675940778,38.6419511236,46.5309515535,51.5811361974
128,4108,57.6562314552,56.6787106429,39.1248358143,47.5470212346,50.1776382728
128,4109,57.6755300852,56.6944464768,38.3637322479,46.9249443694,51.7110948781
128,4110,57.7039989065,56.695831188,39.1824472737,46.890431363,51.1398219507
128,4111,57.7219832981,56.6974477141,38.9801698786,47.6477033171,51.1640801115
128,4112,57.7358686796,56.7022311114,38.2533407201,48.100279242,51.3868062277
128,4113,57.7555644978,56.70530479,38.7815456272,47.9534643702,51.0349340379
128,4114,57.7816879018,56.7164090965,38.8479046994,46.4759687907,50.4329010698
128,4115,57.7858549119,56.7171300967,38.9357409417,47.8930528993,51.1746677538
128,4116,57.7997662232,56.7178542416,38.7199358511,48.4120013984,51.5741392708
128,4117,57.8244113154,56.757811036,39.0194890712,48.140248919,49.5791674085
128,4118,57.840271386,56.7584886581,39.0995028319,47.1787214344,49.4559870849
128,4119,57.8524179081,56.7728008124,38.897403715,47.6190422226,49.6807755864
128,4120,57.8658515219,56.7757308143,39.1916746368,47.3390375472,52.6007401452
128,4121,57.868919231,56.7759256208,38.9668820508,47.3143416811,48.309041699
128,4122,57.8954497139,56.7837290243,39.3101244116,48.2107148393,49.3193816944
128,4123,57.9039176787,56.7973888221,39.0621478084,47.5120067094,51.4904472768
128,4124,57.9105270393,56.8059213873,38.9800798054,47.724253776,49.3164906622
128,4125,57.9308804888,56.8231191621,39.3985143616,47.7075608393,49.6374219704
128,4126,57.9444581996,56.8342472083,39.3496757415,48.0153929545,51.5238986822
128,4127,57.9756886027,56.8478138665,39.2212186355,48.7994281855,52.1715593656
128,4128,57.9940092605,56.852967411,38.9519569126,49.1650269794,51.8593547051
128,4129,58.0017983376,56.857114718,38.6527971849,45.9710405911,51.5034752084
128,4130,58.0172306428,56.8582404981,38.9587498684,47.0000724265,48.9952923999
128,4131,58.0371548732,56.8582579131,39.1654669411,47.0661208674,50.7480457908
128,4132,58.0629869037,56.8654672329,39.2499385246,48.4248974042,49.293400253
128,4133,58.0690655618,56.867394424,39.0476947379,47.2810882254,49.4644315788
128,4134,58.0761223077,56.8696683332,38.9070071063,48.4059563642,50.8278701501
128,4135,58.0993000363,56.8962697853,39.4919282976,47.5816526586,52.0452990487
128,4136,58.1089391338,56.9258777489,39.0635841832,46.9528359703,49.7740909962
128,4137,58.1270905116,56.9259969093,38.7897605673,47.1470328371,51.6600335436
128,4138,58.1537593367,56.9362050684,39.4341331245,47.6234083966,50.9597992946
128,4139,58.1605550877,56.9362414188,39.3409044037,47.7040667981,52.1927229231
128,4140,58.1853500402,56.9415073407,38.8181834988,48.1417649156,50.1214307087
128,4141,58.1995706499,56.9569027172,39.40190934,46.8042834133,50.149777376
128,4142,58.2119469933,56.9571701724,38.9594502397,48.128757676,49.8691906755
128,4143,58.2212279962,56.9576610205,39.242341473,48.7850499808,51.6958641305
128,4144,58.2432712715,56.9671551474,39.4379402535,47.7320762401,50.3153815085
128,4145,58.2451727444,56.9977455818,38.9833843008,48.1371008979,49.1264845566
128,4146,58.2772291333,57.0050767484,39.5943134072,49.2344429388,50.2010312285
128,4147,58.2899122249,57.0274114,39.5806541164,46.8149576799,48.0949174917
128,4148,58.3026530922,57.0288794764,39.6072333363,48.2452809605,51.8303631335
128,4149,58.3107131705,57.0369192602,39.5626362844,49.005160497,52.353846191
128,4150,58.3236372855,57.0470449822,39.9427297428,48.6049513132,50.9621358518
128,4151,58.3327336466,57.0510880334,39.7738369071,48.2255619805,50.3561040568
128,4152,58.3604512978,57.1029121097,39.8791655428,47.6989072503,51.146185147
128,4153,58.3644651985,57.1412692546,39.3084140928,47.2792802201,51.5150186982
128,4154,58.3749546086,57.1533266494,39.8004867163,48.8487682109,49.7562554558
128,4155,58.4050356661,57.2502565662,39.0548045482,46.9507677147,51.5230571031
128,4156,58.42231823,57.2708735247,39.389758477,47.821390595,49.7602365418
128,4157,58.44002422,57.2913810608,39.7578883541,48.3628884306,51.5540318497
128,4158,58.4477012521,57.3969339487,39.3769358925,48.6269128506,48.7203182716
128,4159,58.4704479616,57.4439497467,38.8490731596,47.8649098679,52.5722324071
128,4160,58.4761519865,57.4457856704,39.6428736943,49.3307619578,49.966453594
128,4161,58.5075556193,57.4465925741,39.7944073255,48.7521012047,51.2831593644
128,4162,58.5213565768,57.460488649,40.185171409,49.2948928953,50.4342815858
128,4163,58.5302214841,57.4695213336,39.8860115122,49.125152468,53.5876983865
128,4164,58.5448669374,57.469566574,39.7503759408,48.3955259344,50.2081212031
128,4165,58.5619877531,57.4829717096,40.2502683266,48.3779776065,50.4618827449
128,4166,58.578981995,57.4910010931,39.6986696608,47.0757038906,49.0758540368
128,4167,58.5875611188,57.5011940833,39.8842285601,49.0901342579,52.5755885758
128,4168,58.6105655819,57.5110151695,39.2629626675,48.2764616375,51.5000423032
128,4169,58.6333586496,57.5127991448,40.0439716964,47.9824492501,51.514900446
128,4170,58.6371175682,57.51352579,40.624630567,47.1391316611,51.1374079143
128,4171,58.6733406119,57.5176352294,39.3877152609,49.0204613535,53.2232964152
128,4172,58.6786259016,57.5335311073,40.4910207543,48.6720606257,51.9100040344
128,4173,58.683991643,57.534385943,39.7631335976,46.5779388538,49.6114016038
128,4174,58.6961609061,57.5399983242,39.9783439736,47.7908545031,50.3163725034
128,4175,58.7035361044,57.5577000465,40.1579064646,49.8426444715,50.6861539372
128,4176,58.7243157992,57.5816389429,39.9568167542,48.0250306819,53.0549427851
128,4177,58.7461892552,57.5902304713,39.9598158123,48.51699196,51.0179796767
128,4178,58.7613121773,57.6041516461,40.196093263,48.2367936445,50.6695412481
128,4179,58.7833288409,57.6053787773,40.1412211881,48.268431189,50.1543544888
128,4180,58.7982044198,57.606024063,39.9878513746,49.0024374955,52.7534225517
128,4181,58.801492384,57.6112815345,40.7051736206,49.1674477239,52.2020516535
128,4182,58.8155857047,57.6114323226,40.3652250142,48.5282595577,49.7295620573
128,4183,58.8471926591,57.6170879828,40.6037181681,48.7053168854,48.076404755
128,4184,58.8673107199,57.6217298215,40.2709673211,47.4460270474,49.5540059284
128,4185,58.8893163828,57.6327145066,40.3648446086,47.9996769801,54.1154251229
128,4186,58.9079610028,57.6540806773,40.1410462108,48.9100496935,52.5175773071
128,4187,58.9136551343,57.6723309594,39.9777436247,48.80770612,50.2896246246
128,4188,58.9344060799,57.6776978747,40.2895250543,48.5174216272,52.9978535349
128,4189,58.9511290725,57.6831286033,40.2711083103,46.6973825305,53.7667736441
128,4190,58.9674407048,57.6866573862,40.5348818815,49.5429787485,50.2970253424
128,4191,58.9689993123,57.7045360305,40.8782800724,49.1423163823,51.4199758928
128,4192,58.9757145935,57.7047389911,40.7606972335,49.0963831395,52.5742936499
128,4193,59.0253231824,57.7286973965,40.1637292453,49.836604708,48.8523671199
128,4194,59.0264823362,57.7344691641,40.4153270541,48.5890592715,53.0147004924
128,4195,59.0283399308,57.7641807854,40.4421391794,48.8117838239,49.8225738617
128,4196,59.0659154646,57.7690631766,40.8583907532,46.6373099686,52.4965617882
128,4197,59.0823752232,57.7771087212,40.337439053,49.3861484862,50.1019432922
128,4198,59.1055319201,57.7895392878,40.1909614648,47.6371129972,50.8983677385
128,4199,59.1186992194,57.8053620281,40.6058042308,48.9343099373,51.8332563364
128,4200,59.1289210736,57.8053629613,40.8603131282,49.5493307308,50.7129101612
128,4201,59.1553659232,57.817122123,40.8056650567,49.945328635,52.2146090638
128,4202,59.1647567784,57.8258820185,40.4151732802,49.5817654544,50.2080753835
128,4203,59.1752616217,57.8539418605,40.9330670243,49.0337899916,51.4627349007
128,4204,59.1940579274,57.8635632825,41.2741042708,48.5866168369,52.9113291667
128,4205,59.2046669194,57.8696655151,41.3345906979,48.8750404398,52.3192620624
128,4206,59.2331804813,57.869784666,41.0628078376,48.5636344007,51.6097016486
128,4207,59.2403893731,57.8963506057,40.6397208562,49.2673774157,54.584083358
128,4208,59.2615560373,57.9162353914,40.6782642721,48.3755401806,51.9747054638
128,4209,59.2791721474,57.9415423916,40.708435398,49.3917604087,50.8145421074
128,4210,59.2905224487,57.9421821039,41.0850029621,48.5670622198,51.5670427049
128,4211,59.2962419946,57.9796666735,41.2116418411,48.452649309,50.995605176
128,4212,59.3081108219,57.9825825384,40.804344923,49.6853026169,51.2352166657
128,4213,59.3398176532,58.0584942782,41.1079889692,49.9882926163,51.7581593933
128,4214,59.3468772627,58.0664131104,41.1716346107,48.9814826364,51.553681908
128,4215,59.3866464444,58.0729009741,41.5347646643,49.4988193373,52.1000812366
128,4216,59.3940298356,58.0809138835,41.0752094618,48.934067507,51.6117114021
128,4217,59.3997797828,58.0854582679,40.4277361618,50.0384138882,54.8568505623
128,4218,59.4135614155,58.1231230909,40.8744035405,49.3747613921,52.9267490522
128,4219,59.4424051204,58.1365957434,40.8567493559,49.3813102504,50.5905582784
128,4220,59.4457672317,58.1416503492,40.8733602681,48.6499329463,52.5978448585
128,4221,59.4592154587,58.143193059,41.2211300523,49.6595683798,51.4317782935
128,4222,59.4832872075,58.1632609278,41.4023068471,49.1716650428,50.7009320023
128,4223,59.5101636086,58.2375543625,41.0047687328,50.6824932183,51.7453556637
128,4224,59.5236742728,58.2773751183,40.2162280495,47.7640608475,51.6800658477
128,4225,59.5364827289,58.2774863904,40.4757634808,49.2443797694,52.9443443634
128,4226,59.5568096689,58.2777284823,40.5290818945,49.4662381972,53.4221043252
128,4227,59.5628294588,58.2945590579,40.8260686959,49.4099302161,52.3114893797
128,4228,59.5848971215,58.3097002272,40.5058072329,50.247243322,52.0895463018
128,4229,59.5986396273,58.3127466388,40.800511943,49.6832717032,50.425571882
128,4230,59.6101467547,58.3129239445,40.9028901619,49.3537079238,50.6352339223
128,4231,59.6300426455,58.3129686223,40.879706638,49.4939597436,51.0223709568
128,4232,59.651901607,58.3211548007,40.7430873148,49.2263406388,52.3100483947
128,4233,59.667408931,58.3233985802,40.5506422314,49.1415683211,49.798141612
128,4234,59.6835789803,58.3269947098,41.0106457764,50.9343629134,53.8997837523
128,4235,59.7100927095,58.3287019554,40.6073921778,48.3504749292,49.9016212819
128,4236,59.7189567374,58.3293761396,41.1420566405,50.8097244705,52.0973282698
128,4237,59.732837367,58.3302581106,40.8357435956,47.4760483021,51.2475118564
128,4238,59.7455625684,58.3585086643,41.1749348776,49.9141856257,52.2962090055
128,4239,59.7623825193,58.3610204151,40.9089164092,49.6120491662,51.4478013069
128,4240,59.7727645342,58.369538525,41.0693953194,49.3662964329,52.634377251
128,4241,59.7888840449,58.3784434014,40.9582612804,50.402268233,50.1340813444
128,4242,59.8088791563,58.3790717949,40.9366373384,49.261404876,49.6439142018
128,4243,59.8160957165,58.3854722341,40.6739889307,50.2302615682,49.9364776578
128,4244,59.8437588765,58.3854722343,40.8669028839,48.6664724014,48.5086015174
128,4245,59.8566570459,58.3857829158,41.5006117334,49.3648696021,48.7178664724
128,4246,59.8814206388,58.4002178376,40.6674972195,49.4687111869,53.1485530742
128,4247,59.8864715864,58.4152756933,41.5385676456,50.3882134591,50.7613854444
128,4248,59.9121799294,58.431316173,41.0874584449,49.9851222418,52.7812470954
128,4249,59.924320213,58.4362179938,41.0686188855,50.5218810803,53.6487162899
128,4250,59.9393865356,58.4548856418,41.0787166238,48.7410372293,52.262231456
128,4251,59.9552020626,58.4551294876,41.2531357495,49.0973339509,53.2649965251
128,4252,59.9637099881,58.4551308828,41.2624707899,49.593011857,51.8670503989
128,4253,59.9815119078,58.459430849,41.2942412342,48.4079142433,53.1828211817
128,4254,60.0037927989,58.4649118759,40.7555009594,48.3683398407,52.216718448
128,4255,60.0080842517,58.4779746142,41.3120992384,51.0724495359,51.967664672
128,4256,60.0331228138,58.4782738051,41.4206479515,50.6557247555,54.1556174181
128,4257,60.0602506863,58.4817501004,41.1821128317,50.1192356269,50.7847544215
128,4258,60.0670113188,58.4860572193,41.3767370417,49.6127574783,49.8327905184
128,4259,60.0849155485,58.4862052847,41.5734332314,50.2253982174,54.0079668424
128,4260,60.1048612735,58.4973142655,41.9076245825,49.7846748481,52.0410814728
128,4261,60.1124247541,58.518745658,41.5064527383,50.0852705036,53.4223196711
128,4262,60.1345287895,58.5250150775,41.613817607,50.6381237942,53.6420946841
128,4263,60.1488147627,58.5309859685,41.7391890419,50.1815070842,50.4679053108
128,4264,60.158454275,58.5386694197,41.8623697559,50.0682022212,53.1052195809
128,4265,60.1788924378,58.5519313405,41.3740739273,51.0007514955,51.7238699664
128,4266,60.1815083785,58.5569956248,41.3873558199,50.2226425259,51.265772958
128,4267,60.2045259566,58.5629236074,41.7270291761,50.1311502307,53.6008012483
128,4268,60.2313162908,58.5661002739,41.2840873529,50.218591672,54.7721164339
128,4269,60.237978986,58.5662970158,41.8578946161,50.7306757249,52.0196648055
128,4270,60.2515886847,58.5833179539,41.5630702411,49.6897744603,52.2088808292
128,4271,60.2644876948,58.5864612736,41.7056118635,48.8206972123,51.7164659559
128,4272,60.2936479334,58.6115470942,41.3820461127,48.0607649319,50.7372578994
128,4273,60.3133791224,58.6148077603,41.290713689,49.7208622186,54.7466175517
128,4274,60.3285840843,58.6967947768,41.9214114052,49.7404154221,54.2454980928
128,4275,60.3389732345,58.698666914,41.3716325538,50.265585226,51.2682040117
128,4276,60.3491366512,58.6988596946,41.866195055,50.7999550367,52.3956427331
128,4277,60.3742591911,58.7037002363,41.5730168654,49.014189589,53.7128344848
128,4278,60.3924561098,58.7166048722,41.8479521782,49.8631478983,53.2811428552
128,4279,60.4061085989,58.7268842534,41.3684446931,51.1212914893,52.6483259182
128,4280,60.4192486013,58.7286978583,42.0099305958,48.8772643611,51.8938748843
128,4281,60.4289470866,58.7329468027,41.6957867144,49.8961457716,53.4224562193
128,4282,60.4451061526,58.7415705941,42.1316664041,49.4638957653,54.4956524165
128,4283,60.4482780179,58.7776629666,42.1636683804,49.7799549815,53.0171095388
128,4284,60.4689552089,58.7821703837,42.0410662094,50.0672011139,53.0059885656
128,4285,60.474718641,58.794666307,42.2548967602,49.0322537299,53.1757445241
128,4286,60.4947832567,58.9161552882,42.1694482434,50.5228206569,51.0366346713
128,4287,60.5124400012,58.9548375669,42.4772012355,50.6167648258,52.6514611563
128,4288,60.5256842358,58.9606385355,41.9215347366,50.2661093282,51.2589990748
128,4289,60.5348332405,58.9751987403,42.3600910386,51.2115777241,52.6873566014
128,4290,60.5486930916,58.9786704004,42.2043542163,49.8750340025,52.5439156452
128,4291,60.563386187,58.9843389954,42.0183901424,50.6805108182,50.4779080251
128,4292,60.5757133827,59.0031655161,42.2266973663,51.085536754,53.141158112
128,4293,60.5897098295,59.0355132503,41.6321849905,49.8631791673,51.7279540995
128,4294,60.5915465169,59.0367794311,42.5124683358,49.6493564549,50.0495800884
128,4295,60.6148366858,59.0426092315,42.0826793627,49.2350467438,51.8909647293
128,4296,60.6445853702,59.0534466624,41.8520880847,51.6607101828,53.8963867454
128,4297,60.651878014,59.0563242662,41.9354861527,50.8231996636,50.0184545754
128,4298,60.6661095355,59.0601684264,41.9606796249,51.0734858666,52.1935332536
128,4299,60.6818799913,59.0628033232,42.2558331406,50.3848426638,52.0684719428
128,4300,60.6828159308,59.0669947627,42.3072694024,49.4442555751,54.2932626527
128,4301,60.7076087972,59.068183307,43.1718987422,51.0047177435,51.5544695315
128,4302,60.731188529,59.0705003423,42.551546312,50.7504138355,52.6986705789
128,4303,60.7448991782,59.1065912698,41.9028474034,50.6742956853,54.0379511654
128,4304,60.7505346446,59.1293373028,42.5309725521,50.5990256237,55.4337100901
128,4305,60.7712393575,59.1432467631,42.6611255362,51.3377293141,52.641767182
128,4306,60.7972086067,59.1577129339,42.2976061001,51.0184149833,52.31609582
128,4307,60.8166090599,59.1608656675,42.7781893619,51.1029816335,53.0124487991
128,4308,60.8344821488,59.1616474435,42.8322452487,49.4407959948,52.2734924104
128,4309,60.8511011739,59.165125997,41.8941530472,50.2568219111,52.1251788833
128,4310,60.8622834307,59.1654088739,42.5942807977,51.0678291344,53.2667546231
128,4311,60.8803738069,59.1902598462,42.4665159451,52.5397348663,55.2963012136
128,4312,60.8997537557,59.1942378339,42.3751560791,50.2975621475,53.4120768183
128,4313,60.9181671326,59.1947631908,42.1015599501,50.4055640864,53.0302939487
128,4314,60.9198675078,59.2164148853,42.2940679727,51.4497910827,54.1474857419
128,4315,60.9260707576,59.2241506353,42.8958550915,50.3487887395,53.1858631134
128,4316,60.9413862567,59.228576925,43.1990894801,50.134647474,51.3888552561
128,4317,60.9517926791,59.2492493467,42.7371451205,51.1654450131,51.5877796644
128,4318,60.9862366612,59.2492874848,42.510855442,51.0890080258,52.9374622935
128,4319,60.9981196379,59.2527530605,42.768409938,50.8148493598,55.6285504848
128,4320,61.0073409689,59.2528733229,42.7381836178,50.0478941392,50.0881600107
128,4321,61.0199143505,59.2575848862,43.2074677541,50.193868363,51.0393012885
128,4322,61.0293058774,59.2698146699,42.9364345858,51.9658219463,54.2899599045
128,4323,61.0607485574,59.2758203674,42.1967704923,49.725580536,52.5234536911
128,4324,61.0693668014,59.2824926296,42.4226452736,51.2511569959,52.5460005087
128,4325,61.0832135536,59.2824964043,43.0175707955,51.2242218092,54.5974864285
128,4326,61.1065941603,59.291204092,43.687992134,48.2314617018,52.7164050167
128,4327,61.1191679327,59.2934458344,42.9577018757,48.258942616,52.3103781682
128,4328,61.1369317985,59.299707583,43.2799322016,51.2672619922,53.5213394402
128,4329,61.1425773332,59.3109339918,42.8634776519,50.6427878967,53.0859414059
128,4330,61.1685552783,59.3111433168,43.5465607567,50.1148665285,51.960699982
128,4331,61.181082076,59.3350092213,43.1954379168,50.720225257,52.7670203421
128,4332,61.2100313233,59.3376894441,43.2909119803,50.377346458,52.2474702356
128,4333,61.2129151705,59.3384214059,42.817319919,50.0178697066,51.7753360747
128,4334,61.2286730358,59.33865529,43.544988709,50.9830293441,55.2321103636
128,4335,61.2443466253,59.3541828185,42.9174955447,52.3181188172,55.559741066
128,4336,61.2657346667,59.3691429459,43.056279487,51.2853126589,54.3153177135
128,4337,61.2769197757,59.3766971081,42.9526305089,51.8408174155,54.2384138724
128,4338,61.2869590929,59.3881351792,43.4607194673,51.9626283712,54.2520189853
128,4339,61.3087118084,59.4207473467,43.0813063473,51.5807340083,55.016138733
128,4340,61.3329044887,59.4278576397,43.2154280552,50.5062405239,55.2290874571
128,4341,61.3423414259,59.427889206,43.2155583812,51.7988599825,52.2350723917
128,4342,61.3508908597,59.4527578651,43.3606485474,51.1310297432,53.7808464376
128,4343,61.366102805,59.4644877985,43.340819956,49.7202118432,53.8403427541
128,4344,61.3933602456,59.4646942236,42.8332045921,52.1836214368,52.8440550087
128,4345,61.4020132908,59.5083682477,42.9375946193,50.8670580547,50.1177973661
128,4346,61.4090564623,59.5144724141,43.0611595049,52.3305179054,51.466643335
128,4347,61.4229833906,59.5221601971,43.6565803222,50.5794264921,54.156492881
128,4348,61.4330239882,59.5242022394,43.756549951,51.7606876063,55.0252508667
128,4349,61.4509015596,59.5406428241,43.5608162079,51.5328234023,50.9322642663
128,4350,61.4710009562,59.5803663999,43.79117107,49.9186814576,53.7784881778
128,4351,61.4782874744,59.5809209872,43.4278837855,52.1367002458,53.8369109523
128,4352,61.5094409907,59.582008269,42.8141904567,51.0848867339,53.1965603668
128,4353,61.5325668009,59.5946368649,42.7048077036,51.5879323275,52.0489594507
128,4354,61.5476451254,59.6034166097,43.0586646629,50.6181664792,53.9621318055
128,4355,61.567613862,59.6152734509,43.1809738826,52.2456842362,55.8307433642
128,4356,61.5710386911,59.6267455822,42.2745195422,50.6341286031,53.8792574124
128,4357,61.5982589139,59.6279326748,42.93815558,50.5200420644,51.5511053594
128,4358,61.6014254278,59.6329896009,43.4347457988,52.31370931,50.7091301357
128,4359,61.6254253979,59.6400901975,43.4157485885,51.4067812002,53.368483294
128,4360,61.6443273298,59.6415121984,43.2291821604,52.156676376,53.8983716019
128,4361,61.6557103992,59.6578308413,43.9021246007,51.4200709995,54.9951706172
128,4362,61.6709131611,59.6594799173,43.2345366138,52.3858860183,53.1183223736
128,4363,61.687060517,59.6598318208,42.9646019927,50.9824592021,55.2020965669
128,4364,61.6960837532,59.6666444581,43.1178256921,51.0155833397,52.940959403
128,4365,61.7184129229,59.6672430304,43.2679421003,51.1655964265,52.0952158325
128,4366,61.7348678965,59.6707180515,42.6266569562,50.2818753246,54.7643569525
128,4367,61.7489951756,59.6723823873,42.99744887,49.4273149883,54.8595114547
128,4368,61.7538257353,59.6861220123,43.5315648405,52.4421217903,54.5934802803
128,4369,61.7776436916,59.7255676201,43.3605448778,51.5648350023,54.0573912744
128,4370,61.7964702244,59.7297152531,42.8913806471,50.0169357373,54.8193529854
128,4371,61.7976757665,59.7328092375,43.2428254362,52.5730208264,55.3326922684
128,4372,61.8077058969,59.7368543635,43.4896115983,52.4868829157,53.7151774089
128,4373,61.8418685962,59.7567318223,43.5357041104,52.9111370006,51.9487321609
128,4374,61.8432385066,59.7790918063,43.0532159545,51.0546617157,53.3688298479
128,4375,61.8635469973,59.7912949929,43.3684985666,51.0042001343,53.4085786091
128,4376,61.8729115192,59.8054077788,43.3623710904,51.6348229273,53.9392008895
128,4377,61.8946242489,59.8162762352,43.4809037745,53.1516860692,53.9503889854
128,4378,61.9031105021,59.8474385727,43.5123215219,51.8628796497,54.1682834717
128,4379,61.915625887,59.8661821085,43.4059907997,52.4250868823,53.0125184002
128,4380,61.9312959626,59.8927088662,43.0910944543,50.0704184073,55.2218959714
128,4381,61.9426255282,59.9257745312,43.341330389,52.5385292984,53.6206293413
128,4382,61.9622020605,59.9460769483,43.3685616024,52.2050828062,53.8609426026
128,4383,61.9939931114,59.9525907411,43.319355278,50.9402181206,52.4942712887
128,4384,62.006188584,59.9527339071,43.5424225378,53.8583411729,53.2938746265
128,4385,62.0223632515,59.9540818814,43.7479905619,51.6512169703,56.4640661582
128,4386,62.0499334093,59.9542894776,43.3755141765,51.9017727751,55.0804845913
128,4387,62.0573400996,59.9564867546,43.4780837817,52.2119302878,55.1596373495
128,4388,62.0642271237,59.9678703302,43.5459680126,52.9652686609,55.6160035325
128,4389,62.0716933823,60.0031388512,43.8998559793,52.16160016,50.6852524771
128,4390,62.0901497628,60.0036151516,43.459162939,53.2494834784,54.2828427987
128,4391,62.1145626705,60.0312196864,43.779669905,52.5815168868,54.7694599632
128,4392,62.1329259258,60.033371096,43.6229110887,51.5125759243,53.9030567697
128,4393,62.1505104624,60.0364315808,43.4308366682,49.8001444947,53.9970471997
128,4394,62.1785358311,60.0514740312,43.9555728018,52.3561490992,55.0898154675
128,4395,62.1863066834,60.0608606629,44.4550385351,52.6250874107,53.8247081378
128,4396,62.2009279061,60.0614058108,43.6659308241,52.6413347535,54.80854756
128,4397,62.2252776655,60.0633717282,43.979487765,51.536822054,53.997448355
128,4398,62.2476604585,60.0653964229,43.9228154193,52.4551320251,55.2322510179
128,4399,62.2537975314,60.0655802353,44.0061713791,51.1664714479,53.9383504454
128,4400,62.2688731796,60.1329298513,43.4373325838,52.8679820245,53.8923508805
128,4401,62.2753142422,60.1329378603,44.3328060734,51.0997872481,54.502322646
128,4402,62.2970426502,60.1407403917,43.8708782068,52.2713195225,50.8867613498
128,4403,62.3149116678,60.1522213955,44.1953105414,52.7732212102,52.4718318271
128,4404,62.3300891261,60.1526245965,44.2344805754,52.3344366255,55.410884319
128,4405,62.339356209,60.1684161695,44.0647852861,52.8684424277,51.9834677513
128,4406,62.3709389691,60.1890758478,44.2328065177,52.5404191173,53.6654736707
128,4407,62.3855544809,60.1895963421,44.3307166468,51.5619281178,55.5437694415
128,4408,62.3932668014,60.193919503,44.4649640155,52.6697792704,54.0700791817
128,4409,62.4190344677,60.2330976376,44.227503905,51.7000393996,53.2954412517
128,4410,62.4317049126,60.2334762554,44.24377783,52.1584511779,54.394168102
128,4411,62.4519437196,60.25569364,44.391600827,52.1834270362,54.6339838261
128,4412,62.4578870906,60.2778528429,44.2880100541,50.0189720824,51.2986136207
128,4413,62.4693376314,60.335559976,44.2015129199,52.9782964513,55.3639319838
128,4414,62.4830671037,60.3842732476,43.825373077,51.521625735,55.631146579
128,4415,62.5117089042,60.4012326466,44.1740476865,52.1842833964,52.3095250791
128,4416,62.5179581004,60.4609527019,43.9624096836,53.0650989815,53.3134928381
128,4417,62.5335602022,60.4654028137,44.3348200973,51.200118418,55.1271345945
128,4418,62.5587957927,60.4663823405,45.1205014494,53.9842365733,55.9590782992
128,4419,62.5763531106,60.4681000029,44.0890758994,51.8984009298,54.5456945036
128,4420,62.5895413423,60.4681322413,43.8804003333,52.2838438876,53.65997881
128,4421,62.6012166526,60.469801415,44.2034608939,50.7414199595,54.0269493862
128,4422,62.6173153992,60.4706313252,45.234280211,51.3623275516,55.763027632
128,4423,62.6200818992,60.502072066,44.8323297178,53.1804575323,55.1428233917
128,4424,62.6463203812,60.5100012819,44.1237040151,50.6790998684,55.7514052932
128,4425,62.6621024874,60.5118218031,44.5480204079,53.0763189606,54.3939887006
128,4426,62.6775586731,60.5164760425,44.8762829784,53.0474636476,55.7713598961
128,4427,62.7006759698,60.5385125117,44.2912832732,53.2430051586,55.8846009998
128,4428,62.716474743,60.5386115059,44.2327056048,52.3342454839,56.5135486465
128,4429,62.7320205308,60.5439673286,44.2323695584,50.8203008386,52.7341732845
128,4430,62.7429853471,60.5450228208,44.4583964129,52.578044983,55.6272542301
128,4431,62.7597111324,60.5584782951,44.7161083788,52.6426919915,55.6142245413
128,4432,62.7762682291,60.579930218,44.536392951,52.4080094515,53.8544735183
128,4433,62.7931963897,60.5980075272,44.4723943921,52.036332984,54.8856588735
128,4434,62.8125988234,60.6007307223,44.4959256831,53.5003017559,56.3393866818
128,4435,62.82860219,60.6019080015,45.2903858436,51.7702941378,54.1831412449
128,4436,62.8460110998,60.6028176863,44.9779820462,52.2965235284,53.476557582
128,4437,62.8549290691,60.647705541,44.6814445523,51.949722019,54.668341234
128,4438,62.8715376044,60.6500610822,44.6743110899,53.7054519693,55.773054381
128,4439,62.8796694483,60.6593779717,44.2518193497,53.2241058619,53.1855677697
128,4440,62.9160354217,60.6853048336,44.7650578321,51.9074041675,55.3355010425
128,4441,62.9248735605,60.7061810394,44.565916634,52.2946723219,55.3826462467
128,4442,62.9457351918,60.7091184307,45.0904555983,52.1300590351,55.6163714984
128,4443,62.962277041,60.7100448621,45.0836761845,54.0332090201,54.2199261242
128,4444,62.9728731802,60.7309641476,45.3978482324,52.5921818126,55.7213274059
128,4445,62.9888505453,60.7381163678,44.7666468765,50.4261306859,56.3430735412
128,4446,63.0043622923,60.7489916759,44.4019577479,52.1306444907,54.028534203
128,4447,63.0113389136,60.7882059751,45.2547247492,53.3107933493,54.5671425205
128,4448,63.0459438443,60.8007255449,44.8431177529,52.6277132266,56.3760584928
128,4449,63.0581480903,60.8171657162,44.9871798629,53.6516479642,55.3384653415
128,4450,63.0747047215,60.8549640386,45.310352883,53.4655747402,54.7134400271
128,4451,63.0821930385,60.857943338,45.1471946189,52.9822822382,55.7871817621
128,4452,63.0922332192,60.8911413187,44.9420310222,52.76033207,53.8442949725
128,4453,63.114438751,60.8951457173,45.1154719381,53.2323751111,54.312993757
128,4454,63.139538751,60.895822458,45.8675457212,53.8229170971,53.6505717193
128,4455,63.1546452424,60.8962133646,45.5563357146,52.7194124554,53.5950576275
128,4456,63.1652945239,60.9127764614,45.5316579562,52.5568357224,55.1406140035
128,4457,63.2010673188,60.9219247318,44.7614731083,53.0355706709,56.6422206858
128,4458,63.2183718003,60.9219282495,44.8452803046,54.6511872706,55.4872054637
128,4459,63.2306984928,60.9243609467,45.2161338355,53.2021202989,54.442638817
128,4460,63.2363330499,60.9434862978,45.4345336546,52.8262932549,54.3323426031
128,4461,63.2532747106,60.9461944597,45.4584741846,52.5851618801,53.7579487609
128,4462,63.2546801104,60.9465922348,45.1017723677,52.6319711437,52.8745889359
128,4463,63.2691964531,60.9696743094,45.881356887,53.4963809384,55.0958213634
128,4464,63.2948141214,60.9887639143,45.3895009077,53.6296250598,56.7062418786
128,4465,63.317013469,60.9887666244,45.4259411539,52.7069966102,55.095379579
128,4466,63.3240213418,61.0042140424,45.5525172793,52.6564697639,52.0368875483
128,4467,63.352229824,61.0260144188,45.6956070854,53.6484386478,56.2097379276
128,4468,63.3657771303,61.0396225023,46.1321164426,53.277929126,56.6936171439
128,4469,63.3824780024,61.0597954169,45.273611747,52.6084987593,56.5184757177
128,4470,63.3949320395,61.0887981621,45.6091438119,51.7132832221,56.1175719332
128,4471,63.4194322411,61.1273829693,45.7865124081,52.4748313093,55.0630715733
128,4472,63.4361164972,61.1344125689,46.0162338303,54.1495895253,55.0313013405
128,4473,63.4451015373,61.1606811766,45.033641413,53.5749281812,55.0978723697
128,4474,63.4555228453,61.1617961614,45.4066173067,51.347360966,55.3299778714
128,4475,63.4758000837,61.1860071839,45.8946630136,52.4481353784,55.9687701103
128,4476,63.5071004351,61.2306263907,45.7752075887,54.0307140206,56.6461507404
128,4477,63.5143967491,61.2615660936,45.4364851011,54.5056491543,54.6428643255
128,4478,63.5337699181,61.3518480852,45.4490552349,54.6277370937,53.9362400796
128,4479,63.5409987212,61.3530013751,46.0504115118,52.6849494611,56.6228388007
128,4480,63.5483590988,61.358152079,44.8166733757,52.51620021,55.2674899748
128,4481,63.5735190255,61.3719192411,45.7854837113,52.1135262067,54.6090446551
128,4482,63.5832007901,61.3738682094,45.3443824467,52.2025797751,57.3520899671
128,4483,63.5993753269,61.3783163942,45.3611610453,52.7693055397,54.5900290692
128,4484,63.6096177911,61.3791483275,44.8983308166,52.1406468298,56.9666823459
128,4485,63.6332800569,61.4074960998,45.3429274813,54.0568261416,53.0138520189
128,4486,63.6342729685,61.4497291745,45.1739714825,53.6012719159,56.5493087502
128,4487,63.6611764626,61.4564878078,45.2969736985,54.3772794116,56.1601957586
128,4488,63.6791354428,61.4587279709,45.6315136136,52.8331527829,55.2027878348
128,4489,63.6925553155,61.4736094138,45.5508369112,52.453169396,54.4145188604
128,4490,63.703940259,61.4874068335,45.2826701215,53.8452367053,56.4921905119
128,4491,63.7317887286,61.5147999895,45.5330247472,54.1763953415,56.4780459498
128,4492,63.7426078931,61.515313106,45.2651163153,53.1948459496,55.6283829313
128,4493,63.7691626365,61.5181552959,45.4175753434,54.3575297884,56.7289096393
128,4494,63.7808829366,61.5344321401,45.4425540433,55.1195245566,55.0018107719
128,4495,63.7996219044,61.5577340114,45.6390724881,54.6666047934,57.3678100898
128,4496,63.8023710637,61.5658058284,45.6489366356,52.5150658473,58.4244948394
128,4497,63.8161576982,61.5679982805,45.6573958447,51.2412676298,55.1203239241
128,4498,63.8472807412,61.5886645517,46.0160091593,54.1940828436,54.1833114196
128,4499,63.8607786152,61.5952147698,46.2148325543,52.1717966227,54.9162871654
128,4500,63.8735302297,61.6350625454,45.7197475434,54.1499111718,54.3209355932
128,4501,63.8984932538,61.6417248172,45.7595407711,53.9920272586,54.1743834339
128,4502,63.9027689354,61.650061067,45.4141440923,54.244188786,57.9366859652
128,4503,63.9190229272,61.6504388298,45.403476714,53.9549971387,54.8224895516
128,4504,63.9297116065,61.6636783205,46.3544871241,51.8423308888,56.6711807608
128,4505,63.9506122178,61.6640540632,45.772213281,53.1757283813,56.4958542053
128,4506,63.9560356458,61.7121657892,46.3224621099,52.5874133674,57.0873246365
128,4507,63.9933380558,61.7240608382,45.8306189406,53.5671861081,56.3047481505
128,4508,64.01411331,61.7301345622,45.9455739383,54.5246637625,55.5888077768
128,4509,64.0377498753,61.7732105563,45.5548388206,53.2774430505,55.1076758714
128,4510,64.0425899808,61.7750442174,45.7619013666,54.4715088806,55.2392625189
128,4511,64.0491007106,61.7750872609,46.2642268668,54.6598075433,56.7116182251
128,4512,64.0579247641,61.7796176933,46.0344825265,54.5665232809,55.4090919924
128,4513,64.0636414277,61.7981707926,46.5237093656,55.4835976133,56.839037286
128,4514,64.0911208573,61.8009648273,45.5355750397,53.4037542277,55.0714620147
128,4515,64.0975141509,61.8017199106,46.0394642261,54.9366944895,55.9128170299
128,4516,64.1197580994,61.8202854563,45.9901406464,55.3616255746,55.5821300412
128,4517,64.1273835145,61.835071998,46.1550129395,52.4886308849,55.1752058796
128,4518,64.1495006299,61.8383164364,46.4101468309,54.3351266277,56.401048407
128,4519,64.1509847761,61.8588456953,46.1604306297,53.1441287688,53.1717981933
128,4520,64.171022759,61.8680588372,46.7012058452,54.0524477141,56.3546757605
128,4521,64.180222735,61.8823655094,46.4285750948,53.4144438082,55.7288409558
128,4522,64.2054375318,61.8829640893,46.4641788183,53.5094084461,57.2156175313
128,4523,64.2181888465,61.8974299455,46.1763112859,53.8575393,56.3387769375
128,4524,64.229980523,61.9517073891,45.9735186846,52.984425066,57.3955458915
128,4525,64.2633894871,61.98673505,46.0895869628,53.4387000153,56.6988481031
128,4526,64.2858797142,62.0423054808,46.3928662395,52.4772899826,57.0726115171
128,4527,64.31075869,62.0556659751,45.8371708104,54.5902537087,57.3846316721
128,4528,64.333351517,62.06168859,46.190419655,54.7472220105,57.6386027069
128,4529,64.3432489056,62.0748901322,46.6896334006,52.7975840058,54.4506425765
128,4530,64.3535745665,62.084865412,46.8259839507,53.7790472681,56.1694878187
128,4531,64.369414639,62.1244985235,46.1339272224,54.1575182222,57.4569318201
128,4532,64.3722820524,62.1252381354,46.3588511712,54.1735324811,56.8465095619
128,4533,64.3887672308,62.1596491657,46.7565088144,52.746301149,55.7067848027
128,4534,64.4138820783,62.1842451959,46.3699926457,54.6374044558,57.347076686
128,4535,64.4201508159,62.2320650549,46.8663807216,53.4052097069,55.8237117885
128,4536,64.4303104388,62.2546151179,46.4362421602,53.2133734841,56.1541825461
128,4537,64.4560116624,62.3304517305,47.0175582969,54.6053102482,54.4426242954
128,4538,64.4664523549,62.3489230366,46.8281874519,54.2919845254,55.2178198973
128,4539,64.471841931,62.4047885129,46.9631415205,54.8554022193,56.7717161271
128,4540,64.4912225324,62.4681494092,46.6248123872,53.5190397357,55.3082559966
128,4541,64.4936393631,62.5335129186,46.0986111329,53.7539837517,58.2224718468
128,4542,64.516930754,62.5469156874,47.0475503216,54.5526977245,57.4608161141
128,4543,64.5423762589,62.6194333545,46.5479613235,50.6997107094,54.1255985896
128,4544,64.5631418768,62.619988773,46.757251775,53.1349113831,56.1168343041
128,4545,64.5776375652,62.6294715915,46.4581342607,54.3637463444,57.4532118831
128,4546,64.5810089037,62.6339639818,46.9133992517,55.4171311081,56.4729127444
128,4547,64.594047265,62.6393854463,47.1423965809,54.0912911324,57.1634881506
128,4548,64.60756358,62.6580757507,46.6034870122,54.4334054757,58.0690377354
128,4549,64.6339604056,62.6685034716,46.5829089449,54.786589511,53.7482089631
128,4550,64.6412034159,62.6720242906,47.2600319827,54.800427126,55.988053676
128,4551,64.6574347983,62.6792172461,47.0878167607,54.8278629885,55.2244705001
128,4552,64.6781235538,62.6813103012,47.3056374664,54.6244517224,57.5606863845
128,4553,64.6947995369,62.6840082596,47.299848726,54.7795561459,57.2746881067
128,4554,64.6959300757,62.6863275967,46.9195150454,54.8531371974,56.4895921109
128,4555,64.7193527927,62.6964229435,47.152679208,56.3042145844,57.2406560838
128,4556,64.7354533516,62.6966916169,46.5027846202,55.0181513676,57.1772521
128,4557,64.7396311755,62.7062093058,46.7340098299,54.2430957123,58.1587587588
128,4558,64.7580221598,62.7065909173,46.8107393998,52.468065466,58.0002265914
128,4559,64.7634230674,62.7066333546,46.9449645771,55.8994490866,56.2259029975
128,4560,64.7782653735,62.7143555937,46.5887781492,53.4317878723,58.5583937473
128,4561,64.7937534772,62.7157364487,46.8031294973,53.2022409193,56.6464122286
128,4562,64.8119553271,62.7189438732,47.3664913144,55.7154540538,56.5160654198
128,4563,64.8390711736,62.7240993068,47.10671921,55.3990952755,57.4113192861
128,4564,64.851952676,62.7249464024,47.2332013747,55.1490156075,56.7241695879
128,4565,64.8611344286,62.7252629451,47.2588491864,52.8764663404,57.2685362422
128,4566,64.8679698925,62.7355179433,47.0374241303,55.6595407686,55.077019546
128,4567,64.8874575568,62.7407864287,47.7138045892,54.0116421833,57.4909743193
128,4568,64.8976999759,62.7589536219,47.1282656071,55.6621056744,57.5075964043
128,4569,64.9102743451,62.7675389771,47.3870549133,54.4920056795,58.1215277979
128,4570,64.9302603293,62.7792014623,47.1849950155,52.7355097899,56.3022820484
128,4571,64.9336078124,62.7792131792,47.6161530461,53.8212260671,59.2664351203
128,4572,64.963620035,62.8161609695,47.4629268532,55.1356063841,57.8938105415
128,4573,64.9910444218,62.824469534,47.5058668269,55.5047533321,55.7744790402
128,4574,65.0237733878,62.8403715463,47.2660832492,53.3680461906,57.1280515158
128,4575,65.026471145,62.8497953629,47.0220839239,54.5899798602,54.0731582658
128,4576,65.0490218867,62.8555183033,47.3260037196,53.9001858982,57.8558171761
128,4577,65.0592742059,62.8665724648,47.2211087975,55.5280026776,58.5073678977
128,4578,65.0872516724,62.8999657745,48.169423385,53.9066287339,56.3627274041
128,4579,65.1052358485,62.9001184552,47.9880660425,54.6508634922,56.0126879946
128,4580,65.1103163135,62.932673871,47.6768708348,55.1375949405,57.1012865025
128,4581,65.1261437018,62.95017374,48.1384912771,55.0972209987,55.6873852891
128,4582,65.1398381397,62.9595018064,47.7173234939,55.2409119336,57.1443620479
128,4583,65.1448478535,62.9661966531,47.6825420302,53.6103191584,57.9802035798
128,4584,65.1600289658,62.9680797319,47.3752903457,54.6032238467,56.7543431161
128,4585,65.1933475679,62.9801934739,47.3934919968,56.0142312396,55.4502109621
128,4586,65.2070069702,63.0137963833,47.7454000319,53.4773669715,58.1378126725
128,4587,65.2326638889,63.0218325915,47.4658111414,54.215837229,57.7843444956
128,4588,65.2409520018,63.0325276731,47.5963317045,53.9104861881,55.8786105136
128,4589,65.2509859654,63.0469634938,48.2272485879,55.6725559544,58.1368920821
128,4590,65.2688572437,63.0469779651,48.4160602516,54.762126735,57.9316921209
128,4591,65.2852035385,63.0870783871,47.7991993277,56.0709615891,55.9191372011
128,4592,65.309837375,63.093506816,47.8968928741,55.7961212345,56.052287262
128,4593,65.3304558525,63.0969729341,47.7888105941,54.9988089336,57.9020900424
128,4594,65.3346312487,63.1657145797,48.1317171404,54.7548571763,55.9113200888
128,4595,65.3613979158,63.2085694552,47.9495235259,56.2905765522,58.9073796521
128,4596,65.3781176051,63.215301959,47.9290283145,55.9390834733,58.8647447684
128,4597,65.3899423552,63.2299344807,47.9384315839,55.4354608023,58.5903006127
128,4598,65.4123884965,63.2670688124,47.7446774664,55.1252523664,57.4286170741
128,4599,65.4214456248,63.2764220122,48.2475463419,55.0928981092,56.6919597538
128,4600,65.4485455539,63.3595675866,48.003625454,55.8190497177,58.7628384976
128,4601,65.4635015199,63.4026282163,48.0336794196,54.4371072999,58.6834736826
128,4602,65.4749006475,63.467367715,48.0464215086,54.8042032454,58.4123565811
128,4603,65.4887879283,63.5710143865,47.9686183713,56.9371652285,57.5184167686
128,4604,65.5082852453,63.6395442153,47.929578694,55.94357281,57.2671152814
128,4605,65.5289431581,63.6790594275,48.399857527,53.7700765786,58.2810078388
128,4606,65.543119739,63.6953659237,48.3334421267,55.3755205418,57.0289604693
128,4607,65.5500408711,63.7241631654,48.1392477964,53.3618191234,56.1565610949
128,4608,65.5606470952,63.7284105418,47.4965944845,54.925291843,56.7463201659
128,4609,65.5743519324,63.7633878813,47.8896318688,56.3914173831,56.8717024141
128,4610,65.5770126662,63.7639248455,47.9628877089,55.8315846955,60.3160461662
128,4611,65.6102526726,63.7654420362,47.304249365,54.1328033637,55.0747736546
128,4612,65.634253803,63.7656966392,47.2511309623,55.906315778,56.2027918641
128,4613,65.6452598901,63.7774435466,48.2643872473,54.8425869918,54.7370637946
128,4614,65.6558840157,63.7782994061,47.3486081691,53.6042084469,56.1991980922
128,4615,65.6787515323,63.7792977828,47.6034052047,54.5284746648,55.5288609087
128,4616,65.6977475692,63.7812919563,48.3824356162,55.5452914218,58.0756397711
128,4617,65.7074938669,63.7826483268,47.8659488078,55.2264215648,56.6588518711
128,4618,65.729675552,63.8003293117,47.5821398501,56.4002161663,56.3953067598
128,4619,65.739905721,63.8013622945,48.0628983502,55.1938031032,57.3651067993
128,4620,65.770818357,63.8195693933,47.6877486034,56.5272427331,58.0318036787
128,4621,65.7835603216,63.8195812561,48.5109188554,54.6182989682,56.73594366
128,4622,65.8056937858,63.8205847396,48.1321902654,55.9599882895,57.7051330457
128,4623,65.8288459646,63.8208409203,48.4459301599,55.1692462321,57.0342528755
128,4624,65.8352981492,63.8398007114,48.0029875771,55.7233695973,57.9125209513
128,4625,65.8727562008,63.8544936724,47.6791878557,55.9463838648,56.2284217722
128,4626,65.8802542518,63.8562540519,47.8765862446,55.1541536244,56.4812844681
128,4627,65.8900885936,63.8639779474,48.1017827907,55.8674677416,57.9794012679
128,4628,65.9127934136,63.8807272339,48.3189636379,56.1681817087,58.5547612981
128,4629,65.9199205286,63.8808356784,48.1734538658,56.8251747706,58.2800568155
128,4630,65.9407704309,63.8887263306,48.3057910001,54.9475420924,57.4019769813
128,4631,65.9466423031,63.8957405069,48.6392676592,55.5093359646,56.4872143166
128,4632,65.959707412,63.8985427215,48.9219166525,53.3239026334,56.6937766843
128,4633,65.9654135734,63.89856788,47.6699429326,54.8475422071,58.3804736906
128,4634,65.979660333,63.9003764511,48.2429283442,56.5025770826,56.2190131075
128,4635,65.9960580752,63.9004778194,48.3517814862,55.7442541079,59.7178858508
128,4636,66.0242464851,63.9149880781,48.4243339796,54.9414043767,58.5853712637
128,4637,66.0402224308,63.9229953781,48.236907557,54.1663574265,57.495409357
128,4638,66.0617187326,63.9407654826,48.1730375692,55.7454639083,58.4767920895
128,4639,66.071952978,63.9493603887,48.7981737798,56.802361364,60.5350507933
128,4640,66.0824845068,63.9506951476,48.1171551775,55.6336518423,58.0771908756
128,4641,66.090284944,63.9523250357,48.4946069536,56.3693606572,56.6603427909
128,4642,66.1251731032,63.9895374402,48.3445426091,55.4610331372,57.8786064779
128,4643,66.1318196514,63.9949329557,48.5963865765,56.7532166377,55.1935680743
128,4644,66.1429221754,63.9951435842,49.030485356,54.5152436349,58.5577336698
128,4645,66.1463103191,64.0009540384,48.8516148111,53.9501824648,58.7279943745
128,4646,66.1703481811,64.0036734991,48.5664770191,56.3881711873,57.6154622926
128,4647,66.1774985351,64.0064076152,48.8543078988,55.4718497278,59.3426855045
128,4648,66.1844311033,64.0678047734,48.5553142545,54.9025943883,61.0605468304
128,4649,66.2217944889,64.0717946278,49.0188117655,57.6204380049,58.4005808933
128,4650,66.2362530251,64.0947258623,48.8979891793,56.6372243113,58.9248327262
128,4651,66.2604694076,64.1000313773,49.4028044371,54.5301535769,60.1011177473
128,4652,66.2877250296,64.1162734171,49.277208319,56.0903286337,58.2189020721
128,4653,66.2944132777,64.1319003611,48.8020459762,54.3619125457,56.8271888496
128,4654,66.3002042075,64.1899359269,48.4558832753,55.2965811633,60.5742327823
128,4655,66.3191498881,64.2080747819,48.9387912935,55.7049853924,58.0586246976
128,4656,66.3271156406,64.2265778845,49.1661863313,54.5299336413,57.8841484928
128,4657,66.3509612575,64.285929924,48.7235044516,56.558663238,59.4064590591
128,4658,66.3634345688,64.2879872008,48.2951281271,56.1620637771,59.0997769682
128,4659,66.3768917257,64.3352297866,49.7830468605,54.7723630399,58.8625456494
128,4660,66.401020671,64.3352541285,49.0849107026,56.2320414734,57.8034293017
128,4661,66.4061675892,64.3456300012,48.5421767156,56.5306936556,59.6800737401
128,4662,66.4376630311,64.3680006731,48.7941029263,57.0916221241,58.0082388829
128,4663,66.4434813992,64.3943255768,48.66002622,55.7146510037,59.1128776226
128,4664,66.46457761,64.3946911276,49.3227556088,57.7461492834,59.1787399447
128,4665,66.4810725277,64.4698622746,49.1687229381,57.5168217231,60.0597036825
128,4666,66.5002925902,64.57477019,48.6711275608,56.1590066617,59.0196368193
128,4667,66.5151697842,64.6253353986,48.8463995523,56.6388929744,56.6338173681
128,4668,66.5448352613,64.6480882284,49.0176642903,54.855283421,59.8024444914
128,4669,66.5473098469,64.6796190914,48.7617669416,56.5367283948,58.207129517
128,4670,66.5654230483,64.7448127659,49.8939526486,56.4209882914,60.5785458354
128,4671,66.5725064182,64.7747673358,49.562971148,55.5414385654,60.6538070113
128,4672,66.5977116434,64.7908784006,48.847267634,55.4867165185,57.7094280092
128,4673,66.611444278,64.791227088,49.1783588877,55.8397348366,59.0395821072
128,4674,66.6267502561,64.79127604,49.5536096928,54.695345015,59.743549832
128,4675,66.6457408811,64.7921296016,49.2106137167,55.6001293361,58.7422853313
128,4676,66.6536346851,64.7922715332,49.3652195526,56.9208599091,59.3216247009
128,4677,66.6885440585,64.7926122142,49.1223811295,55.3028783184,59.0896009096
128,4678,66.7021754033,64.7942082493,50.0773175543,55.6370925209,58.6720868601
128,4679,66.7232394708,64.8079654309,49.0917170729,56.5147738836,58.0095205857
128,4680,66.7341352671,64.8130936423,49.7132297542,56.4084919516,59.1767599508
128,4681,66.7511863902,64.8206445218,49.4652832624,56.8682025844,57.9331954068
128,4682,66.7740605849,64.8323153841,49.1655058613,54.9540927302,59.3395852389
128,4683,66.7813725568,64.8360842811,49.0287354517,55.629080874,57.3959289459
128,4684,66.7883335061,64.8444151021,49.6824604843,57.2398211856,56.6679312317
128,4685,66.8062033009,64.8450690655,49.9705718489,55.5966372985,60.9436484292
128,4686,66.8359915726,64.8477974688,50.0287030201,56.968518649,60.2013282895
128,4687,66.8500834676,64.8482999231,49.0838229921,57.1347062823,59.078648808
128,4688,66.8629288898,64.848450589,50.0957767309,56.0540856561,60.0965366296
128,4689,66.8793947699,64.8542633149,49.4510515395,55.8913634635,58.207250499
128,4690,66.8949410808,64.8585965351,49.5962865751,54.3287569697,59.2109687494
128,4691,66.9114544928,64.8709101575,49.9636936109,56.2478773895,58.0190077355
128,4692,66.9341946842,64.8869421182,49.734152249,54.9222450541,59.9598458695
128,4693,66.9486813767,64.8871279968,49.5765087675,56.6234016567,60.0643152808
128,4694,66.95432018,64.8954539474,49.6096605031,56.9391564213,59.7017415049
128,4695,66.9661793626,64.9169374397,50.0128702398,56.353978296,59.9031003045
128,4696,66.9816870269,64.9327239024,49.4991302291,56.9704371206,59.5303273134
128,4697,67.026859643,64.9327997482,49.5127239408,57.3783573364,59.0028652019
128,4698,67.0305883525,64.9340565582,49.38763405,57.2059572104,58.489358445
128,4699,67.0319547499,64.9350026305,49.660924129,56.8601724536,58.2601321947
128,4700,67.0548284609,64.9384670082,50.1503293684,54.8654719057,58.6781772257
128,4701,67.0654723935,64.9462192214,49.6745646575,56.8712569264,58.9456915426
128,4702,67.081061542,64.9790203617,50.4558075601,56.3152721898,58.4561112107
128,4703,67.0889275713,64.9976980899,49.6129411909,55.9654472973,61.5730343565
128,4704,67.1156856135,64.9993141734,49.6105299861,56.3715714613,59.325050576
128,4705,67.1361170092,65.0009166328,49.9203484801,55.8358798636,59.801414452
128,4706,67.1434981031,65.0069862214,49.678352495,55.8993923656,60.2748744208
128,4707,67.1741353627,65.010381333,49.2591542097,57.6974870514,57.423988713
128,4708,67.179678017,65.0196855491,49.5673345966,55.6010675054,60.4512828724
128,4709,67.1899823437,65.0311950745,50.013891618,56.8107333173,61.0740400374
128,4710,67.21952374,65.0479567654,49.6538758026,57.506792929,59.7028223482
128,4711,67.2350181528,65.0536550731,49.98109524,58.7490865264,59.6452401941
128,4712,67.2384059208,65.0846056475,50.1919474667,58.1324376768,59.3608686232
128,4713,67.2494671709,65.1106832101,50.6134029197,56.5551208255,57.8910668794
128,4714,67.2630688738,65.110686196,50.8210231473,56.4323307537,59.2764839933
128,4715,67.2731522245,65.1225193371,49.9337904256,54.8211123791,60.3358280335
128,4716,67.2792589859,65.1271148033,50.3307045175,56.2331691504,59.4194998959
128,4717,67.3115696001,65.1515562173,50.9033817615,57.8194817618,60.3560281235
128,4718,67.3301128547,65.1515950265,50.5544563261,57.4027140651,57.9923542722
128,4719,67.3481064089,65.2026223392,49.9805426049,58.4222829003,60.9435716757
128,4720,67.3612470971,65.2149574149,49.8245527839,55.3138786396,58.8762182807
128,4721,67.3891967348,65.2267010681,49.54904943,57.2311085153,58.820638381
128,4722,67.409421316,65.3062225695,50.6264551188,56.3869082893,60.399307229
128,4723,67.4118193052,65.3151228575,50.3857212626,58.0287479436,59.3998336508
128,4724,67.4392273412,65.3152518054,50.6942541224,55.2011836863,59.4243012542
128,4725,67.4427799358,65.36588616,50.3456669149,59.222269405,60.3728664589
128,4726,67.4690152623,65.4133029597,50.5918520422,57.7868255536,59.3033778008
128,4727,67.4850385943,65.4766938582,49.9084752356,57.2438893651,59.295103134
128,4728,67.4900585453,65.5340246329,50.6531534924,57.4386410109,60.9610074363
128,4729,67.4979154446,65.5786226483,49.8491708165,56.6670956051,59.1221822869
128,4730,67.5297772061,65.5986155628,50.6961090239,57.5125051377,61.2445790807
128,4731,67.5326192123,65.6518200681,50.3714462973,57.4758069045,58.2751900289
128,4732,67.5540234099,65.7093997652,50.3714516795,58.6233156831,58.3263351595
128,4733,67.5779063705,65.731618983,51.079005954,59.9297430886,59.8291605546
128,4734,67.5838640199,65.7331610755,50.3357731069,55.6073576522,60.5181001724
128,4735,67.5989443279,65.7358904981,50.7001354255,57.0521373174,60.3055412919
128,4736,67.6203403899,65.7516155063,49.9929491982,57.3892286051,58.6521226478
128,4737,67.6310629578,65.7758079807,49.9050991471,56.6813440284,59.4511419174
128,4738,67.6414024816,65.7789110777,50.0386351555,58.1840233783,59.0038875164
128,4739,67.659150479,65.7789393429,50.1920921977,56.196853856,58.7383887351
128,4740,67.6709124191,65.7954356684,50.4910460004,57.8679942479,59.9774938165
128,4741,67.6884140888,65.8065917073,50.2530610539,55.6742263175,60.2971680722
128,4742,67.7025447634,65.8081055708,49.9755678042,57.6663671983,59.9471889722
128,4743,67.712813135,65.8215116269,50.1520594672,58.9301967221,60.5802317768
128,4744,67.7198439392,65.8237666087,50.2955452128,57.919661593,60.6154150018
128,4745,67.7427371674,65.8405348224,51.3088945131,55.9592431918,59.0303464345
128,4746,67.7476341938,65.8525612752,50.7242820535,58.199118404,57.0644568445
128,4747,67.7585610721,65.8547742358,50.4893526657,57.2354237688,61.0522192129
128,4748,67.7724733051,65.8600496416,50.539848776,58.0651859243,57.8498486445
128,4749,67.7804087148,65.8894281689,50.7724561369,57.29879914,62.5086556185
128,4750,67.794506249,65.8898526577,49.8778890408,57.9166542363,61.5387914783
128,4751,67.8137828684,65.8931711603,50.5750444413,58.6148758002,60.3204491296
128,4752,67.846928559,65.913888349,50.5728188407,58.0379402871,60.0762558
128,4753,67.8669458338,65.920017704,50.9725048726,58.2139598626,60.7953951527
128,4754,67.8781582225,65.9203762032,50.398836706,57.3662933969,61.145600013
128,4755,67.8829844805,65.9343272562,50.3623722124,58.2840205403,58.5589421849
128,4756,67.8988766924,65.9344083085,50.7931714633,58.7950533808,60.2787949178
128,4757,67.9210882774,65.9539544563,50.5635505614,58.4023459435,59.8702663181
128,4758,67.9275689597,65.9544475802,51.3545089517,57.3553858537,57.5447733931
128,4759,67.9671548973,65.968491552,50.8653276143,57.9704623196,59.9442114161
128,4760,67.975496435,65.9685030378,50.8719352985,56.4380656847,60.9086387963
128,4761,67.9872891345,65.9698981044,51.0375743346,57.911544002,57.4753929232
128,4762,68.0192441539,65.9786115661,50.2726777365,57.3448130487,59.9914718356
128,4763,68.0276291357,65.9786183651,50.536583567,56.6076247618,61.735884512
128,4764,68.0433059992,65.9798839958,50.8029330298,57.0646700992,59.8357618605
128,4765,68.0638972205,65.9799289078,50.9281401248,59.0127426884,60.0626108164
128,4766,68.0818683316,65.980730288,50.3076517314,58.2606259083,60.4193016426
128,4767,68.0935341571,66.0033833794,51.2449185499,59.6537812505,59.7108852016
128,4768,68.1069427193,66.0104833439,50.8386568342,58.8273450941,60.2165817602
128,4769,68.1197748223,66.0128750939,50.7741874461,56.0667973926,62.0201645983
128,4770,68.1419112932,66.0190937309,51.8139475999,57.2249485837,59.4095264583
128,4771,68.1553160548,66.0192492674,50.8105378482,59.4764280152,58.7352796476
128,4772,68.1745544948,66.0299668597,51.2697247826,56.7968155572,61.5066713535
128,4773,68.1951354369,66.0307026353,51.336722944,56.7326909209,59.2716301548
128,4774,68.209612773,66.0664626829,51.1563916856,58.4890838721,59.8796940969
128,4775,68.2200916326,66.0948274284,50.8037197214,59.1439157369,61.9919443278
128,4776,68.2301543751,66.1044936954,50.9994771774,56.8999565386,59.0221763529
128,4777,68.2420912214,66.1053423445,51.4050692193,57.0437783245,61.4848015838
128,4778,68.2620242543,66.1199942776,51.1749903373,58.91195573,59.5800092403
128,4779,68.2739062278,66.1226736019,51.3562068506,58.5474827726,58.9639426755
128,4780,68.289174307,66.1459001626,51.0767474113,58.1540626365,60.7000479326
128,4781,68.3057869424,66.1598531037,51.3231331689,57.4030271298,62.0504343507
128,4782,68.3158365479,66.1961145108,51.3780969171,59.581267495,62.1356897329
128,4783,68.3485837693,66.2036668308,51.0295925455,58.7275595638,59.7007570666
128,4784,68.3552978668,66.2821623179,51.1399171294,58.0258268145,58.7541519059
128,4785,68.3696103905,66.3059380821,51.1480281124,58.5909726038,60.0947997959
128,4786,68.3840841318,66.308415521,51.0958559829,58.6658070002,60.5766664588
128,4787,68.386545174,66.3417588716,51.2724273286,57.884059728,59.5595903575
128,4788,68.3952755693,66.3922461554,51.5344658059,57.6724186988,58.0530318449
128,4789,68.4113317069,66.4256001093,51.3305188649,57.2418888639,60.8863804223
128,4790,68.4233895358,66.4517339163,51.5966534611,58.9393998124,59.7122899781
128,4791,68.4463678768,66.4590397852,51.4156450259,55.238244614,61.1685426656
128,4792,68.4549749104,66.5322253732,51.0755317068,56.7189041602,61.3722856049
128,4793,68.4786125843,66.5572149748,50.8222483299,58.9186795862,61.768806074
128,4794,68.4905644154,66.5712853788,51.8589671398,59.0725819646,61.2675831044
128,4795,68.4996675418,66.6100864544,51.0440432594,59.3217322022,60.9887689908
128,4796,68.5079895726,66.7049138253,51.1915225726,60.0462579548,60.8793786284
128,4797,68.52705866,66.7662867062,51.6909489757,58.5784910969,60.2937380338
128,4798,68.5318193805,66.7667164164,51.369729755,57.1558292861,59.4594745146
128,4799,68.5681977144,66.7667254716,51.2609864523,59.1372314579,60.7712773953
128,4800,68.5711134092,66.7945296777,51.6274500674,57.5393843018,58.9822143084
128,4801,68.5868247095,66.804325963,51.2573354315,59.411134945,60.8484638684
128,4802,68.5912320426,66.8091298017,51.7100587239,56.893344798,61.6995598524
128,4803,68.6088577448,66.8116262373,52.0905827577,58.2013657384,61.1051319833
128,4804,68.6265698765,66.8121826615,52.2413752983,59.9982845075,61.1318879484
128,4805,68.6375444018,66.8278596237,51.5944084381,59.3506966305,63.6929437551
128,4806,68.6599638782,66.8294573592,51.4945159566,58.0629026429,61.4306689452
128,4807,68.6663702213,66.8295758788,52.3174246288,60.1209823122,60.3281650615
128,4808,68.6772192036,66.8394740539,51.6143965511,57.5616341283,58.3692631389
128,4809,68.7064014307,66.8442122356,51.8975664668,59.2120100466,62.4201213575
128,4810,68.7159144616,66.8533894064,51.8985677126,58.7053806596,60.7465458681
128,4811,68.7194829166,66.8574410606,52.6036225905,59.0627865218,59.4459521553
128,4812,68.7592973022,66.8595199168,52.478473811,59.7590885188,59.7441800754
128,4813,68.767240328,66.8871377172,52.1699178727,58.6154678025,61.1590070024
128,4814,68.7808358912,66.8899642052,52.1240943069,58.1916523513,62.0438443582
128,4815,68.7968928153,66.9031329236,52.0334153544,57.1997451857,62.9702452773
128,4816,68.828044152,66.9034336375,51.9550608187,58.3043597601,57.997144818
128,4817,68.8468802798,66.9047523417,51.9217018827,57.7912902679,58.3927126916
128,4818,68.8624880869,66.9051875834,52.2268415121,58.9381286528,59.7584693325
128,4819,68.8774063962,66.9067228105,51.970892963,57.4453955535,56.803462171
128,4820,68.8841194467,66.9227116553,52.3485182927,59.450642858,62.4498628696
128,4821,68.9077077489,66.9342272944,51.9266218058,57.9736185207,59.0426244986
128,4822,68.9299488236,66.9343163984,52.2421181332,58.9429539419,59.8431895991
128,4823,68.9472948606,66.9718880417,52.2735489964,57.2017479136,61.1913405763
128,4824,68.9594124409,66.9755512876,52.6122520481,57.9493025408,62.4198607925
128,4825,68.9835211978,66.9849972419,52.0527860245,59.8329842075,58.9242057754
128,4826,68.9900294664,66.9856884705,52.2804928698,57.7057484847,60.5052488375
128,4827,69.0019142362,66.987138327,52.0816285674,58.132118167,61.3272728358
128,4828,69.0122447743,66.9905570619,52.1328846771,58.1937730338,62.7864545709
128,4829,69.036673047,66.9907929655,51.6757214342,59.0987637915,61.2929153628
128,4830,69.0487196321,67.0104215506,52.3395925505,57.8436042089,62.079210548
128,4831,69.0631593752,67.0110831521,52.8711141663,59.7502894996,62.1927735326
128,4832,69.0796065974,67.0191375423,51.8911408652,59.1098287909,62.1965939988
128,4833,69.1027901028,67.031301029,51.4525714566,57.4367643467,61.3062104022
128,4834,69.1264118427,67.0416337666,52.5722031544,59.3974757001,63.4733754781
128,4835,69.1341551692,67.0430615445,52.2902686631,59.1244156159,57.1985299589
128,4836,69.14982013,67.0566807332,52.5209493159,59.509306025,61.2003030168
128,4837,69.1603684311,67.0780398159,52.3822357722,59.7832762954,61.228363441
128,4838,69.1799760592,67.0908691815,52.1710212499,60.0724514914,62.0376677398
128,4839,69.1904352074,67.0952594865,52.1076081512,58.1601556555,61.1423019857
128,4840,69.2175058214,67.1000720639,52.4574285642,59.1759287305,59.8744030902
128,4841,69.2230322067,67.1007231826,52.8531862782,59.1444639607,60.5132355908
128,4842,69.2464068869,67.1020862568,52.2820638916,59.8410872007,63.4472342602
128,4843,69.2711916969,67.1054004526,52.5004434864,58.9128757977,60.6108450758
128,4844,69.2793806206,67.1072864677,53.0559484438,60.6036989246,61.1555385317
128,4845,69.2955917099,67.1166286117,52.5620700179,59.9019474789,59.8686284966
128,4846,69.3109783608,67.1581684931,52.0198506405,58.8815160506,57.7282473598
128,4847,69.3165061431,67.1980181152,52.7699127489,59.3237716439,63.4522825024
128,4848,69.3316292553,67.241195141,53.1932351891,58.2875015912,61.8673647001
128,4849,69.3497289747,67.3115021385,53.3523886106,58.1098209052,61.1870862904
128,4850,69.3827363904,67.3360060279,52.9852573766,58.0897577986,61.6486553566
128,4851,69.3878174628,67.4065793915,53.0189230975,59.0909686972,62.9789948484
128,4852,69.4129034879,67.4125144309,52.7429772299,58.8304451709,61.7130294881
128,4853,69.4304800345,67.4424504086,53.4601031749,59.9981408633,61.4958270157
128,4854,69.4388425146,67.4821778415,52.5491671278,58.5348305022,62.7793197525
128,4855,69.4618687622,67.5403215542,52.7969835683,58.9533707741,60.9631038509
128,4856,69.4757136945,67.6236476839,53.0421905624,59.8563542621,63.6516950033
128,4857,69.492870171,67.6685270671,52.6285286062,60.5728902265,59.1736312629
128,4858,69.5068055528,67.6907287384,53.1989706294,60.251558697,63.6366777852
128,4859,69.525352131,67.743338661,53.1494823234,61.1446003115,62.2311033026
128,4860,69.5335246297,67.7515327392,53.9422671183,58.9367453338,62.6538468486
128,4861,69.5664681923,67.8011042399,52.3810147917,59.9637960923,62.5967641031
128,4862,69.570235513,67.8842800298,52.8903355506,59.7280070252,62.5244445033
128,4863,69.5962137023,67.888729325,52.823375006,58.6163984363,60.9291712293
128,4864,69.601903926,67.8986443115,52.7654613657,58.661415279,61.3802282488
128,4865,69.6138739777,67.910082176,52.9154744662,59.2660212922,61.0988265436
128,4866,69.6275923481,67.9104290531,52.7286926505,57.728644455,59.8591786825
128,4867,69.6473216585,67.9128306022,52.7338373147,59.9778346101,62.6849144607
128,4868,69.6688409427,67.9129297401,52.4049454189,59.4270529144,62.6871685769
128,4869,69.6785073657,67.9133841527,52.3362970052,59.5798417017,60.8577911292
128,4870,69.702162413,67.9147843216,52.6351155425,58.9021660111,62.6168688203
128,4871,69.7212688352,67.9240595954,53.2135275616,56.6593037276,60.2686149116
128,4872,69.7438836555,67.928991478,52.586400919,60.1916920269,59.4421424317
128,4873,69.7527754285,67.9523432329,52.9133396817,59.8637282381,61.6724215985
128,4874,69.7631654945,67.974020853,53.1630116579,58.4332465388,63.3617147008
128,4875,69.791970372,67.9999604747,52.8120447249,58.0663119288,62.022956231
128,4876,69.7935611418,68.0108402357,53.0942443702,60.9852455466,60.8765928592
128,4877,69.8211756165,68.0279342508,52.7644979282,60.1826683356,63.2339103797
128,4878,69.8337894307,68.0330288674,53.1936127498,59.3068941518,63.2358938458
128,4879,69.8367759384,68.0398533283,53.0130796712,60.3181020118,63.5391524764
128,4880,69.8378474269,68.039896608,52.7641923034,61.0448284878,61.5832697583
128,4881,69.861613944,68.0401010838,53.3663378278,59.3133959095,60.4757689994
128,4882,69.8773327893,68.0618113971,53.2086566668,61.101906258,60.2494125042
128,4883,69.9063839592,68.074870667,53.2207371975,59.9865942443,61.8930064178
128,4884,69.9320268715,68.0759968051,53.3497303713,60.257704309,62.1382368197
128,4885,69.9412020746,68.0820746596,53.1428924528,61.1594266442,63.7363690637
128,4886,69.9526498855,68.0994201593,53.6004632008,59.1959824249,62.3021096579
128,4887,69.956499852,68.1042074697,53.5730333287,60.3595759765,62.9912790092
128,4888,69.9792899155,68.134354996,53.3863625881,59.3140588893,59.504646117
128,4889,69.9824498723,68.1596049245,52.7586634657,58.067442484,60.0738646455
128,4890,70.0065675808,68.1602378605,53.2260081706,60.2897692534,62.6285525487
128,4891,70.0121580729,68.1829163997,53.847339554,58.5788410811,64.0256816014
128,4892,70.0459621285,68.1829176763,53.812893081,59.6058279786,63.0973256847
128,4893,70.0579090668,68.1848438946,53.806245558,60.0644835641,63.6929586226
128,4894,70.0696196553,68.1927094753,53.1378096397,59.1007159846,63.5808893011
128,4895,70.0826682212,68.2119787019,53.7489823562,59.7833476468,62.1820950243
128,4896,70.1101320704,68.2160207443,53.554930871,60.8493803142,60.2312524004
128,4897,70.1188842211,68.2213489912,53.6021319971,58.2559011279,62.8616780613
128,4898,70.1464226017,68.2224116308,53.7563033624,60.509052571,61.3448140238
128,4899,70.160777002,68.2365106813,53.4359722553,60.2425345317,62.5281969294
128,4900,70.1653696612,68.3156785649,54.3631150346,56.2181358969,64.0779415925
128,4901,70.1796461368,68.3188282666,53.5478037801,60.3693127496,63.5499663641
128,4902,70.2141344508,68.3292581671,53.5179933078,60.1516274829,62.6085864476
128,4903,70.2228783606,68.3582388513,53.7087683772,59.3031234865,61.1573790084
128,4904,70.2299071203,68.3676697834,53.9272732092,60.7215513969,63.8747883561
128,4905,70.2640264872,68.3678459691,53.3869863977,61.6092545903,63.0267612629
128,4906,70.277117878,68.3793237533,53.3473529567,60.6445675758,62.2865247396
128,4907,70.278781154,68.3795564956,53.6589322809,58.7007889072,59.9066269849
128,4908,70.3060426655,68.3832057784,53.7814480501,59.9387700187,63.8602417589
128,4909,70.3210635942,68.4057543602,53.6334856574,58.8161585281,61.6542938766
128,4910,70.3400760093,68.4223624701,53.6003488223,61.5055623521,62.6120884301
128,4911,70.3453741431,68.4568579166,53.0528403448,59.4744371585,62.10330444
128,4912,70.3595870515,68.4578883568,54.0993038264,62.3454878114,61.4572157737
128,4913,70.3802740488,68.5168877708,54.1536641133,61.2254935007,61.4969409646
128,4914,70.3864478699,68.551252467,54.3591743191,60.2814014137,62.7069046246
128,4915,70.4078932169,68.6016135089,54.0828400615,59.0033189134,64.8080641989
128,4916,70.4236535177,68.6016172065,53.5964353171,58.8672363282,63.7810421032
128,4917,70.438555138,68.6404569253,54.3980083082,59.696932372,63.0332739115
128,4918,70.4579421649,68.690080213,54.1786399298,59.2611904552,63.4499994995
128,4919,70.4721242249,68.7477033974,53.8572978759,59.788588373,62.3056010042
128,4920,70.4792802847,68.7962130014,53.6822116584,61.1535406761,62.7486139248
128,4921,70.5038532616,68.8251407563,54.322036899,60.3641966835,63.6816061649
128,4922,70.5129434127,68.8548989706,53.9461310107,56.9407962967,61.2679274787
128,4923,70.5343778896,68.8738333351,53.9688665008,59.873801083,61.0858445231
128,4924,70.557336682,68.9498940566,53.9984195269,58.4314974113,65.1267209157
128,4925,70.5708443037,68.9514406578,54.0854438865,59.2924965239,63.1227552169
128,4926,70.5851627607,68.9833215121,53.8669562082,58.7566888338,64.5945265889
128,4927,70.5945109899,68.9836232468,54.1764302898,60.2180395146,62.3385266807
128,4928,70.6201533642,68.9837452555,54.2725724517,58.8983698711,61.2409689372
128,4929,70.6383819454,69.0061087385,53.9733386737,60.3088413068,63.2801630938
128,4930,70.6449987317,69.0070889359,54.4389249252,59.3377747982,62.8720970468
128,4931,70.6621437261,69.0072969397,54.0425102454,60.6437489964,61.6196448767
128,4932,70.6780350174,69.0468630047,54.6920667476,57.575832803,62.9213707205
128,4933,70.689435761,69.0492227475,53.8091391296,59.8481596385,62.3667239177
128,4934,70.7074165302,69.0495779413,54.4320123286,60.5059525404,63.4352257394
128,4935,70.7213838067,69.0680893837,54.6014140217,59.7855663115,64.1277507234
128,4936,70.7256758626,69.0821139346,54.0223023519,60.1094894262,65.4137461066
128,4937,70.7552480769,69.0911427134,54.1142344461,61.7211140111,64.2839537606
128,4938,70.760569471,69.0912447574,53.4304884497,60.9044027279,62.3687924764
128,4939,70.7861863331,69.0997053727,54.3623033218,60.6432651078,62.8925997604
128,4940,70.7867319814,69.108175789,54.2324624561,59.6232502924,62.2826487849
128,4941,70.8051342915,69.1104467758,54.5067098168,59.2949530659,60.2962229507
128,4942,70.8127932793,69.110721382,54.2962072144,58.2860047788,64.3411502817
128,4943,70.843197187,69.1107226548,53.9610572917,62.2412270811,62.9916722261
128,4944,70.8628672503,69.1121849267,54.8785114687,61.7621730026,64.9729880765
128,4945,70.8713173442,69.1255469909,54.6576946968,61.7416557426,64.0599262536
128,4946,70.8833761686,69.132547318,54.7891873387,59.1055795489,64.9527469474
128,4947,70.9162225777,69.1658804838,54.7219791213,59.5879640582,63.5406675871
128,4948,70.9422226468,69.165961997,54.4791426705,61.1288151329,63.3858440856
128,4949,70.9508503018,69.1675669092,54.5407926323,60.2873235012,62.451545131
128,4950,70.9758940735,69.1683704249,54.5768480796,59.4975205567,60.4715343188
128,4951,70.996487651,69.1797962521,54.9256060878,61.421656745,64.7602622789
128,4952,71.0145021532,69.1854618396,54.2092397871,56.9170931841,63.8351307164
128,4953,71.0261978966,69.18933376,54.3091580577,60.9331147192,63.8515522874
128,4954,71.0407746328,69.2004857393,55.0565191779,59.5178023778,62.6597665288
128,4955,71.069833794,69.2141281272,54.6978375278,60.4321065717,63.0897674112
128,4956,71.0785466179,69.2486213812,54.7788819713,59.944558504,62.7583807334
128,4957,71.086488018,69.2498662706,54.7727533695,60.9953602437,62.7474663815
128,4958,71.1079669098,69.2502706212,54.6421010386,60.9836876043,62.298095201
128,4959,71.1542246833,69.2596884338,54.6392249611,60.7032090354,59.5323714124
128,4960,71.1687426158,69.2655867503,55.4978751987,61.7869753075,63.016093065
128,4961,71.1840520572,69.2682661333,54.7325717645,61.6259431611,65.4678783344
128,4962,71.2018187745,69.2759584095,55.3344683541,60.8887309668,65.6687588945
128,4963,71.2107063014,69.2822341969,54.8849780584,62.0569076656,62.1931259919
128,4964,71.2203636162,69.2926048387,54.4034808475,61.4263063008,63.0956823176
128,4965,71.2260399882,69.3022478662,55.5301970227,61.7792322596,64.1990614875
128,4966,71.2460659471,69.3052636088,54.7941602322,60.7290181548,62.3279832309
128,4967,71.2589449783,69.3179853187,55.3741010277,61.0641690441,63.6839871552
128,4968,71.2884445226,69.3688174181,54.882730015,58.8831981768,64.3844781104
128,4969,71.2925143062,69.4271471315,55.5410107288,60.0129843859,64.0070093657
128,4970,71.3180969472,69.4516399951,54.6944945779,61.8854208057,64.7665624391
128,4971,71.3286782307,69.4821986464,55.3657472534,62.5662094303,60.6282014678
128,4972,71.3416634542,69.5150355354,55.5918836477,62.2038246324,63.2212599428
128,4973,71.3557557773,69.516532501,55.6376158172,59.9847789084,64.203723254
128,4974,71.3658371976,69.5619801951,54.8070253448,59.2672156708,59.0826447648
128,4975,71.3921555956,69.5823173777,55.0870944962,62.7313193807,62.2512190781
128,4976,71.4200124589,69.6472934361,55.5802842786,60.1578613932,63.2382985478
128,4977,71.4324979835,69.6988954484,55.0302136106,62.5908443017,64.0276829878
128,4978,71.4559159118,69.7011399528,54.8394871479,61.687068895,62.7538431831
128,4979,71.4629887447,69.7729122557,55.2923444555,62.042475971,63.5864680088
128,4980,71.492009845,69.840326009,55.5310859307,60.4068853587,64.0971401786
128,4981,71.5073398928,69.8711372246,55.416057637,58.3314799169,65.3290820245
128,4982,71.525567575,69.9338249997,55.5453941253,60.6188630912,64.310268149
128,4983,71.530705128,69.9713310071,55.9175594507,61.7712872102,63.3558419009
128,4984,71.5344777666,70.0432720759,55.6307052376,62.9203922666,63.8546942797
128,4985,71.5466563522,70.0953858497,55.6119044423,59.7648457366,65.6784014199
128,4986,71.558583267,70.1092006258,55.9784654293,62.873022419,65.2011613893
128,4987,71.5716314863,70.170569419,55.5806841401,61.8263216738,64.0410633091
128,4988,71.6025198707,70.2243832148,55.608674096,62.6076270329,64.0343459156
128,4989,71.6200983353,70.2887822935,55.2241204989,60.7458432654,64.9021570328
128,4990,71.6312046422,70.3125507927,55.4744302846,62.6258062431,65.6413512552
128,4991,71.6458051265,70.3609371498,55.3202124661,60.6502804082,64.8949127491
128,4992,71.6541376948,70.3628601729,55.2893797246,60.5162540452,64.2439910085
128,4993,71.6799660066,70.3629312533,55.2325901071,61.3126844381,63.782266745
128,4994,71.6979042754,70.3713599926,55.9133815765,60.1537405936,62.9000333896
128,4995,71.7119547729,70.3743168253,55.7984927138,61.9106979458,63.4933927867
128,4996,71.7350460583,70.3910104533,55.6358031649,62.5047107011,63.389333347
128,4997,71.7630863312,70.3983229631,55.158707611,60.3212927334,64.6634618745
128,4998,71.7837489178,70.4022013747,55.5544453788,61.7883260436,62.6630098166
128,4999,71.7911936197,70.4022041804,55.6554684158,61.3925428947,62.0846031856
128,5000,71.8086477519,70.4155324766,55.2045269117,59.8574135642,64.1925515215
128,5001,71.8322116263,70.4165488698,55.5202951793,60.6761222929,63.81554786
128,5002,71.8346297041,70.4169241096,55.0303591971,63.5537145821,65.4103094341
128,5003,71.8501758747,70.416933626,55.5327502051,61.0205400857,62.128343162
128,5004,71.8588881636,70.4343871859,55.7058084037,59.4516945386,63.8895450864
128,5005,71.8737504319,70.4611026462,55.7442573728,61.0563483782,63.9961838771
128,5006,71.8858086246,70.4624440213,54.5890566193,60.9715992365,64.543540929
128,5007,71.8997090825,70.4776185765,55.1396866475,62.5991347077,65.1478696819
128,5008,71.916774364,70.4788975108,55.694499319,63.2654042833,64.6909690997
128,5009,71.940611333,70.4825517456,55.8117833449,60.3181643036,64.8200147532
128,5010,71.9616303402,70.4866556298,55.8518995911,61.1915618492,65.3974440481
128,5011,71.9905843533,70.4903835283,55.5449119762,59.5825266952,60.8645638018
128,5012,71.9940662788,70.542559032,55.5015206592,63.0410578812,65.4843690361
128,5013,72.0053446883,70.54257195,55.9434471035,61.6507777028,64.6267914958
128,5014,72.0163407746,70.5870519565,55.6595251337,61.2040763175,64.4742398296
128,5015,72.0318971983,70.5870964332,56.085881195,62.4051705513,63.8222633648
128,5016,72.0341056447,70.5962729276,55.2009251237,63.0278546704,64.9531940216
128,5017,72.0764678026,70.6422676336,55.7731998432,59.1421665667,64.2262330624
128,5018,72.0853103689,70.6427906004,55.3782993632,60.8189796039,62.913372414
128,5019,72.1082090303,70.6431356516,55.8211437426,62.4570719061,64.4525563545
128,5020,72.1212579945,70.6475229963,55.6821802954,61.6765052569,64.139187847
128,5021,72.1289994074,70.6479483267,56.0381300765,62.2338700373,63.687513435
128,5022,72.130796583,70.6529110388,55.971528898,62.8804474638,63.0115388766
128,5023,72.1385160188,70.6544536748,56.1307035799,61.7764172994,63.2499760899
128,5024,72.1523092804,70.6558693788,55.5246917567,60.3937368592,59.9896728054
128,5025,72.1772949914,70.6767299759,55.7322736465,60.9899257793,66.3135138125
128,5026,72.1981387025,70.6902650152,56.1935923078,59.8627065519,63.1762589844
128,5027,72.2027653371,70.6914352217,56.1735463285,61.5551378394,66.3166829525
128,5028,72.2191298079,70.7116708325,56.430527251,62.2992802634,64.4870746051
128,5029,72.2324010315,70.7245315225,56.3601140912,62.5544077823,61.8250761698
128,5030,72.253194408,70.74464665,56.002144037,62.7661294725,65.0859031937
128,5031,72.263295439,70.7493512421,55.5333505516,61.6649859485,64.2606130712
128,5032,72.2799960743,70.7692546826,56.0723856874,63.0923705393,66.0655403236
128,5033,72.2982602276,70.7743379735,56.0533200447,62.3678144502,64.7615239737
128,5034,72.3169388001,70.7939850978,55.5550361215,63.4908972539,63.9021310901
128,5035,72.3325676554,70.794676965,56.2447421726,64.0456179779,64.0710107705
128,5036,72.3385002612,70.79556564,56.1921374255,60.3013100713,62.6821234154
128,5037,72.3571288506,70.8264138212,56.8153942141,61.2594284632,64.1036651373
128,5038,72.3731152305,70.8743393842,56.8241131113,61.4850106539,65.7460426406
128,5039,72.3937886983,70.8905460131,56.9746989058,62.6673497491,64.9569016686
128,5040,72.4107744558,71.0006076142,56.4030456748,63.7955161584,64.4586494704
128,5041,72.4265499528,71.0257211468,56.3408032208,61.491175733,64.1523812911
128,5042,72.4406762548,71.046707042,56.6064862955,61.6968340754,64.8761460911
128,5043,72.4511158806,71.0744751147,56.0294858136,61.9262354136,67.2156594727
128,5044,72.4715910894,71.1301310699,56.3868891793,63.3467574518,65.1617976444
128,5045,72.5008258478,71.1587361071,56.1669106949,60.0719417727,64.0447291445
128,5046,72.5119223172,71.1733958194,56.6052732067,62.0514167307,65.2771700134
128,5047,72.5330129946,71.1771930389,57.2804570905,60.7290850557,65.9394175485
128,5048,72.5499011549,71.2191834096,56.8212974321,62.5901159044,65.1452525562
128,5049,72.5516254639,71.2518480693,56.6483286496,62.0711599379,65.1594494068
128,5050,72.5789193632,71.2643309914,57.265473643,63.4273464647,65.5052957504
128,5051,72.5981965024,71.295949389,56.7268745017,62.0295564061,64.5794825013
128,5052,72.6051325587,71.3167111108,56.8270574186,64.2739577149,64.8472521919
128,5053,72.6321134123,71.3201747935,56.9634044662,61.219667775,65.1988609939
128,5054,72.6542300732,71.3267373117,56.8772817572,61.1267967954,65.7040986241
128,5055,72.6618502991,71.3292738972,56.5608769864,62.949331769,63.67947694
128,5056,72.6673565106,71.3306461911,57.4842018982,62.1563066642,64.4570570479
128,5057,72.6961879058,71.3306759501,56.8552950795,62.2770720183,66.7612366271
128,5058,72.700268792,71.3395409147,57.2667771542,63.5284619572,64.5994431011
128,5059,72.7017823688,71.3685216168,56.2061433435,62.8422986921,63.3009608458
128,5060,72.7276170844,71.3742804206,56.893471549,61.7329200821,64.4085784493
128,5061,72.7455621579,71.3951332236,57.3495322146,64.1207908239,64.5242340505
128,5062,72.7573255983,71.4005021338,57.1681727983,61.3266812663,64.1160034681
128,5063,72.7807604727,71.4039914997,56.6750793113,62.3616297627,63.808498589
128,5064,72.801766197,71.4165962626,57.6936441595,61.1291011759,65.7769581406
128,5065,72.8060585877,71.4195133328,56.22943556,62.5105127468,65.1325646663
128,5066,72.8193150419,71.4485023667,56.8653951734,61.5867527609,65.8097732543
128,5067,72.8568264648,71.4503786505,57.5976181836,62.6754218802,64.271944753
128,5068,72.8744813529,71.4553030306,56.3104651621,62.3162908153,64.0369778528
128,5069,72.8950227974,71.4856061374,56.8418720582,62.3002161324,65.6375857049
128,5070,72.9074875558,71.4856133774,57.1885475471,61.4152404669,67.305589925
128,5071,72.912195494,71.4859532114,57.0994422962,63.6096177158,65.8698258855
128,5072,72.9221600623,71.4868192815,57.2628155079,61.9705666525,64.97488509
128,5073,72.9510373528,71.4886112278,57.3225135218,63.5508954232,64.7610472169
128,5074,72.958975746,71.4897015229,57.4675039607,61.431492631,63.4228229717
128,5075,72.9854619191,71.5174310927,57.1300597201,62.6474680679,65.2170472702
128,5076,72.9900977503,71.5394978501,56.8286707769,62.3052718689,65.4860850008
128,5077,72.9987733543,71.5608879034,57.1594280153,62.814685423,61.8536723066
128,5078,73.0264323223,71.5611557054,57.1558769675,62.6229896962,65.913116785
128,5079,73.0455930972,71.5626361886,57.156716616,64.3533220797,65.0690673045
128,5080,73.0503687749,71.5907860279,57.8216909417,61.0353928517,67.219209537
128,5081,73.0768251789,71.5909937361,57.2743857991,63.7304822463,67.9209292065
128,5082,73.085557582,71.6002466364,57.5857534248,63.2968904017,63.9964646473
128,5083,73.1048219617,71.6184686765,57.4832337151,60.9423966667,65.4700741676
128,5084,73.110875435,71.6265502934,57.8266443196,60.6025534083,64.7942987348
128,5085,73.1225814238,71.6376888688,57.4957852941,62.4896821332,63.9034196681
128,5086,73.1363954609,71.638288146,57.1229007402,62.9695487962,65.4231857704
128,5087,73.1581139406,71.6598092144,57.7577240293,61.9143013751,65.3571612496
128,5088,73.1748730811,71.6613910148,57.5480856232,62.2567745895,66.8194822153
128,5089,73.2123789261,71.6848272442,57.7860453024,64.5838462203,66.8125121138
128,5090,73.228265411,71.6972752436,57.6760002922,61.2837246461,64.5963615786
128,5091,73.2565336764,71.7017907229,57.8095789142,62.3391947538,61.8695244573
128,5092,73.268025379,71.7030317533,57.7232976089,63.9299209507,64.6225069398
128,5093,73.2803462092,71.7614194703,57.7350352806,63.2156601158,65.6315516647
128,5094,73.2943276601,71.7988184721,58.1909510579,62.7222005552,66.538907857
128,5095,73.3094505886,71.8187096272,57.5866661506,63.912785093,64.9983033015
128,5096,73.3318527102,71.8666936191,57.8322749376,61.3184298169,65.0386428928
128,5097,73.3495540266,71.9147833624,57.9532406977,64.0714083677,65.1196965298
128,5098,73.3656445156,71.9346797717,58.1161736365,63.629626896,62.3342382989
128,5099,73.377684746,71.9484660457,57.3829022576,63.3084694572,64.5328981434
128,5100,73.3865362472,71.9746812394,57.5981781816,63.4871114563,64.580604789
128,5101,73.3925666385,72.0299681252,58.2925376545,64.3518505985,66.1733467519
128,5102,73.4134859117,72.0828696949,57.9664120876,62.4939098168,66.6170956494
128,5103,73.4260683142,72.1524109874,57.6174107562,62.5911928219,64.3637258921
128,5104,73.4446109351,72.1903941409,57.35824142,60.4497706281,65.9573961771
128,5105,73.4635916615,72.2087832692,58.1973165501,64.5680086634,66.7378169092
128,5106,73.4724373712,72.2403793702,57.9504042133,62.255664686,66.5453050663
128,5107,73.4920752427,72.2580984596,57.8131349407,63.1822345811,63.7286230411
128,5108,73.5030681858,72.2779956518,58.0081281548,62.201920827,65.0005028808
128,5109,73.5401960879,72.3146664207,57.6197386434,62.6656840777,66.7783649744
128,5110,73.5454361621,72.3294581303,57.6484006203,61.8731113896,66.8158111815
128,5111,73.5632653833,72.3937162449,58.0356589169,63.9017462782,66.5507605264
128,5112,73.5821793391,72.4086621727,57.8794750848,63.234398865,66.9659877483
128,5113,73.6114383722,72.4350944576,58.0791322392,63.0333914803,67.0001922214
128,5114,73.6145563172,72.4849519907,57.4628049748,62.9018412185,65.5192312813
128,5115,73.6208382421,72.5078901048,58.2417392861,63.4345879856,66.5313492104
128,5116,73.6301675783,72.528717281,57.3175824228,65.0056324362,64.537392237
128,5117,73.6467278355,72.5336900688,57.54862031,64.5172994011,64.4945439221
128,5118,73.6676226498,72.5418006182,58.3861699823,65.4802231216,65.1929746345
128,5119,73.6962770486,72.5444601708,57.8183928163,63.5387055722,67.05268581
128,5120,73.7063797289,72.5486120835,57.8004521958,63.1084826443,65.0000752958
128,5121,73.717725036,72.5956264016,57.8825463427,64.8299795235,64.8399969121
128,5122,73.7198025902,72.6227278101,58.1876412317,63.0123268085,64.4155631932
128,5123,73.7357879798,72.6230805929,58.5196351412,64.3439036324,63.1710575075
128,5124,73.7547682957,72.6318588708,57.260263431,64.6400449848,65.8440441957
128,5125,73.7895662822,72.6350972511,57.98348219,64.215816589,65.8705862388
128,5126,73.7945183373,72.6396665415,57.6351917906,63.1948989006,64.9665816736
128,5127,73.817348417,72.6517689467,58.4767745055,64.6880039851,67.2101074407
128,5128,73.8243204271,72.6561270895,57.6464832221,63.000480985,66.3566281366
128,5129,73.8297812188,72.6884154614,57.7512357432,62.4973440147,64.1876566235
128,5130,73.8424183362,72.6907465708,58.8305206985,64.1725963048,65.2677995201
128,5131,73.8740553882,72.7065067795,58.0085764007,62.6858425538,66.6054016247
128,5132,73.878899582,72.7126490527,58.0588781789,61.4381540537,68.6412407072
128,5133,73.9122959109,72.7204706195,58.5312171358,62.5078737755,67.4810538377
128,5134,73.9210338522,72.7281671608,57.9470126272,64.0188197252,66.0527502414
128,5135,73.9335939283,72.7282262837,58.4063540266,64.0975334192,65.9751193141
128,5136,73.9600843226,72.7547047907,58.5398216981,62.4455537395,67.1006502265
128,5137,73.9673111049,72.7584776582,58.4777638486,62.7103236649,65.8879046575
128,5138,73.9868234992,72.7731423661,58.3429450553,63.7503285149,66.2395350581
128,5139,73.9977578425,72.7741626942,58.0264657273,64.8659446177,64.8137966815
128,5140,74.0197288263,72.7846208759,58.3274265807,63.5528128146,64.9906270232
128,5141,74.030114291,72.7883055349,58.9662607177,64.1669423523,66.2704851583
128,5142,74.0437721367,72.8003825222,58.0849262752,64.228254261,65.0781845674
128,5143,74.0686087755,72.8065447624,58.010521039,63.2604225866,69.321588431
128,5144,74.0836298123,72.8124943346,57.9273145668,63.793095792,67.4601299074
128,5145,74.0966755462,72.8146814816,58.2996120446,64.9635597264,66.2978243195
128,5146,74.1201612121,72.8152184638,58.4096283601,61.5263166588,65.5307843133
128,5147,74.1446450945,72.8337573977,58.217645409,64.7040929821,65.2691261567
128,5148,74.1460565565,72.8494288525,58.4464935977,63.0656729451,66.5933822547
128,5149,74.165313816,72.8495055464,58.4426827657,62.3867282332,66.2439708211
128,5150,74.1754204938,72.8512652893,58.2217353073,63.8681465851,67.7025193825
128,5151,74.2133644139,72.8853562666,58.1081057593,61.8235350097,65.0244409976
128,5152,74.2247355881,72.9296885798,58.3103069032,63.049535693,67.2167928363
128,5153,74.2302652585,72.9402723941,58.5462401209,63.5866254541,67.4339992774
128,5154,74.2488605873,72.9761215168,58.7670023534,64.4692388976,64.3203698105
128,5155,74.2584259602,72.99313069,56.9765619657,65.6567107615,66.7992143805
128,5156,74.2864743073,73.0571493266,58.6560004948,64.9490618846,65.7137639518
128,5157,74.308501543,73.0901965478,58.7636379158,63.4289449864,67.6533307181
128,5158,74.3158163488,73.0958596995,58.4755306333,64.6980244117,67.6101057026
128,5159,74.3397579393,73.108454523,58.3896756174,63.6183755073,65.8272829045
128,5160,74.3454451195,73.1132283416,58.5401298123,65.3658137725,68.2308272168
128,5161,74.3589940312,73.1210453516,58.7151591304,63.943182949,66.9255495731
128,5162,74.3607424225,73.1443792793,59.1995069441,62.5202037145,66.870279597
128,5163,74.4089851539,73.1790208605,59.0047096928,64.1152085226,68.7171472601
128,5164,74.4147432346,73.2025735678,58.5709752395,64.5933425494,65.2563799654
128,5165,74.4193897393,73.2639521875,59.2625151267,65.3348804614,65.0579457594
128,5166,74.4566439986,73.2697917349,58.9759510264,63.6043208523,65.5872586112
128,5167,74.4723782634,73.2801338185,59.6110179214,64.1861519418,66.8410899716
128,5168,74.4843137215,73.290997296,59.1366020774,62.3731994971,66.4732313105
128,5169,74.4929691342,73.3089646028,59.3572231804,65.6316426957,67.8569808954
128,5170,74.5115986464,73.4016019045,58.5936286753,64.2923515042,66.2166598806
128,5171,74.52136435,73.4365644434,59.4653421476,63.3077651222,69.7111618662
128,5172,74.5575617937,73.5183319946,59.5852803012,63.0049575933,68.9687907189
128,5173,74.5708515031,73.543359838,59.0471166264,64.3042615023,68.847791048
128,5174,74.5905502652,73.5901794157,59.2900507631,65.3373700728,64.1489044123
128,5175,74.5970753178,73.6043435278,58.9909306722,62.7952922454,68.7946375731
128,5176,74.6345172708,73.6068610983,58.8100389581,65.3035051255,66.9511015046
128,5177,74.6520333374,73.6220818748,59.000888645,62.3725970691,67.8694943036
128,5178,74.6690940145,73.6295668377,59.8034447633,63.3349718562,64.815343034
128,5179,74.6779641693,73.6338740753,59.5597296681,64.9024941666,68.3563350135
128,5180,74.6919201599,73.7229155098,58.7063696521,63.9385823035,69.811915881
128,5181,74.7120637459,73.7491231848,58.8541613809,64.2088353471,67.0976408025
128,5182,74.7168916603,73.7880973913,59.6758602407,63.3283267332,64.603319099
128,5183,74.721374582,73.7972722057,59.4179757917,64.1975630307,64.8824323988
128,5184,74.7441976173,73.7972725952,59.1028882228,62.3017214512,66.1542442358
128,5185,74.7769468056,73.7975753924,59.2296690136,64.9718291183,65.232751316
128,5186,74.7887344336,73.7984308535,59.4561550768,64.0832629944,66.2723176648
128,5187,74.7909013762,73.8666826009,59.912583011,64.0032573124,66.9676916167
128,5188,74.8212014681,73.8670816011,59.2731789811,64.0344800172,67.446758926
128,5189,74.8401820493,73.8707279836,59.0394341347,64.5095489545,67.4100264107
128,5190,74.8491302332,73.8770453183,59.0067620052,64.3595078636,66.4752103428
128,5191,74.8786593758,73.8818301971,59.1004348066,65.3343150384,68.3387439042
128,5192,74.8849598261,73.8824759922,59.7374182033,64.1325214083,67.8342726425
128,5193,74.8991630842,73.8882291355,59.7642512734,64.3011817437,67.321790832
128,5194,74.9148105304,73.8904157757,59.4285665033,62.1212726249,67.5185430679
128,5195,74.9230755511,73.9176309044,59.601598083,66.4153655573,65.8839802084
128,5196,74.9429753707,73.9219290754,59.7871326429,63.8254332338,66.6844010372
128,5197,74.9527344088,73.9219400012,59.6343051749,65.7242850225,66.8552315184
128,5198,74.9702516732,73.9219445837,60.2107349032,65.2668192988,66.1420522162
128,5199,74.9857521872,73.9330031312,58.6029135411,66.0416294397,68.8370639342
128,5200,75.0000421219,73.9333840671,59.891139342,64.9676810012,69.2806498278
128,5201,75.0193118312,73.9345945409,60.487917065,62.8614490716,68.1644846637
128,5202,75.0445595712,73.9346995226,59.6218946582,62.7054461799,65.1533939264
128,5203,75.0593280515,73.9471862923,59.4978114651,63.5808820302,69.1937170824
128,5204,75.0697919388,73.9473423599,59.5279003266,64.4991010443,69.2429834644
128,5205,75.0894523773,73.9519239432,60.2964017752,65.0983502019,65.153029178
128,5206,75.102734173,73.9524355892,59.9965926508,64.8179158629,68.6782094994
128,5207,75.1267547333,73.9875015979,59.9966951153,65.524130482,67.36578337
128,5208,75.1537892968,73.9936266053,59.8078585462,65.5159221289,68.1114041528
128,5209,75.1594718028,74.0055820388,59.657039546,64.2850683624,69.3398889846
128,5210,75.1843962206,74.0217897105,60.2736029971,64.7126143939,67.4423674801
128,5211,75.2046773907,74.0226854964,60.0366545224,64.7263095635,68.6041407322
128,5212,75.2241392551,74.0234726994,59.6984313824,66.1872461318,69.1505679399
128,5213,75.229076978,74.0426752605,59.5944077941,63.547856043,67.0540885004
128,5214,75.2445016635,74.053759913,59.6063178904,64.2287740374,69.3970875229
128,5215,75.2702293662,74.058236171,60.1387603084,66.6147506148,67.4503617223
128,5216,75.2821130922,74.0585035308,60.1614829375,65.056644724,66.5811986897
128,5217,75.3016530443,74.0602190426,60.5441355314,63.1427467146,66.396691445
128,5218,75.3064297223,74.0607145359,60.3774350736,63.9771951181,67.8040759695
128,5219,75.3432459595,74.0989410518,59.9660534682,65.5843733248,68.7821889228
128,5220,75.3465777957,74.1552820956,61.0350112714,63.9787153386,68.3868184136
128,5221,75.3627653835,74.2372931736,60.0904910146,65.0887482356,66.9910061359
128,5222,75.3833060227,74.2375102068,59.7704835614,64.1061142736,68.2981865793
128,5223,75.4076927517,74.2552211659,60.4351425562,64.4663555801,66.9069572722
128,5224,75.4168995777,74.290611317,59.989278374,65.3559335471,67.5957045751
128,5225,75.4339828531,74.2926678652,60.6123989082,64.2876613464,67.2166075019
128,5226,75.4679077113,74.3181871739,59.6848952498,66.0274577535,67.4913674856
128,5227,75.4827117967,74.3340980076,59.8457607191,61.592588254,68.862665389
128,5228,75.4994072841,74.3908991063,60.0151393256,64.7776510642,68.0184581862
128,5229,75.5068640704,74.3909558793,60.5735035158,65.119487547,67.1710059258
128,5230,75.5231639024,74.4341151492,60.0528063546,64.0092386643,69.0233797597
128,5231,75.5411194295,74.5340122663,60.0748321108,64.3110043143,67.3514072954
128,5232,75.5581850985,74.5485634495,60.8124046546,66.2358056067,68.1264195262
128,5233,75.5691782102,74.5665169223,60.3868560684,63.6740365588,71.139855166
128,5234,75.5746389076,74.6042322857,60.6100193427,64.9786209897,66.6365602152
128,5235,75.5884112252,74.6045228821,60.6058203668,65.479964212,66.2967860064
128,5236,75.6041242402,74.6045241251,60.2586921312,64.5460226133,68.1859671383
128,5237,75.6188828988,74.6045383082,60.4048484965,66.3489292887,67.1280411402
128,5238,75.6255390845,74.6144336837,60.285818964,64.7176966291,68.3147721194
128,5239,75.6575961661,74.6270419591,60.2130992779,65.4494516937,67.5199926019
128,5240,75.6616056794,74.6967531985,61.4606874552,64.2404480755,66.8791969908
128,5241,75.6787138192,74.8519724288,61.0082137559,65.145353688,65.5004028697
128,5242,75.6985602221,74.8685733329,60.669127375,66.0798223151,68.3164723248
128,5243,75.7026910731,74.8925389628,60.4810304473,66.1052136544,68.3658085878
128,5244,75.7144330734,74.9764669354,60.4051983113,65.3572809564,67.9619940988
128,5245,75.7344756656,75.0225617144,61.3138648486,64.1966760782,67.5095301155
128,5246,75.7589309791,75.0231170101,60.3083814076,63.5622883933,66.7534444759
128,5247,75.7813223902,75.0372898645,60.7979813242,65.3102859323,67.5295702451
128,5248,75.8033858745,75.0517938585,60.2384208342,66.4605024846,69.0987445776
128,5249,75.8115004105,75.0518389704,60.9124622559,66.12296276,68.971769787
128,5250,75.8162476235,75.0528623039,60.606265703,64.8512392011,68.4847342464
128,5251,75.8315703704,75.0672895602,60.4574530128,65.2142663359,67.6457421596
128,5252,75.850734311,75.0675666193,60.5964043277,66.2894326247,67.6201651613
128,5253,75.8672514599,75.0678592736,60.8455986547,65.2961114592,70.0980380246
128,5254,75.8807309466,75.0685904565,59.9258803696,64.9820986063,67.7668677946
128,5255,75.8960063642,75.0738789746,60.9049238435,65.415476134,69.0555906951
128,5256,75.9234269096,75.0792246768,60.479648727,63.3410665911,66.8909297795
128,5257,75.9347561365,75.1013235392,60.588532248,64.1971303766,68.1727813196
128,5258,75.9461822615,75.1109589249,60.7670761425,66.4610885837,66.5069320548
128,5259,75.9604088412,75.1146464996,60.9362444441,66.2141987217,68.5058093212
128,5260,75.9801836932,75.1278148525,61.2911113634,64.564019845,68.2611938264
128,5261,75.9985987054,75.1479272262,60.7738996832,63.2446517851,68.5747515295
128,5262,76.0076248276,75.1633766526,60.9546041736,64.8758784303,69.5091411422
128,5263,76.0156122746,75.1651535507,60.9730340254,64.8793108921,70.1410631822
128,5264,76.0473550466,75.1655240292,61.6299882659,65.401909476,67.4150224447
128,5265,76.0710434429,75.1659721815,60.7179727728,63.1634138334,68.6071929325
128,5266,76.0743418859,75.167091004,60.7982777346,66.6548540628,69.0737626985
128,5267,76.0964110374,75.1683575942,61.0000114699,64.95439016,69.5261753587
128,5268,76.1084634466,75.1683714787,61.2614357883,67.2721884341,68.2856895842
128,5269,76.1167780034,75.170736295,60.6552716625,64.461447475,68.3495956371
128,5270,76.1521669018,75.1713345115,61.1566913195,67.688450923,67.7915013038
128,5271,76.1676657471,75.1785472761,61.5433342109,64.6634863894,68.8414250964
128,5272,76.1866411581,75.1901538979,60.905995826,64.0053253802,68.3168251867
128,5273,76.2032340943,75.2180654101,60.7684683161,64.8679094176,68.3733376736
128,5274,76.2305238255,75.2278049541,61.0131291296,66.2676936569,70.0595330005
128,5275,76.2408027442,75.2283730988,61.4504554502,65.7650766847,64.9608713905
128,5276,76.2655733759,75.2492856549,61.1189980885,66.4590352416,69.0503086426
128,5277,76.2959158117,75.2566994188,61.2837698834,66.7855397134,65.9009553834
128,5278,76.3133339389,75.2775239187,61.15377256,66.39919242,69.8784381703
128,5279,76.3287001712,75.3043799644,61.1280066423,67.1863340271,69.5129849001
128,5280,76.3516026107,75.3057192057,61.3641244761,66.6778492741,68.0886351433
128,5281,76.3551626286,75.3100593013,61.0193582843,66.3262618645,67.0604417468
128,5282,76.3683311909,75.3190672867,61.4395002834,64.7477602893,68.8949751114
128,5283,76.3823531245,75.3477699546,61.1085354881,66.889838254,69.8524260867
128,5284,76.3901845704,75.3652545115,61.213416917,66.6035222865,70.2392634486
128,5285,76.4326818047,75.3745632675,61.3423329466,66.4051410669,68.4098934498
128,5286,76.4476931183,75.3747374596,62.1427130885,66.4587369829,68.0418767446
128,5287,76.4715274607,75.4366275783,61.2640775726,65.1182616178,67.5055411763
128,5288,76.4894222398,75.5291254405,61.1613722498,66.8478767799,68.9331101957
128,5289,76.5017828179,75.5727483778,61.9629661942,66.810654205,69.6706033267
128,5290,76.510295301,75.5727618226,61.986410778,65.6955709048,67.8603968567
128,5291,76.5360560135,75.6414631061,61.956138943,66.2548940012,67.5326016765
128,5292,76.5511955652,75.6823313047,61.8110280033,64.921548274,70.6743259752
128,5293,76.5639502785,75.6854805421,61.7730463746,67.0658998487,71.4975056984
128,5294,76.5732351955,75.6939551047,61.6840132484,66.8789681067,65.6047464127
128,5295,76.6008520767,75.7144843687,61.7802099154,66.2045459862,70.5769136964
128,5296,76.6097177317,75.7417073219,61.9120983922,66.9444839528,69.0631846608
128,5297,76.6298043726,75.7559574385,61.524789071,66.4336192034,70.1183962002
128,5298,76.6465599071,75.7617736406,62.0554645399,66.6251218766,66.012477833
128,5299,76.6579423382,75.7649835319,61.5115291662,66.9241739499,69.5311720872
128,5300,76.6706564667,75.8037218178,61.7919405105,66.2567040254,68.8225691694
128,5301,76.6794010558,75.808485803,62.2869865325,66.8138749823,70.0197004858
128,5302,76.7147613985,75.8164197224,62.195266804,66.1323059557,67.1906159773
128,5303,76.7472686577,75.9200741307,61.9562954524,66.060460898,71.1869188014
128,5304,76.7610891888,75.9233484772,61.7812333493,66.8534422668,68.7632420249
128,5305,76.7801742711,75.9742785495,62.5142516144,64.3680826295,67.3736536324
128,5306,76.7966753182,75.9785904533,61.4831319181,66.6809772675,67.9150898606
128,5307,76.8032334063,76.0074529693,61.8215030888,66.4292487307,67.9662600836
128,5308,76.8231198879,76.0195507322,62.2445639849,63.3330949442,67.6907526091
128,5309,76.8357202453,76.0255650862,61.9212755835,69.2661338398,68.6653755982
128,5310,76.8465629479,76.0263013889,61.6052555062,66.2928543221,68.8331639112
128,5311,76.8670862421,76.0308359415,61.8998097617,65.1707951221,68.9898147718
128,5312,76.88588992,76.0313242326,61.0920151353,64.434169086,66.2430514323
128,5313,76.8963349524,76.0476288477,61.810340554,67.3114149984,70.779148194
128,5314,76.9097164667,76.0576256288,61.4378148476,65.9725672522,71.2051012559
128,5315,76.9238891537,76.061164275,62.0480509623,65.7138442489,71.1698721789
128,5316,76.9386236388,76.0622148118,62.9047433878,69.7738433615,69.3202127396
128,5317,76.9497307371,76.091974876,61.9550733795,66.2757382781,70.1239728814
128,5318,76.9648686531,76.0969481267,62.325948877,64.6596657211,69.7211788549
128,5319,76.9689487167,76.0971512719,62.3724386724,66.23174221,69.700605905
128,5320,76.9808520703,76.1422464096,62.2904260582,65.3069881294,71.3766911654
128,5321,77.0061475989,76.1486427369,62.2801998443,67.5905962204,70.9227463765
128,5322,77.0094665388,76.150446727,62.2395325932,65.2179743899,70.2473914063
128,5323,77.029309761,76.151827064,62.3791689883,65.5727329807,68.8202382284
128,5324,77.0495018585,76.1671170724,62.0340823101,63.581843223,69.9029721999
128,5325,77.0818926337,76.199814551,62.9348800897,66.3285075657,70.1918111173
128,5326,77.0900169408,76.200183008,62.0352408225,67.2133560076,71.5748462164
128,5327,77.1110048169,76.2007906173,62.4801005433,67.1230687205,68.7920976075
128,5328,77.1156796982,76.2035352238,62.8278170205,66.0277508775,69.4789648589
128,5329,77.1195438035,76.2244556626,62.2709397111,67.701194561,69.9324561002
128,5330,77.1510883739,76.2308990957,62.8257084762,68.4047614401,68.1017445864
128,5331,77.1552179762,76.2308998602,62.755192141,65.7046508539,71.151780911
128,5332,77.1633453413,76.2636814565,62.4325367884,66.6718558942,68.6188317484
128,5333,77.1731143012,76.3153450591,62.5434651713,68.4931407139,68.8398705885
128,5334,77.1901624901,76.3183775729,63.0819568749,67.7150473237,68.8390506177
128,5335,77.2116414992,76.3383220794,61.9990273091,68.0050740045,70.4714650743
128,5336,77.2466998849,76.3406318568,63.0110375094,66.5418421792,68.9456551415
128,5337,77.2518716213,76.3501512715,63.3413552645,68.5807348905,69.2222838103
128,5338,77.2787005375,76.3528056191,62.6548735998,66.1483240975,70.1288565866
128,5339,77.289769176,76.3539764584,62.6075347086,69.4604338547,69.5856094543
128,5340,77.2960499471,76.3560874191,62.1035872626,65.9768610998,70.2361704507
128,5341,77.3347186841,76.3629781702,63.0766605853,66.6113460019,69.9125356276
128,5342,77.3369828141,76.4009904426,61.4822799877,65.0176365176,70.4501598126
128,5343,77.3520617088,76.4109586361,62.6240477491,67.2937836395,70.3504838007
128,5344,77.3654641336,76.4390748188,62.7390196046,67.9248755241,70.5532762501
128,5345,77.3846404805,76.4556275743,62.7030684799,65.6825862926,69.6547529404
128,5346,77.4170556682,76.4654134082,62.5085743952,68.8957761164,69.9554420665
128,5347,77.4316572838,76.4846535248,61.969068969,66.622417361,68.5927288651
128,5348,77.4423982593,76.4951466933,62.9741163821,68.2478469184,70.7374545566
128,5349,77.4597374842,76.495465445,62.3656548363,66.1263498799,70.3424310875
128,5350,77.4639267516,76.5024887884,63.0537176966,67.0538825707,68.6852459886
128,5351,77.4858932178,76.5039447135,62.5878670097,68.350698817,71.8899934369
128,5352,77.4972426595,76.5161040079,63.5055712725,67.7760034463,69.3236195191
128,5353,77.5041282704,76.6178670428,62.8293323634,66.1905547704,70.7174145907
128,5354,77.5332742254,76.6419915361,62.6244665357,64.9645735822,69.5214911435
128,5355,77.5649727353,76.6815180534,63.3463147006,67.7062075391,68.3591567346
128,5356,77.5818613431,76.6815879129,62.7947832643,68.9796404681,69.9495782089
128,5357,77.5906938798,76.6816393052,62.6411945622,67.72828807,70.0866415239
128,5358,77.60358138,76.6875627497,63.4609367633,68.541429316,71.5057038749
128,5359,77.6069015205,76.6988463015,63.2470572964,66.5351955608,70.4138827845
128,5360,77.6135703989,76.7119327704,62.6546451285,66.258128721,69.5502514464
128,5361,77.6396890619,76.7197738565,63.262640621,65.2278183981,72.2925676792
128,5362,77.6564861243,76.7379733603,62.2896317048,67.3827153045,70.8785437929
128,5363,77.6677121915,76.745661033,62.7173860132,67.7630995693,70.3027730433
128,5364,77.6779395178,76.7719982584,63.1061813061,66.2262266729,69.1526624848
128,5365,77.6904378133,76.8324920523,63.3797287165,66.7603170527,70.3999104666
128,5366,77.7143865998,76.8347757555,63.0749023702,67.9829657066,70.0082563262
128,5367,77.7353694681,76.8713893385,63.4404907942,64.6942097685,69.551122765
128,5368,77.7477878761,76.8816015276,63.3790067501,66.4021291234,71.0161770677
128,5369,77.7603560158,76.933641451,63.7434403765,68.0381388284,71.2205432997
128,5370,77.7720139939,76.9786299284,62.6691542424,68.9454733273,69.9242067263
128,5371,77.8049046505,76.9788203323,63.757103136,66.4585148519,72.1337186683
128,5372,77.8254340331,77.0403983869,62.8431335794,66.777663837,68.7138486344
128,5373,77.8334111434,77.0963286645,63.5735882639,67.3429552173,69.6501378915
128,5374,77.8448842239,77.1191088428,63.4286917966,66.774763765,70.1485952926
128,5375,77.8582532513,77.1209576704,62.9665842772,67.5821741103,70.9357921395
128,5376,77.8833267518,77.1512469435,62.8315614709,64.240109623,71.9000092201
128,5377,77.9027087489,77.1561019773,62.8749158796,65.3261161233,69.7030545651
128,5378,77.9156113152,77.1598949773,62.781191386,67.5718323665,70.0235893904
128,5379,77.9353072247,77.1682399202,62.9267262535,67.3208642615,69.9028690306
128,5380,77.9523152621,77.175400739,62.9007745541,68.5233105842,71.2774340152
128,5381,77.9692679247,77.1776778287,63.3471374174,69.1698339815,69.5573342317
128,5382,77.9713959072,77.195120947,62.8632768013,66.9446500432,70.6140138448
128,5383,77.9894160011,77.204617073,63.8909942136,62.8341800872,69.7827324678
128,5384,78.0085431855,77.2051963904,62.8236755157,67.8585050355,70.2889243655
128,5385,78.0137432033,77.2062404069,63.0144988232,65.0477705248,69.5605295754
128,5386,78.0343991419,77.2071487069,63.443127285,69.8740656868,70.3644652961
128,5387,78.0458358075,77.2090947529,63.1554149862,69.2121568432,70.9890097707
128,5388,78.0677872178,77.2104532431,63.114890117,65.8217982855,69.9000757029
128,5389,78.0795499329,77.2113352761,63.5643384508,67.4660465226,68.3064854292
128,5390,78.1144912079,77.2220608289,63.2513605246,67.7240584855,71.2210785685
128,5391,78.1358488422,77.2235180036,62.6840672948,67.1847929049,69.9880794931
128,5392,78.1485025346,77.2283500175,64.0680649541,68.2120097263,71.9697814028
128,5393,78.1731628911,77.2356123848,63.7665996203,67.2505000945,71.052363035
128,5394,78.1931479529,77.2369976657,63.253597907,67.8556047023,71.257173598
128,5395,78.1988210973,77.2469370089,63.3502715681,67.618549337,70.718033859
128,5396,78.2286996057,77.2474792909,63.2456436945,68.2459802418,70.9337450593
128,5397,78.2423096599,77.298187018,63.4940526918,68.6907652352,71.1098378423
128,5398,78.2630345628,77.3135176257,63.7857596016,66.5685780982,69.9466394883
128,5399,78.2901643728,77.3137470551,63.7662841011,68.1846168811,70.2144881818
128,5400,78.3052367937,77.3334000114,63.3434764801,67.8879769137,70.6200912898
128,5401,78.3199198454,77.336326647,63.7154893032,65.8619367465,70.2325677725
128,5402,78.3432568211,77.3416177359,63.9835367524,67.1811765783,70.6652760187
128,5403,78.3480329378,77.4035283346,63.7071405744,68.1140562696,71.3472085044
128,5404,78.3565053462,77.404709256,64.0660348918,66.2293520519,70.0824751975
128,5405,78.3758273212,77.4123341475,63.9905565513,65.8736259859,69.5990158597
128,5406,78.3869392506,77.4141925356,63.8078031853,67.4485921431,70.7032727601
128,5407,78.4011477575,77.4234687917,63.607972602,68.4230454766,71.8726191331
128,5408,78.4198658273,77.4237248316,63.1893658544,67.0166818966,70.6820311921
128,5409,78.44739253,77.4306551514,64.0379250667,67.722772131,71.4372747854
128,5410,78.4674639203,77.4556036404,63.8673169349,68.4639373901,71.6655482853
128,5411,78.4726203479,77.4602326422,63.7780348104,69.7245883022,70.6897931591
128,5412,78.4894475978,77.4616034853,64.1206717308,68.481724631,71.3063859476
128,5413,78.4995130506,77.4712137471,64.2600529542,67.388648866,70.9223904106
128,5414,78.514599012,77.4778722548,63.9234746195,68.0809452832,72.2660808828
128,5415,78.5378051792,77.4827081162,64.6121097627,68.4193868453,71.8697877737
128,5416,78.5655417212,77.4909854178,63.7589971532,71.106516538,70.2529604497
128,5417,78.5786546156,77.5185729602,63.7628099448,67.7263845129,71.6275124419
128,5418,78.5992814924,77.5186194286,64.2858093501,66.3765118922,73.455477015
128,5419,78.6092745814,77.5186371556,64.7520232942,69.3070850782,70.9901025298
128,5420,78.6191556601,77.5281942872,64.0705816138,68.5278214065,71.7050376219
128,5421,78.6434227564,77.5319873908,64.4919077213,68.8360178965,70.3086945913
128,5422,78.6535242077,77.5337045673,64.3683413668,68.9338873263,70.086912242
128,5423,78.6625566546,77.5674063225,64.3358664595,67.5512096858,71.2019928174
128,5424,78.6722117189,77.5674968737,64.2776290612,68.6958269307,70.4010621877
128,5425,78.688128445,77.5896058739,64.2647429644,67.3435755005,71.4084503727
128,5426,78.6975211545,77.6642833788,63.982796269,67.6923443211,69.971043783
128,5427,78.7164293501,77.6910209174,64.0607249504,68.1860081469,73.0034769439
128,5428,78.7525380243,77.7335466399,64.2591084794,68.2129581923,72.2902491161
128,5429,78.7664060545,77.7335536379,64.6122654748,67.6020443021,70.8549221879
128,5430,78.7790319583,77.7369757236,64.2074543955,69.6448191702,71.8611041546
128,5431,78.7881334186,77.7662485718,64.1639820773,66.5908706284,72.4360762472
128,5432,78.7917875874,77.773761141,65.5609979203,67.5035713389,70.5179216546
128,5433,78.8118492543,77.8722393808,64.6440726865,66.4398568259,71.1537495663
128,5434,78.827843507,77.902723423,64.8929795947,67.3650603993,69.5863317297
128,5435,78.8366407852,77.9787542804,64.3494955462,67.8857032377,70.230686728
128,5436,78.8480880997,78.0200097514,64.856909342,69.354157312,71.2661394807
128,5437,78.8825756793,78.0689598534,64.845597561,69.86380489,73.8086091988
128,5438,78.8980322425,78.1034862918,64.8605193338,67.3699808406,71.1178913965
128,5439,78.9049946163,78.1038377148,64.8765982061,68.2970996147,72.0689082866
128,5440,78.919278765,78.1178660083,64.8479745475,67.8696157297,72.3342795343
128,5441,78.9328171786,78.1473243303,64.5461445775,68.4781476342,69.2733544284
128,5442,78.9390367378,78.1483115537,63.9065498148,68.3981258166,71.8751959664
128,5443,78.9462188325,78.1543820757,64.4443926719,68.1578497426,71.9422779137
128,5444,78.9624242084,78.1616447942,65.0789659863,67.6426887415,70.7733747675
128,5445,78.9972594357,78.1847980825,64.3897545296,69.3684347019,71.3367873199
128,5446,79.0242326148,78.1931913595,64.3759566872,68.4296337679,72.0268867575
128,5447,79.0314394508,78.1932538546,64.554258993,70.2863270847,71.7598122369
128,5448,79.0587917053,78.201273906,64.800145246,68.634383303,71.5574788191
128,5449,79.0816580061,78.2047166619,64.6933850064,70.0809955684,72.2295245431
128,5450,79.1026306945,78.2066762593,65.0660603512,68.5409788293,71.5388829374
128,5451,79.114072993,78.2069078678,64.1993286739,68.0401389874,71.2866307466
128,5452,79.1432353408,78.2080837894,64.7492561728,67.6212080685,70.8918443561
128,5453,79.1602762335,78.2272224654,64.9517253346,69.0180401226,70.9227473256
128,5454,79.1779490076,78.2287466938,64.350529418,68.6690651787,73.4235773995
128,5455,79.1881135205,78.2295001824,64.6385799931,69.7087406339,71.9208840337
128,5456,79.2113547857,78.2304242378,64.6191642125,69.4749727371,73.8589751945
128,5457,79.2219453514,78.2320016148,64.529087827,67.8856884675,72.4842904501
128,5458,79.2293335513,78.2338976347,64.6001681369,67.5946648679,72.9990211894
128,5459,79.2410996088,78.2533865342,65.2363053105,68.082027608,71.9125768388
128,5460,79.2702792077,78.278799059,65.7527170188,66.2229265818,71.3847283803
128,5461,79.2719975289,78.2858793463,65.3815077336,66.6524756862,71.9942778514
128,5462,79.3055132276,78.2869467273,65.0761373119,66.8656056315,71.4102892102
128,5463,79.3243898923,78.2943323928,65.3162229788,70.2661661804,72.2506042022
128,5464,79.3303841626,78.2963879334,65.5335029836,66.7427266344,72.0616116904
128,5465,79.3336447993,78.2999117058,65.5145610256,69.870374519,68.3898581898
128,5466,79.3673998817,78.3078255089,65.2173098898,68.2532803336,72.928106773
128,5467,79.3806074829,78.3142692247,65.2304261142,67.9574851773,70.5052754756
128,5468,79.3848936242,78.358992971,64.4844193542,68.570321486,70.9150213436
128,5469,79.4201878523,78.3638437757,65.3091250645,70.1875964055,70.64837625
128,5470,79.4332648538,78.3787400812,64.4517792621,69.4759095933,70.2701676255
128,5471,79.4694138039,78.3787759034,65.7218853549,67.3241050667,72.7946940664
128,5472,79.4850311142,78.3898464246,65.9809757727,69.553140194,74.3101151958
128,5473,79.5067041624,78.4077777915,65.2123974967,69.2374309692,73.9299974544
128,5474,79.5132272737,78.4196542169,64.9228139364,67.6347703413,72.6010974911
128,5475,79.5354590166,78.4774537904,65.7717982334,69.9961988385,72.1062002005
128,5476,79.5391110675,78.520422755,65.394759999,68.1697189236,71.6973091936
128,5477,79.5482896355,78.5288931915,65.623502021,70.9860488339,72.3835463348
128,5478,79.5721172625,78.5326237401,66.0931582565,68.8437094312,71.8671943992
128,5479,79.5945655902,78.540480074,65.0762809794,69.407494885,70.9241441632
128,5480,79.61797974,78.5574116071,65.0859642028,67.6996858098,70.2764271794
128,5481,79.6332996079,78.5603089006,64.9278073498,69.2208950217,72.0487751073
128,5482,79.6459743089,78.6083741185,65.8651669202,68.323184771,71.0201807911
128,5483,79.6706706768,78.6329009703,66.2609478269,71.1819609545,72.357280298
128,5484,79.6807312827,78.6849546437,65.0889170945,67.5644515561,73.3357702005
128,5485,79.6872133095,78.7113169486,65.7123117178,68.7544063127,73.3058303506
128,5486,79.709816531,78.7237294346,65.4336274143,69.8271329957,71.801535661
128,5487,79.7241714895,78.745910039,65.7319306792,68.7124382974,73.0799238208
128,5488,79.7382476942,78.7469799453,65.7372372087,70.2319310778,74.3071605672
128,5489,79.7520140334,78.814785927,66.2184618529,68.8382578081,71.3836649376
128,5490,79.7719335003,78.8151723712,66.497939548,71.3496328338,72.9806346799
128,5491,79.7774834451,78.8569277211,64.8696396545,71.1970276868,72.9617778103
128,5492,79.7915565543,78.8822194588,66.1622166301,69.8998229179,74.2981665857
128,5493,79.7962330771,78.882375194,65.5751214568,67.8256721961,73.8563964711
128,5494,79.8246226253,78.9577657156,65.7609350064,69.3363147563,70.871291712
128,5495,79.8388719056,78.9851565728,66.8462500069,69.0387796554,71.5375629765
128,5496,79.8583175975,79.0299685231,65.8819720448,68.8025536776,72.2587581017
128,5497,79.8677967477,79.0619985506,66.3124200959,69.4064493875,74.3066595837
128,5498,79.8943696226,79.0803652794,66.5900295797,69.2719141069,73.7661801114
128,5499,79.9064018131,79.1348999304,65.5849744059,68.3299435776,73.596702825
128,5500,79.9294118596,79.1416404944,66.7231317409,69.9502912477,72.8223838091
128,5501,79.9519750828,79.1510486469,66.3994322361,70.8466625047,74.3074165334
128,5502,79.9618432856,79.1609741129,65.7894364546,70.3061589293,72.4862550107
128,5503,79.986140631,79.1710368315,65.9931410563,70.7563628152,73.1552753792
128,5504,79.997336094,79.1762041974,65.0436760657,70.1566489111,71.2118844258
128,5505,80.0054731319,79.1846615855,65.8621640413,69.236473619,73.0858195628
128,5506,80.0327457946,79.1847955182,65.4976647737,68.4508922976,72.8393594139
128,5507,80.0459576757,79.1895850368,66.2526034497,70.7960013,69.6032846253
128,5508,80.0612300508,79.1895945784,65.8167291178,69.3829228091,70.9684382684
128,5509,80.0936914018,79.1917808906,65.6041699797,69.7114731869,74.0696269287
128,5510,80.1030161442,79.1918038596,65.8104313231,69.9886270607,72.4597977852
128,5511,80.1119081411,79.196456315,65.8823875688,68.5394244746,74.9923377433
128,5512,80.1364996787,79.2001453659,65.9240072183,68.1417501687,73.0301119557
128,5513,80.1441171579,79.2207860994,65.8228022324,67.3055943871,73.5034290362
128,5514,80.1541137708,79.2494752024,65.6903662676,70.3284855815,71.607641599
128,5515,80.179736032,79.2640365235,65.6034321266,69.6387040127,72.1662838723
128,5516,80.1978364252,79.2939698286,66.8129775634,66.7555104108,72.1326692636
128,5517,80.2245099841,79.3010278135,65.950682132,70.5668783041,71.3814505061
128,5518,80.2310988245,79.3079981725,65.9849962575,69.7817563566,72.2963049489
128,5519,80.2429761113,79.3085730774,66.1942688843,69.4150869156,71.379368546
128,5520,80.2575167461,79.3086302419,65.9919015188,66.8589458902,73.8631614947
128,5521,80.2717133546,79.3165068844,66.3107399862,69.2743658388,70.6264968603
128,5522,80.2894503592,79.3186274122,66.6187193144,69.3203948177,74.5910760435
128,5523,80.3005959981,79.319480833,66.5764724522,70.1796539662,71.4136405499
128,5524,80.3108355118,79.3231408055,66.2559993598,71.4043954396,72.8865092171
128,5525,80.3417866194,79.3238514387,66.3765369728,67.9977303838,74.6868305268
128,5526,80.3474004294,79.3268304524,66.4668492258,69.9779376587,72.9017143425
128,5527,80.3557676163,79.3508087717,66.2518912298,71.3946457332,75.2473956397
128,5528,80.3821619067,79.352802093,66.463791976,70.6847414593,73.4399258454
128,5529,80.4050174887,79.3556751428,66.5110311663,70.1293838346,71.9890621012
128,5530,80.4243199922,79.3558025726,65.8713480476,71.1115503525,72.7489175871
128,5531,80.4457655649,79.3613322091,66.533662325,69.8053525973,73.423768897
128,5532,80.4490516577,79.3613403014,66.2736339709,70.4799280551,73.2032863098
128,5533,80.4667750507,79.3613404781,66.9553154556,69.1030467007,73.2733375972
128,5534,80.4722772826,79.364109419,66.6879070278,71.2221189758,73.4050301998
128,5535,80.4925173419,79.3839269449,66.344292448,69.1796522177,72.5207125673
128,5536,80.5028479881,79.3886237542,66.2280895227,68.3110148714,73.9450747466
128,5537,80.5137436542,79.4119355701,65.7844268852,69.4198170239,73.9567042779
128,5538,80.5268533162,79.4176295318,66.2579444767,69.9112357615,73.497579336
128,5539,80.5397563137,79.4289143407,66.7792927612,70.1982373107,72.8184577401
128,5540,80.5603551241,79.4523971908,67.1108314563,70.9458573732,73.3352901435
128,5541,80.5903039882,79.4524136346,66.7157552301,69.2693640551,73.2930518685
128,5542,80.5985514491,79.4535293713,66.4759483111,68.3013010531,73.2796483464
128,5543,80.6050026793,79.4538737583,67.1026738428,70.1584767515,73.6110298693
128,5544,80.6255584585,79.4862381026,66.0877452142,69.489653645,70.6384531625
128,5545,80.6393531675,79.5458485755,67.4328586546,69.4982389452,73.7629569779
128,5546,80.6488349909,79.5669058308,67.0156403303,71.4529404951,74.3725685443
128,5547,80.6550508193,79.5768353707,66.9976123697,69.7628806473,74.3683984531
128,5548,80.6826738925,79.6210475475,66.6627308074,70.4235888133,74.3006630295
128,5549,80.7032375619,79.6301276461,66.226681761,70.0336610931,71.9593149006
128,5550,80.7125884112,79.6610100011,66.088947053,69.266230114,71.7605719325
128,5551,80.7375058574,79.6626413953,66.3814030569,71.4667304959,73.4056698348
128,5552,80.7427019095,79.6896281029,66.8574265063,71.8446599524,73.4134372915
128,5553,80.7617109116,79.7412418158,66.2446752652,70.4782618773,72.3594269535
128,5554,80.7785600572,79.7446104305,67.7173022838,68.9555223441,73.4562865576
128,5555,80.7830133292,79.7462735719,67.0952299308,71.6929474776,74.320045048
128,5556,80.799813704,79.7468063733,67.0478159831,69.0701117346,72.466198413
128,5557,80.8234651053,79.8194883855,66.7374110726,70.2156172602,72.2902529171
128,5558,80.8469064111,79.8196711888,67.0003933604,69.3817628145,74.2080002716
128,5559,80.8597600262,79.9254802722,67.3086869744,71.2646795232,72.8996300917
128,5560,80.8741536217,79.9255672621,66.8235068937,70.760813961,74.578611093
128,5561,80.8859183377,79.9587157355,67.4504862978,71.4630296111,72.7921625174
128,5562,80.902341145,79.976563415,66.6883372239,70.6051168255,73.0689468743
128,5563,80.920409265,80.041130461,67.6683193536,69.9387054755,75.0981451858
128,5564,80.94390859,80.0902093489,67.2168408153,69.8298402779,70.7176276242
128,5565,80.9600529341,80.1800087059,67.4081794974,69.9296398114,73.6332804691
128,5566,80.9826165397,80.1803876571,67.6331992446,68.8424122555,74.2073369092
128,5567,80.9882860442,80.230002141,67.7647553615,69.2719457097,74.7667777202
128,5568,81.0094813689,80.2713623838,67.506151059,68.9994358225,73.2589778151
128,5569,81.0218402456,80.2793992573,67.2118096086,72.2957443763,74.6792190944
128,5570,81.0311365294,80.2794371988,67.0209890483,71.4118646033,74.2875662654
128,5571,81.0563161744,80.2802633549,67.2986693825,69.6554028999,73.6979322402
128,5572,81.0734724137,80.289949952,67.2192844016,71.7065995704,73.6760304765
128,5573,81.0845944235,80.2948326815,66.6759644044,70.3895989956,74.4258550225
128,5574,81.102016204,80.2948609746,67.7549841808,71.0173153525,73.0721884066
128,5575,81.1073496604,80.3053790637,67.3907338269,69.3155274647,75.1609504686
128,5576,81.1288060624,80.3090869488,67.7772346531,71.3934879345,71.952487056
128,5577,81.1484987069,80.3290188575,67.557593506,70.6054947588,72.8098558832
128,5578,81.1641037935,80.3446704954,66.8321706782,69.5099056683,74.1610834197
128,5579,81.173176311,80.355502159,67.9341385689,72.5213121965,73.5453397949
128,5580,81.1990530214,80.3619653374,68.1629603152,71.7370192142,73.9741584968
128,5581,81.2190732671,80.3701739708,68.10261512,71.2446446176,73.0880537504
128,5582,81.2280778023,80.3810414306,67.8677096167,70.7336303878,73.3483808729
128,5583,81.2425815875,80.3876392233,66.7711139736,72.0205192039,75.9241637189
128,5584,81.2581956852,80.389076298,67.9503973643,70.9153809386,74.7513896237
128,5585,81.309509763,80.3891536688,66.8194406089,67.9799635426,73.8617920084
128,5586,81.3123649002,80.3949117379,67.6755515034,69.5420373248,74.1781135066
128,5587,81.3164553334,80.3952937643,66.8719267441,70.3278469974,73.4904119244
128,5588,81.3248859142,80.3954000395,68.0820153255,67.3057948337,71.5140611456
128,5589,81.3637531656,80.3964827914,68.5571708587,68.9666055811,73.4013545217
128,5590,81.3677207173,80.4140419438,67.8395821084,70.2048335972,74.0689621585
128,5591,81.3787949351,80.416598401,68.0024171927,71.7872130495,76.0630611657
128,5592,81.3937837351,80.4202918924,68.2376070629,71.1380854766,76.093882754
128,5593,81.4220854244,80.420369515,68.4375707322,71.957483471,72.6670620407
128,5594,81.4357296101,80.4821331961,67.8046935711,70.7775906041,74.9325986913
128,5595,81.4444709856,80.4853901073,68.585715809,71.1130863866,73.717650464
128,5596,81.4748102638,80.4979121679,68.3442214685,70.8508986061,73.7588424229
128,5597,81.4962631587,80.5456757746,67.4067422855,70.2011335622,73.894378745
128,5598,81.5118635342,80.5490858916,67.789494689,71.2675480833,71.6363768067
128,5599,81.5231541038,80.5517526427,67.9176137322,71.1041220852,75.4867411347
128,5600,81.5326243683,80.5519659274,67.8609594895,67.9691097089,75.1452945087
128,5601,81.5476345965,80.5659866012,67.4880076159,70.6654482394,75.0057379392
128,5602,81.558906514,80.5720267925,68.4453584656,69.6835880404,75.7284653236
128,5603,81.5806999158,80.5727148065,67.7900307766,71.521769691,75.5500902937
128,5604,81.5899355645,80.605587931,67.6667262321,73.1348115644,75.3141177344
128,5605,81.5999836923,80.608567849,68.3400175526,72.3774045315,74.0680978404
128,5606,81.6120464539,80.6205259012,67.8931007551,70.2379630586,76.127522176
128,5607,81.6196049305,80.635151968,68.3448674843,72.5184177935,73.32066638
128,5608,81.6306332094,80.6425009279,68.5579185409,73.7281146017,72.887420779
128,5609,81.647581331,80.6475262276,67.7276016867,70.1981314471,74.2101599997
128,5610,81.6512803656,80.6624222244,68.0651403868,71.651655522,75.2982909448
128,5611,81.6734356903,80.6643634691,68.6820376501,70.6818367485,74.03561543
128,5612,81.6758118161,80.6847842086,69.3650550628,70.5471258054,73.592762318
128,5613,81.7095573629,80.7567583679,66.9562486609,70.9869503224,74.3305539825
128,5614,81.7278274027,80.8156762669,68.2932993985,72.1259438886,73.5940705218
128,5615,81.749806725,80.8179776126,68.0409274888,72.130245921,77.1769655152
128,5616,81.7570442647,80.8444545322,68.7514141167,69.724041372,73.1634694514
128,5617,81.763309059,80.8707542291,68.743631172,72.2134036067,75.8062583212
128,5618,81.7829785512,80.8801116167,67.8230659927,72.3595294297,75.3239764576
128,5619,81.7952062767,80.8808161031,68.256534873,69.7667951212,76.585028902
128,5620,81.8031703984,80.9123712125,68.0958364858,70.5234823662,75.8482591957
128,5621,81.8502719925,80.9203939973,68.2223115265,73.2986196835,73.9831250201
128,5622,81.8567955623,81.0127322225,67.922939148,70.2135510985,73.611696032
128,5623,81.8655220956,81.0129613234,68.7799526851,71.9266282074,74.4073857302
128,5624,81.8811980072,81.0764059294,68.1534118288,72.5160829935,76.9823931276
128,5625,81.8985947616,81.0983825462,68.5534616953,70.6863717964,75.8866124329
128,5626,81.9151533338,81.1724725185,67.9786523524,69.0098368271,75.2675353922
128,5627,81.9372648113,81.263253473,69.3057414654,71.3252279458,75.1863203858
128,5628,81.9418749781,81.3031182221,68.975210365,71.9192767051,74.2057898146
128,5629,81.9601323063,81.3396776385,68.2784530895,74.1259228608,72.5103929748
128,5630,81.9775479076,81.3413516687,69.0451512449,71.2841115295,74.5727072126
128,5631,81.9854917242,81.4182825802,68.4639066289,71.0383392499,73.8715704026
128,5632,82.0054138584,81.4785110589,68.3515266523,72.3326975476,74.0212713982
128,5633,82.0360787912,81.4792221447,68.3522381062,71.4165358506,75.0339910653
128,5634,82.0689956961,81.4796549143,68.3893135348,72.1297932321,74.6289021124
128,5635,82.0738441957,81.5025383461,68.5057426501,69.7627722254,74.4574058864
128,5636,82.0870477204,81.5097039989,67.8226003109,70.3862566846,74.1786518188
128,5637,82.096780288,81.5567244844,68.7036018033,68.7399212583,74.5357031184
128,5638,82.117280934,81.5633207584,68.6582716942,72.5206670921,74.548217024
128,5639,82.1269323287,81.5683697925,68.978716266,70.2302433574,75.6407649959
128,5640,82.136970654,81.5684512533,67.9102157968,70.6671860926,74.2876848696
128,5641,82.1655611311,81.5701884663,68.6476716131,72.4574926125,75.4896442645
128,5642,82.1991012988,81.570224668,68.6441863157,72.8704794473,77.8457898211
128,5643,82.2044552519,81.5755389848,68.3103194688,70.3469757826,73.989167675
128,5644,82.2281938146,81.5854168148,68.9034345431,70.9321181025,75.3374008682
128,5645,82.2392532832,81.5888956882,68.7990629234,72.3702447297,74.776710941
128,5646,82.2492334006,81.6168718358,68.688638374,71.0983737187,77.1378026968
128,5647,82.2641162119,81.62128529,68.7763764452,71.7051200529,74.8269118723
128,5648,82.2736105743,81.6286304612,68.0865795697,71.5413392989,74.1176205546
128,5649,82.2999982138,81.6288777775,68.9912331995,71.8560662742,74.9526383216
128,5650,82.3136822947,81.6431013367,68.6526723696,68.5159093147,73.0867145741
128,5651,82.3260037566,81.6437635709,68.9779615792,71.4118330779,74.9337938793
128,5652,82.3514629289,81.6439502849,69.1176180455,71.018874812,75.4269694502
128,5653,82.359868073,81.6575318379,69.3561732172,70.2927235217,76.7104861837
128,5654,82.3824435379,81.6577391845,69.0441930884,71.931187715,73.247347521
128,5655,82.4095276132,81.689879697,69.3978271313,72.4335471178,74.3350445486
128,5656,82.4219966782,81.6969033498,68.2451691106,70.6081269757,76.3325019676
128,5657,82.4304772168,81.7099713034,69.2038513889,72.7111024687,75.3459337764
128,5658,82.4408041452,81.7129631747,69.3076868858,71.4138559849,73.8491857188
128,5659,82.4711168922,81.7413616933,69.2832499018,72.1060442003,76.7765928448
128,5660,82.4971977557,81.7414736857,68.4032538578,71.7753098291,74.8528083628
128,5661,82.4988265317,81.7484390819,68.1955934083,70.8975946453,76.0050702161
128,5662,82.5103973535,81.7549271514,68.6214808917,71.1548270992,76.3637447672
128,5663,82.5235262997,81.7564026794,69.3352011714,69.7600442212,73.4898352902
128,5664,82.5436851441,81.7630607065,69.3450343182,69.3816648384,76.7502422378
128,5665,82.5459398657,81.7833225474,69.5890664413,72.892349406,77.6871960018
128,5666,82.5646896468,81.7920803904,68.354216962,68.8390537425,74.1702418248
128,5667,82.5750796029,81.8373828369,69.2061495467,72.2551256982,75.8102356665
128,5668,82.5961365681,81.8384496402,69.0914575434,73.9326163575,74.5393946604
128,5669,82.6252269869,81.8468148439,69.1604847929,72.6019735206,75.1643128327
128,5670,82.6386100532,81.8489441919,68.4001265792,71.8575458498,74.7769795172
128,5671,82.6536432265,81.9166741675,69.1180200489,71.3675915558,76.7607349206
128,5672,82.6734312984,81.9179864378,69.598143439,70.7496704819,75.4460308656
128,5673,82.683090863,81.9191848421,70.3460112592,72.8593107468,76.2734842125
128,5674,82.7052132818,81.9494081211,69.8444429974,73.1748602744,76.9198717738
128,5675,82.7257842276,81.9674289145,68.4752170658,72.8523285868,76.3340876046
128,5676,82.7467683766,81.9692888583,69.2509283581,73.2283407221,75.3849547414
128,5677,82.7627756268,82.0468922019,68.8171209919,70.8602273887,75.9924525959
128,5678,82.7674013558,82.0495059883,69.4363453792,72.2795962192,76.0908017211
128,5679,82.7918274985,82.1121320437,69.6380065348,73.0170647356,74.5435953888
128,5680,82.7955574052,82.1310665344,70.0338791787,73.6884831594,74.7194277762
128,5681,82.8011799069,82.1317266093,69.3814657852,72.1415046028,74.4361258154
128,5682,82.8247097087,82.1821417046,70.0236821722,73.1485439154,76.6255930603
128,5683,82.8449505221,82.1927752774,69.2157145538,71.7513466848,75.9818218667
128,5684,82.8603676265,82.2088239361,69.2184256577,73.7945068998,73.6381343914
128,5685,82.8652641639,82.2233489366,69.2148675476,71.8997945132,75.5468087564
128,5686,82.8991288779,82.2529165627,69.970311324,72.4471365584,75.5862600239
128,5687,82.9131576798,82.2548992953,70.0974420112,71.2962581842,75.2366682391
128,5688,82.9321979358,82.3354149303,69.8729359604,72.7956940831,77.3371408466
128,5689,82.9384053385,82.3939385486,69.1077123552,74.4347058762,75.4421212384
128,5690,82.9607606599,82.3961233119,68.1752517527,71.424484759,76.6212174023
128,5691,82.987030997,82.4248592778,69.9580670502,72.0143481157,74.7410472237
128,5692,82.9935274322,82.4302971651,69.9726564895,72.2686279557,73.1805188905
128,5693,83.0109592281,82.5039517141,70.2077317962,72.6868756662,75.4285553203
128,5694,83.0298207584,82.5160261476,69.5018132893,72.3132568328,79.1273703721
128,5695,83.0450694186,82.5163773044,69.6087131696,74.682990477,76.7610508091
128,5696,83.0505653099,82.5180074238,70.0321162013,73.8432565006,73.9003614475
128,5697,83.0754628836,82.5306974192,69.9694430598,72.6400359343,75.0230083705
128,5698,83.0849073039,82.531329656,70.3776486784,73.5363358376,74.6338541081
128,5699,83.1010026755,82.5494644627,70.3927487887,73.4316564003,74.1713903885
128,5700,83.1306442386,82.5828274598,70.1671988731,72.6601706065,76.2040020571
128,5701,83.1386163304,82.5973548503,69.5026468222,73.1031554515,77.881896503
128,5702,83.1716289549,82.6003665197,70.2753047878,73.9870050745,76.4651068743
128,5703,83.1808932833,82.6221114158,69.6558753371,73.5506860583,75.4926149944
128,5704,83.1914816304,82.6292176114,70.1745608121,73.3125508398,77.4253741368
128,5705,83.1967866818,82.6294251519,69.3603054665,73.4682164199,76.6194944306
128,5706,83.2155270231,82.6334490979,70.4435449187,72.3081223678,75.5780415377
128,5707,83.223102557,82.6676576189,69.5081749852,73.1618214756,75.7283634641
128,5708,83.2580880053,82.6764345114,70.6556738476,72.6314320207,75.3622749692
128,5709,83.27941752,82.6804025769,69.8077678354,74.0110254865,75.2252620229
128,5710,83.3143753056,82.683032747,69.5218999011,73.9479473874,75.4341860861
128,5711,83.3251391451,82.6904316101,70.1634643751,72.6349196556,76.8812906586
128,5712,83.3417804276,82.6906278546,70.2686746318,72.8717344229,73.8863083835
128,5713,83.3488822501,82.6914148586,69.4935266053,74.2045361245,78.1185178329
128,5714,83.3600809676,82.6944533748,70.6800346637,70.9388181403,75.6729674508
128,5715,83.3714818379,82.7587369272,70.1533408144,73.6331633543,77.0505164137
128,5716,83.387443226,82.765052549,70.3322981149,73.2299983434,76.9647396982
128,5717,83.4227732494,82.7661794594,70.4098683259,68.5711353328,76.6073631721
128,5718,83.4396396122,82.7717862135,70.5372537402,72.4966498132,76.7986923559
128,5719,83.4597921515,82.7724266765,70.3822036778,73.6706235376,77.7197845898
128,5720,83.4693556781,82.7781470299,69.7687108575,69.7678323481,75.6816177909
128,5721,83.4812231373,82.7837112558,70.422589073,74.8376674985,75.4150254046
128,5722,83.4953956775,82.7981675214,70.5878274197,72.9244797728,75.5005161119
128,5723,83.5251361391,82.8179846064,70.3188558925,73.3595739926,77.3702130264
128,5724,83.5346528669,82.8235820685,70.1100731798,72.484884172,76.3941047167
128,5725,83.5505374144,82.8278657342,70.5161386848,72.4983972518,75.3229166442
128,5726,83.5658690055,82.8287321133,71.2145512071,70.6302900965,76.8636318397
128,5727,83.5909739102,82.9004978651,70.0194318263,74.2021963625,76.0737561612
128,5728,83.6016752855,82.9345529115,70.9296389299,72.5002822635,75.8633382322
128,5729,83.6079614675,82.9353435444,70.9198768666,73.1334951028,75.1865587804
128,5730,83.6339900078,82.9357049734,70.8039561589,73.6985484975,78.1821430795
128,5731,83.6399896721,82.9597912509,71.2247556711,73.7814127943,74.565825326
128,5732,83.6735338343,82.9598619912,70.0064099083,74.4065985319,76.9204410877
128,5733,83.6814290289,82.9647449152,70.8759463158,75.3198816232,76.5376821096
128,5734,83.7018549576,82.9662221665,70.7155531441,73.4330170569,77.9435889162
128,5735,83.7309044767,82.9769938809,70.9577402166,72.668050714,78.7859179178
128,5736,83.7357738259,82.9896068211,71.5123647497,73.7353909111,78.0554954558
128,5737,83.7547439001,82.9897176143,69.9915413647,74.0865089863,75.4264121374
128,5738,83.768777998,82.9904914799,70.8498873984,72.9829846406,76.4955622617
128,5739,83.7747216654,83.0056846485,71.4836595186,73.5335988032,77.2824459021
128,5740,83.8116867718,83.0083251493,71.2031181864,72.7142701304,76.7092050926
128,5741,83.8237303394,83.0132553714,71.2824722522,72.5700668083,76.030804584
128,5742,83.8384678478,83.0152665719,70.8784037109,73.0583443185,78.1960649898
128,5743,83.8428569131,83.0213751883,71.1423378711,71.5122533468,76.0357304002
128,5744,83.8771854183,83.0685391235,70.7805980385,72.0417915465,76.9591149946
128,5745,83.888831543,83.0688755664,70.97867882,73.95950774,76.4717146653
128,5746,83.9130693732,83.1161076206,70.658837058,73.6618056596,74.8081821305
128,5747,83.9334937462,83.1516711684,71.0548798049,74.2666804329,76.3878342638
128,5748,83.9492482104,83.1650556054,71.4925521575,73.1783343225,78.0705682632
128,5749,83.9541476615,83.1675532261,71.1577757984,75.1681270168,77.8071395783
128,5750,83.9863504566,83.2112488703,71.1936083346,73.6224391913,74.687173337
128,5751,83.996339301,83.2694728274,71.2394170035,73.6103309927,77.666858267
128,5752,84.0030448297,83.3006419053,71.7396658443,74.2136024209,76.7093219017
128,5753,84.0165483016,83.346055754,70.6183764847,73.5644075163,75.3278209874
128,5754,84.0414318854,83.3479427187,69.9115772901,73.7858828463,75.1274020567
128,5755,84.057634011,83.4209218373,71.3025867528,71.9976627191,76.090481125
128,5756,84.0732692992,83.4427902431,71.581014619,73.4968784232,77.643356599
128,5757,84.084605052,83.4627353939,71.1986721055,74.2105476168,77.8553118942
128,5758,84.0997819296,83.4684502798,71.204925372,73.6774358827,78.103001918
128,5759,84.1182751987,83.470431305,71.0449309521,72.3303146246,76.7473009501
128,5760,84.1196550858,83.4919914956,71.4519527845,72.5512101662,76.5567166395
128,5761,84.1567484317,83.5445298841,70.9170674324,74.7383266028,75.9563831865
128,5762,84.1614499278,83.5467537421,71.4447163153,74.6429688351,77.172476298
128,5763,84.1819599599,83.5565831844,71.2023173479,69.950153492,77.7224235548
128,5764,84.1939639073,83.5679746772,70.9529903512,73.1968381044,77.8168159597
128,5765,84.2063099971,83.5695348121,71.0793543965,73.7878358275,77.4921317515
128,5766,84.2292376372,83.5872957538,71.3430878,74.556199481,77.5908958448
128,5767,84.2392595564,83.5879026058,71.0034462189,72.8335519977,77.3111552705
128,5768,84.2570414199,83.5928573399,70.8018076861,73.189936922,76.4822257712
128,5769,84.2789036302,83.5929680207,70.9545234112,73.7034431751,77.5293273385
128,5770,84.2832725173,83.6114425108,72.0887214876,74.3642193078,77.4603036272
128,5771,84.3036788146,83.6398024618,71.1296920037,74.3397504897,75.181778978
128,5772,84.318873992,83.6411020319,71.2952848744,71.8978983603,75.9786821902
128,5773,84.3370727751,83.6474929686,71.2447378234,73.5601124468,76.6805585903
128,5774,84.3628530653,83.6533567815,70.5523561956,72.7592873934,75.9048259199
128,5775,84.3688031487,83.6547871023,71.0845810875,71.1116841007,77.0770667547
128,5776,84.3863563574,83.6548841532,72.0385739113,73.7406545934,76.5550278266
128,5777,84.4013140278,83.6586542979,71.2123446197,72.7053314558,77.0110767097
128,5778,84.4117252007,83.7121788715,71.624912482,73.8653125922,79.2448633233
128,5779,84.4247288852,83.7172261219,71.1459194049,76.2636728428,77.1927634392
128,5780,84.4408632786,83.7341151607,71.3014753547,72.3306992882,76.1776283815
128,5781,84.4548584575,83.7852005789,72.341208006,72.7612440291,76.1387279944
128,5782,84.4681391579,83.78520138,72.3873594196,74.5503358114,77.0501562063
128,5783,84.4932645684,83.7852130558,71.9550617368,73.3065392,74.4929165772
128,5784,84.5041158117,83.7981641074,71.2278236979,72.6001126201,76.6660118431
128,5785,84.5079096355,83.8019983337,72.3869077091,72.7449151889,76.6223316086
128,5786,84.530475929,83.8226426653,71.1339567628,74.2224904858,79.1373215069
128,5787,84.5497478699,83.8243623342,71.8144777044,72.9363635325,76.962022991
128,5788,84.5673144841,83.8288651044,72.3865148028,74.0732216529,77.2236800434
128,5789,84.5990884605,83.8508861008,71.2696520185,73.3788107393,77.18923127
128,5790,84.6066856917,83.8661342321,72.4853388506,73.7268457007,79.1890534912
128,5791,84.6198311391,83.8725139326,72.4186147248,74.7623115193,77.4803594152
128,5792,84.6326487964,83.8850794048,71.0430544429,73.5291424364,76.1797875849
128,5793,84.6528833896,83.8913100834,71.5157971106,74.6618005513,76.9516372871
128,5794,84.6671004932,83.917334883,72.7237060726,74.9122270548,78.9555760183
128,5795,84.6714035701,83.9587029813,72.6768951927,73.451227007,76.1474333248
128,5796,84.7228420556,83.9593673509,71.6657948927,73.9942248205,78.0383218867
128,5797,84.7316501104,83.9721505153,71.405342819,73.0203702564,75.8690410223
128,5798,84.7486209749,84.0229454929,72.2099943572,73.8341250845,79.5172577827
128,5799,84.7702489829,84.0572462147,71.6010006078,75.2277337435,77.36014567
128,5800,84.7869911311,84.0776569187,72.3721832791,74.4298644893,78.6855164183
128,5801,84.8092493577,84.1425938203,72.1185853664,74.0910799695,77.4528356324
128,5802,84.8117375973,84.1788308027,72.2495918833,74.9292853891,77.7143396559
128,5803,84.831616059,84.1995282468,71.0824656679,73.2891035539,77.9896795516
128,5804,84.8554207994,84.2105111307,72.5527315317,74.03325665,78.5349190307
128,5805,84.8690997578,84.2105119835,72.2897465312,76.1621681115,77.1043146695
128,5806,84.8958747313,84.2105583927,72.3518288207,73.3085132235,77.2505005198
128,5807,84.9187531894,84.2209364391,71.7805641741,71.9886697684,79.223935319
128,5808,84.9236197933,84.2306067958,72.4732603247,74.3350698155,77.7113244326
128,5809,84.9275067633,84.2577117553,71.7292116506,70.3334723267,76.9110159254
128,5810,84.9469472062,84.3222371703,72.5490501256,76.1774486264,76.167474033
128,5811,84.949821362,84.3974581727,71.75333904,75.7445694647,77.5894619539
128,5812,84.9854188525,84.4643918383,72.5500445231,73.0418002478,78.2746363983
128,5813,84.9877324381,84.5154394634,72.8284731678,74.2052462129,78.6133526688
128,5814,85.0039980791,84.5241506691,72.5226029528,74.0002138742,79.027529146
128,5815,85.0270751555,84.5598371869,71.9505616449,74.2765645876,76.3258524187
128,5816,85.0437595722,84.5637060092,71.3405540228,73.9236852552,76.8579703203
128,5817,85.0694489602,84.5837715486,72.3165793146,73.6010769792,78.5219880205
128,5818,85.0866871191,84.5841451896,72.7805129769,73.1181754341,77.4302853152
128,5819,85.0967748677,84.6006924982,71.5232203133,72.8751380111,77.3647911532
128,5820,85.1145039484,84.6240546577,72.4999300931,75.8920123332,78.3242042338
128,5821,85.1302374597,84.6634941005,72.2945899004,76.4308044339,77.5752929502
128,5822,85.1525474306,84.663526205,72.4777063109,74.91698913,77.9218796673
128,5823,85.1667404102,84.6657479701,73.0429515555,75.2187957522,79.6117688784
128,5824,85.1795878262,84.6680043242,72.8092617201,74.232399835,78.1647171681
128,5825,85.1875979344,84.7194744552,72.9875433612,72.3319670671,77.8503986448
128,5826,85.202542877,84.726744174,71.2460356986,74.5446054965,78.0723041483
128,5827,85.2334767645,84.7684687757,72.5153648145,74.0784983311,80.1045104312
128,5828,85.2400028565,84.772101503,73.4120861322,72.4008820146,78.7772057528
128,5829,85.2436396708,84.7721324588,72.6292733279,76.1873135286,79.1787484669
128,5830,85.2520094019,84.7721334552,72.5915995321,74.678196406,77.6700568161
128,5831,85.2732933659,84.7759791581,71.6638275667,75.3068567186,77.1695010436
128,5832,85.2982448262,84.8111720759,72.2341206684,75.7859891887,79.5931413935
128,5833,85.3243511386,84.8453409479,72.4597233298,74.467764159,77.4003261596
128,5834,85.3294230659,84.8659286255,73.3071309123,74.8780608306,78.8459331058
128,5835,85.3423400668,84.8666973329,73.1040072348,75.0453131384,75.9349772656
128,5836,85.3582053273,84.8747593603,72.3534988994,75.3218681412,78.5747809299
128,5837,85.3771811021,84.8877987248,73.1326520548,74.2305425368,75.2989984794
128,5838,85.395190112,84.8895859018,72.9062282026,75.3280871224,78.5914371307
128,5839,85.4083881981,84.8970362554,72.3343899767,75.6103667197,79.9086936688
128,5840,85.4099334709,84.8992510365,72.9478922403,75.7159233599,77.6614248439
128,5841,85.4216824051,84.8995043946,72.9225182639,73.510768753,77.2793437985
128,5842,85.4461644495,84.9094939367,72.4770097575,77.2224746213,79.1626682602
128,5843,85.4513662405,84.9115491629,71.7042886126,76.1292231958,78.3339406718
128,5844,85.4868793308,84.9229185461,72.6750373346,74.3634101006,78.6013167146
128,5845,85.5033989016,84.9233232699,73.5082804369,75.8247955602,79.8817274209
128,5846,85.5347806578,84.9453233312,72.9382004602,76.1446126178,78.070504182
128,5847,85.5498432519,84.9458465239,72.5053214145,76.5917875483,77.4028902452
128,5848,85.5662213609,84.9800959756,72.870831786,75.928248599,78.8397017869
128,5849,85.5899519445,85.0212569963,73.0426001697,73.5727778571,78.2445221722
128,5850,85.5946202336,85.0319886872,72.8881355217,77.2368543611,77.7581344892
128,5851,85.5994104763,85.0729517436,73.0336310521,74.7094901215,79.6906747447
128,5852,85.6129803225,85.0746746929,72.8509002372,75.4722207108,79.3695002943
128,5853,85.6342896821,85.0749411408,73.3992352609,75.3499129474,80.0446420199
128,5854,85.6504330669,85.0932989402,73.6685274787,76.597283626,77.8525831731
128,5855,85.6647555714,85.0944953068,73.3735309178,76.1379883116,79.1825698917
128,5856,85.6964006935,85.0978065189,72.8485920311,76.6567991625,79.5130626436
128,5857,85.7062601902,85.1431375631,73.4571995402,75.1153436024,79.3800841146
128,5858,85.7217912504,85.1642121802,73.4711265781,75.3367322882,77.6572678744
128,5859,85.7475420164,85.2323676817,73.4462923654,75.6097475194,79.2226434825
128,5860,85.7519366615,85.2451065674,72.6444426494,75.3763096473,79.5198041763
128,5861,85.7667738909,85.2775997752,73.016796791,77.9270183675,78.3476584493
128,5862,85.7876969989,85.2990050736,73.3856453174,74.3960334409,78.8327522855
128,5863,85.8055174267,85.3096791754,74.3239822435,75.3495340103,79.5628287938
128,5864,85.8219740186,85.3159160819,72.9282870009,75.3082240324,77.3820876427
128,5865,85.8347259199,85.3246210376,72.7519399729,75.1137844894,78.2966845049
128,5866,85.8520938377,85.3272621036,74.3180105513,76.4735597316,79.5647740354
128,5867,85.8590989749,85.3428619294,74.1724339636,76.8399341946,79.8686290666
128,5868,85.8760335014,85.3713332351,74.0478403003,73.9926251671,79.6069770895
128,5869,85.8949596718,85.3836423945,72.9369736339,75.7214092675,79.6469796865
128,5870,85.9171851137,85.4599394854,73.9638224161,77.4562037549,79.5678228324
128,5871,85.9276539421,85.517585578,73.8379330964,77.0170610392,78.6618141261
128,5872,85.9448860827,85.5779144129,74.2707942868,76.3150477087,79.9604874922
128,5873,85.9660882585,85.6086757191,73.0544367417,74.5415078533,81.4764502859
128,5874,85.9757495583,85.6086853368,73.2280352656,74.3943407807,79.2564956571
128,5875,85.9998626032,85.6098857823,72.9367345796,74.6695445372,78.6949028807
128,5876,86.0131716055,85.6312320779,73.2451087102,76.2369983711,78.8835322076
128,5877,86.0418905318,85.6353867407,73.9504073394,76.1298023268,80.968435295
128,5878,86.0528307884,85.7470034521,74.2852120898,75.3462784085,79.748944479
128,5879,86.0624312133,85.754591132,72.3669854604,76.3690798444,78.9792464866
128,5880,86.0911530317,85.7751728692,74.3241606012,75.309842635,77.2530161979
128,5881,86.1110057874,85.7907580774,73.8710139581,75.7081721733,76.3252874137
128,5882,86.1216918017,85.8856336433,73.4193298694,74.331243364,80.8554771953
128,5883,86.1332462388,85.8860802229,73.7372698625,75.8256433214,79.3700728515
128,5884,86.1426758794,85.897262713,73.5476096591,76.0097516931,79.0676387041
128,5885,86.1698429106,85.9063893977,73.4333263305,74.8690101436,77.7442273692
128,5886,86.1979753338,85.9106321715,73.5604200166,74.8367672761,79.4002629698
128,5887,86.2074285598,85.9400892094,73.0850497131,76.6396697217,76.6324292356
128,5888,86.2180038208,85.9413476904,73.6264777087,73.6222043049,76.9577218541
128,5889,86.2371489288,85.9551853441,72.9246491494,76.0707223978,77.5367933264
128,5890,86.2737054699,86.0398890481,73.1837439402,74.8912465361,80.4178886995
128,5891,86.2801950404,86.061474506,72.7832000042,76.3185372211,80.9391775885
128,5892,86.2914703936,86.0758689586,74.186413238,75.1741878033,80.421278127
128,5893,86.295619876,86.0799071163,73.6620332103,77.1082654083,76.5720088663
128,5894,86.307261417,86.1733725785,73.4798006752,75.2816314664,76.3796649039
128,5895,86.329784751,86.173536066,73.5983396827,76.3280739108,79.687333596
128,5896,86.3520420767,86.1765228777,74.0670763346,73.0536371964,79.3769591616
128,5897,86.3589195395,86.1800468307,73.8175792338,74.4774932141,79.185884532
128,5898,86.3900821151,86.1813975761,73.9108361038,76.5767255594,79.3111309361
128,5899,86.4070569354,86.186181154,73.0884679617,74.4246445271,78.8968110859
128,5900,86.4368570682,86.1869610624,74.4218173952,75.9302833322,78.6363272237
128,5901,86.463767276,86.1878971677,74.4406411697,74.5036089831,79.3771140628
128,5902,86.4685242889,86.1906665216,73.4070269112,76.8857148687,77.9834795967
128,5903,86.4921497683,86.2099569986,74.5807865226,77.0589329248,79.289145918
128,5904,86.5062133078,86.2311055671,73.2959348876,75.4474427644,79.0434442458
128,5905,86.5108947861,86.2469661458,74.4320488103,75.8459545556,81.2455464428
128,5906,86.5340736098,86.2477361072,73.4723345279,76.8754541204,81.2018367502
128,5907,86.5494983809,86.2593837181,74.7612001229,75.3403529905,79.116042779
128,5908,86.5615388482,86.2593922689,74.575717142,74.8656420849,79.1770631487
128,5909,86.5729440668,86.3097082378,74.8128934187,77.782107654,80.0054131553
128,5910,86.6017192291,86.3137513085,74.937708217,75.2363900797,79.6386076302
128,5911,86.607342959,86.3209290621,72.8217297806,75.7822827214,79.759399536
128,5912,86.6311299982,86.3450333539,74.9080447542,77.0008890762,80.9671196984
128,5913,86.6379213595,86.4263999568,73.9161422598,75.3724615748,79.5817461793
128,5914,86.6555914182,86.4327972977,74.4480915897,75.7561755375,79.9138607387
128,5915,86.6759400774,86.4351928526,74.1381703075,78.0599642174,79.6936327887
128,5916,86.7024732957,86.4699542169,74.91926127,76.4044437125,76.7837895834
128,5917,86.7160658239,86.4740722294,74.766888266,75.880157341,77.3354470402
128,5918,86.7372764475,86.4939249073,74.3670085171,74.5329904516,80.7405997853
128,5919,86.7500949743,86.499796876,73.9611527412,75.2860566048,78.1153988372
128,5920,86.7627429429,86.5095924723,73.2266596992,75.7903903624,79.9394337267
128,5921,86.8061881397,86.5102080763,74.4274694911,75.8761109396,79.1931639971
128,5922,86.8122720177,86.5249061828,74.5715529047,74.8332633577,79.6894507712
128,5923,86.8373069104,86.5322113346,74.2778280086,75.2204909497,79.7717922255
128,5924,86.8482378919,86.5323461245,75.0972321052,76.6179624517,78.5008972025
128,5925,86.8586417451,86.5514052849,74.3739783296,76.4039104259,81.0415956595
128,5926,86.8812382573,86.5518116749,74.6260138462,77.270220159,79.0601181983
128,5927,86.8921377833,86.5966358564,74.7907219561,75.2492556082,79.6901447195
128,5928,86.9155276374,86.6072293363,73.5309344361,75.3091499373,79.6456077704
128,5929,86.9285613274,86.6129806742,74.8643054569,75.2632709732,79.422712606
128,5930,86.9402478074,86.6660375964,75.2097702397,77.2691841619,79.7983806754
128,5931,86.9538493355,86.6715244058,73.6985425281,77.5337929057,80.2747114234
128,5932,86.9796957996,86.6997685748,74.5395700316,74.5936933024,79.879715194
128,5933,86.9837665982,86.7123074028,73.8560106214,76.5844261284,80.1255171288
128,5934,87.0003321756,86.7196477153,74.2780241211,76.1741475538,81.8386850792
128,5935,87.0020696303,86.7212851463,74.9908559384,77.3787023138,79.9621745015
128,5936,87.0271607087,86.7221222281,74.5811962548,74.3934793557,81.3513613531
128,5937,87.0385913553,86.7306012256,75.4170999499,77.2408330344,81.7561428958
128,5938,87.0532699911,86.7601813405,74.7545461545,74.9719989225,81.9936351891
128,5939,87.0684550876,86.7723409567,74.3855285908,76.2465203192,76.5280162637
128,5940,87.1023234237,86.7911831411,74.1795611186,76.481085261,79.1723062605
128,5941,87.1134045008,86.7951561476,75.2253662114,77.4560471149,81.0189054209
128,5942,87.1349717375,86.8025683189,75.0802164529,77.3283145307,81.504002899
128,5943,87.1468314168,86.8032996969,74.4193168202,77.5267809778,80.0097652353
128,5944,87.1764237317,86.8050687464,74.4357020012,75.6915111033,80.9750189642
128,5945,87.1922135154,86.8178903683,75.1449449835,75.1259167206,80.5937033984
128,5946,87.2132305584,86.9576785479,75.8082140627,75.6867601222,80.1335665736
128,5947,87.2276607806,86.9691903156,75.0608856605,74.3752574813,79.7015254109
128,5948,87.2396453749,86.9843477725,74.7330447501,76.285141915,79.6742505931
128,5949,87.246894663,86.9945631818,75.4572277473,77.3874566727,80.7683254363
128,5950,87.2876579387,87.1520166074,75.7432005247,77.708377473,81.7526288052
128,5951,87.2942911512,87.1521492873,75.4784586542,75.1904833817,81.0015791739
128,5952,87.3233168504,87.2557152173,74.4702246658,77.2479718216,78.5196075353
128,5953,87.3331598654,87.2690850762,74.1866568907,76.8780172312,79.8258136013
128,5954,87.3447658543,87.2807363429,75.0780785968,78.0608986489,78.283847143
128,5955,87.3570395716,87.2862981469,75.4506210631,77.0161103913,79.6572657281
128,5956,87.366781481,87.3057819856,74.3155858334,74.6540260374,83.172475941
128,5957,87.3990360443,87.3069633356,75.0942131108,76.1698898806,81.0838903011
128,5958,87.4021706082,87.3123675396,75.850439878,76.5228163553,79.5296166849
128,5959,87.417609442,87.3263763438,75.3258558904,77.6733931628,80.4230735367
128,5960,87.4299312937,87.3313180139,74.8344349792,77.4962301418,80.1797336971
128,5961,87.4488040527,87.3331771138,75.1317255417,75.0236662046,80.8894991305
128,5962,87.4721757744,87.3694373061,74.7736092607,78.5250645286,78.2376202394
128,5963,87.4815835729,87.4070919528,74.5511171778,75.5051613429,80.299103509
128,5964,87.4956088578,87.4073991592,76.1204873222,77.2433164303,81.2237674202
128,5965,87.5075619335,87.4117896487,75.4657519087,76.065930757,80.462258489
128,5966,87.5168113059,87.4681425364,75.2096714235,76.7041972071,79.8388431356
128,5967,87.5330227705,87.4702396546,75.4533999259,76.619497938,81.2061536674
128,5968,87.5552148021,87.4793890625,76.1644918651,77.1933543578,80.7704689793
128,5969,87.5693153267,87.4795010434,76.5880198018,77.9773150218,80.3492652525
128,5970,87.5838765372,87.4811466415,75.7942775682,76.7632405934,80.0140348209
128,5971,87.5985581026,87.5477184738,75.5023716921,78.5057989201,79.4403004181
128,5972,87.6039197997,87.5700053251,74.9050540461,77.0236091697,79.4910101646
128,5973,87.646279226,87.57687444,74.3592384347,76.5611543601,80.5541375528
128,5974,87.6589777313,87.5774728968,76.6025767642,77.509807862,82.7114967737
128,5975,87.6703662361,87.5881827488,74.4249849196,78.2638211578,79.9606079235
128,5976,87.6889600665,87.6090638518,75.6972754191,76.5359002733,82.6792723633
128,5977,87.7017067575,87.6090646481,74.4221756706,76.3973434931,79.9986615124
128,5978,87.7123665219,87.6322652415,76.7114561568,78.7716480526,80.245684391
128,5979,87.7413958899,87.6324342705,75.7155800343,76.9837076491,81.6133822941
128,5980,87.7551940995,87.633332749,76.2359602029,77.1541237377,81.3578155969
128,5981,87.7634421923,87.6364639446,75.3438140994,77.1999997071,81.2218755454
128,5982,87.7832237549,87.6700599869,76.0753365409,76.9353779876,78.4923356924
128,5983,87.7875937096,87.6719827672,74.905420984,76.5969801853,82.0569555311
128,5984,87.7940869194,87.6880370748,76.0516172998,78.7132825452,79.4313904566
128,5985,87.8024203512,87.6889135613,74.713272493,77.7535245927,81.7032825749
128,5986,87.8591716323,87.6922688852,76.3815301648,76.9409504419,81.4749869094
128,5987,87.865587325,87.6938189541,75.9524483554,78.0321266363,82.0040092264
128,5988,87.8811195177,87.7781679978,75.9414651741,78.5381823851,81.3390415344
128,5989,87.8970027888,87.8366244653,75.1766090299,77.1854633003,80.408368048
128,5990,87.9017152584,87.8558734253,75.0966704011,78.1375803513,79.9198266416
128,5991,87.9286216987,87.8568748506,75.0216092036,78.8618712584,81.8550555754
128,5992,87.9430574749,87.8919091381,76.7797658414,76.3162532246,80.865423994
128,5993,87.9507530585,87.893015684,74.8815463071,77.0250626487,83.4987773852
128,5994,87.9760680933,87.8987067559,76.7779460036,78.2948699622,79.9543224366
128,5995,87.9991826195,87.9375953327,75.5559393385,78.2105668796,83.1425826669
128,5996,88.0013282306,87.9376288172,76.1034719831,77.3047587332,81.4061438761
128,5997,88.0200171782,87.9752394025,75.4602106246,75.7117455322,81.7486233416
128,5998,88.029335329,88.0169397477,75.2365050708,77.8487711622,81.4587423634
128,5999,88.0432594986,88.0183924933,75.5954542866,78.8280548559,80.6782392212
128,6000,88.071476002,88.028215587,76.0716248328,75.6881233399,80.7361668634
128,6001,88.0794308186,88.0285126947,75.2342523634,76.6101858806,81.5688629042
128,6002,88.0894520843,88.0371692134,75.9017855292,77.7027902892,80.8987378284
128,6003,88.1141406137,88.0864011656,75.7643524624,77.65288915,82.464191009
128,6004,88.1300779703,88.0871776176,77.1798984864,77.182979604,80.9689644147
128,6005,88.1423401656,88.1185695213,76.6503452334,72.2538401994,79.4171043443
128,6006,88.1581603377,88.1861350989,76.1682402274,77.6486058214,84.1778290287
128,6007,88.1914769139,88.238537507,75.2787392402,77.7300776192,82.6022894759
128,6008,88.2031235135,88.3018343909,76.0172039516,78.3437881447,81.5631096818
128,6009,88.2247933401,88.395211355,76.5663824153,79.3804037302,80.8870667263
128,6010,88.2395008689,88.4230156546,76.6246056969,76.8966938792,83.075794929
128,6011,88.2576557976,88.4316756117,77.0651245207,76.6372439167,83.1703409607
128,6012,88.2626198936,88.4326724758,76.244597533,78.2161198278,81.616256482
128,6013,88.2847268216,88.43951791,76.7957189581,75.0571914892,81.3725296438
128,6014,88.3089388266,88.4395350742,76.1089213067,79.5593795269,81.2365783889
128,6015,88.3182381312,88.4395707602,75.8600757576,76.4908643653,81.9653777427
128,6016,88.3351329443,88.4522864335,76.2074199608,77.6616416071,80.6300825679
128,6017,88.3522933618,88.4527862306,75.9636661987,79.0961061372,81.8177351328
128,6018,88.3787235187,88.4546650767,76.9705688309,79.0611573235,80.4589692707
128,6019,88.3940825012,88.4642260693,77.3938616784,78.3298497981,82.7062593616
128,6020,88.4039062994,88.478123492,76.265584955,77.4443067471,82.7900784208
128,6021,88.4096075817,88.4993815078,76.3816006276,77.9614356322,83.0393581146
128,6022,88.4305760355,88.5028790648,76.2989626093,77.176752613,80.7835010276
128,6023,88.4501479364,88.5209643276,75.9131172242,78.9500490139,81.3283155809
128,6024,88.4663244837,88.5381746493,77.197605926,79.0987215835,81.5802462364
128,6025,88.4775242337,88.5444842241,76.8495048966,76.5008832741,80.6310888961
128,6026,88.4910500178,88.5453623296,77.0758025766,76.7498036001,80.7394610161
128,6027,88.5088218803,88.5460309437,77.8262616794,77.5865466189,81.5062829146
128,6028,88.5385112906,88.5518311657,76.8768308843,78.7836527467,79.8156255487
128,6029,88.5458661142,88.5580869917,76.3038190583,79.1393081914,81.5197072916
128,6030,88.5491063772,88.5597867108,74.6952410004,77.662369668,79.1660986903
128,6031,88.564690869,88.5642486427,75.939271344,76.410018149,81.1405220209
128,6032,88.5884356473,88.6221151106,76.2131937198,78.3810399657,81.5465771869
128,6033,88.6046365886,88.6326345738,75.377054363,78.0827906572,80.9838804571
128,6034,88.6207121749,88.6487389969,77.5781545704,77.7225056738,82.6166028123
128,6035,88.6310069743,88.6487398873,77.2956365579,78.1793924337,82.6179804094
128,6036,88.6636697367,88.649444351,75.7634622231,79.8952001758,82.0892087792
128,6037,88.6899587973,88.6534264757,76.3062281715,78.1463595061,82.7132707332
128,6038,88.6934106145,88.6617408207,77.2211223099,77.8169317288,83.8991030118
128,6039,88.7058912223,88.6629518738,76.816679237,76.2766177489,82.4491102084
128,6040,88.7208127137,88.668839689,76.947094455,79.1466845699,82.008643584
128,6041,88.733391153,88.6830323964,76.8487103035,77.6459500885,82.66953099
128,6042,88.7589577412,88.7034218007,76.5699448436,78.1807296719,83.9529987826
128,6043,88.7673268344,88.713991857,77.259815861,76.4108294667,82.5760954469
128,6044,88.7713920095,88.7140685087,76.3140207575,76.0388357781,82.5701917772
128,6045,88.8046924322,88.7208771765,76.3632440579,78.3527571993,82.9879898024
128,6046,88.8170694552,88.7238104799,77.5769831702,77.5568441949,81.8837223998
128,6047,88.8392761147,88.7692309768,75.4113000291,78.9003615009,80.7226427787
128,6048,88.8491180783,88.7799940125,77.1552238332,79.0351600134,80.6920387945
128,6049,88.8742315352,88.7807104298,75.9701662309,79.6783943285,82.7601837136
128,6050,88.8912953491,88.7869095992,76.8882573808,78.800319935,82.3104063227
128,6051,88.9309352704,88.7974875428,76.1579572545,78.4211532666,84.6351888193
128,6052,88.9453574985,88.8038279808,77.7336658071,75.8881492341,83.4995654781
128,6053,88.9577632259,88.8426138403,76.0432903109,78.4093982109,83.5174859175
128,6054,88.9756862788,88.8436365131,76.989847453,77.6922334693,82.1676449861
128,6055,88.9865028043,88.8447920937,77.4607892163,78.1151116526,83.3016860447
128,6056,89.015677895,88.847299358,76.3419062962,79.0715687982,80.850849451
128,6057,89.0242418742,88.8511001985,77.3676035337,79.5901079871,81.3730490237
128,6058,89.0456949879,88.9030239666,77.6636291673,78.9532391653,81.8783018876
128,6059,89.0599633268,88.9117523854,76.4618941723,75.4411897467,83.5997838259
128,6060,89.0690610609,88.9466144053,76.4094093809,79.045014673,82.4087697597
128,6061,89.0844901448,88.9707299288,77.7557796296,77.7026105131,82.6557486229
128,6062,89.1050795179,88.9786561031,76.9984117065,78.6301632206,81.0218017312
128,6063,89.1141521879,88.9862942985,76.9187858856,78.754081917,83.7309578413
128,6064,89.123075319,88.9959094205,77.8639184701,79.0303700509,81.8392036419
128,6065,89.1501591493,89.0456112178,77.5106559053,79.3434787636,83.3346702382
128,6066,89.1584557507,89.0462944788,77.4046897099,78.6583257478,82.318545787
128,6067,89.1647208791,89.122246668,75.8465953102,80.432635951,79.8361404976
128,6068,89.189872276,89.1222626098,77.2662388704,79.1253997137,83.4495357911
128,6069,89.2108611543,89.170200351,77.7471406047,78.0668256823,81.6665468516
128,6070,89.2274552772,89.1781585517,77.5841195935,79.2850303931,82.6559167989
128,6071,89.2370403839,89.1906221044,77.0733839337,76.798330463,83.3314682796
128,6072,89.2577081744,89.1908107881,77.8086527666,79.1689474996,82.9816064975
128,6073,89.2764356442,89.2064418993,76.8135108068,77.1403076138,82.7343516286
128,6074,89.2930205999,89.2411300169,77.5935673534,76.2940002731,82.831662388
128,6075,89.3138608398,89.2700627692,77.8675583774,79.5030138672,82.7782411824
128,6076,89.3182238036,89.4072829458,77.3048444142,77.1234811067,83.17114282
128,6077,89.3441094109,89.4075109409,77.5985206395,79.430844169,82.0492731124
128,6078,89.36046041,89.4116430732,77.5087646864,80.1826353916,81.7895140306
128,6079,89.3748013579,89.4135171241,77.6371530952,78.7277084381,82.4108136135
128,6080,89.3905033236,89.4702307726,77.0554759902,80.6762937492,81.317570432
128,6081,89.3998081001,89.4709702143,78.3897791729,79.1135978476,81.301685516
128,6082,89.4167597176,89.4773204771,76.936306727,78.5364583773,83.2084287025
128,6083,89.4388039632,89.487554691,77.7460673414,78.8117423001,82.248302717
128,6084,89.4569515634,89.5242551894,76.3777412891,78.1354161951,83.4776322635
128,6085,89.4739469936,89.5242700824,77.3352599908,78.3422763966,82.3376352203
128,6086,89.4796896454,89.5243738794,77.7798149429,75.4478528337,82.5808216053
128,6087,89.4918635771,89.5292389084,77.8192152064,80.0236430877,83.0910781958
128,6088,89.5128889015,89.5341894541,77.5348959308,80.2901599299,79.7140880303
128,6089,89.524400024,89.5353075141,78.3435448284,79.3853321046,82.857063497
128,6090,89.5258454119,89.5374277191,77.9830367255,79.404413001,84.0710348381
128,6091,89.5651786963,89.5429778683,78.5723588323,79.928024309,83.5737269738
128,6092,89.57426036,89.5656200313,77.2225698036,77.9290335173,80.9690291889
128,6093,89.5861119402,89.5672308773,78.8828008862,79.9543612204,82.0615289613
128,6094,89.6008480906,89.5683455094,77.4377566626,79.2649783885,82.9235300424
128,6095,89.6300813151,89.5689661647,77.9661782052,79.8296132581,83.0794317182
128,6096,89.6583454822,89.6015719267,77.8615822688,80.0989256588,83.1300311926
128,6097,89.6726764414,89.6292740189,78.1380501121,79.6359377991,83.5675571728
128,6098,89.6826068429,89.6421120061,77.1120769303,79.9228228782,83.0125210322
128,6099,89.7165956378,89.6535633787,77.9303375034,79.4821380302,80.3434985779
128,6100,89.7261735321,89.6556053019,77.8422059538,79.5059372329,83.3871610665
128,6101,89.7450076779,89.6596519258,78.0325341093,79.2072166728,84.0565802944
128,6102,89.7530419942,89.6659174588,78.3441313898,78.5089203214,82.6563778174
128,6103,89.7647104577,89.6698748973,77.2572669736,79.806751027,81.2911400565
128,6104,89.7845297397,89.6737483027,77.9781205186,79.2117990081,84.3418307218
128,6105,89.7921472951,89.705344745,78.3013621186,80.1947395111,86.0051863301
128,6106,89.7986833491,89.7271827998,78.9192069682,78.8803291721,81.4882721182
128,6107,89.8260984566,89.7299307348,77.4737168353,79.305881844,82.7882011724
128,6108,89.8341235886,89.7336220455,79.4569777675,78.2061897751,82.1584076417
128,6109,89.8484680985,89.7419236049,77.8397772227,79.4742772085,84.4242133349
128,6110,89.8631753737,89.7484078995,77.6952137443,79.1906039719,81.6444422145
128,6111,89.8912925948,89.8017450958,78.5249955621,81.6450303754,83.624136253
128,6112,89.9097882304,89.8113467265,77.2254489842,79.8041430308,82.6972119463
128,6113,89.9112170418,89.8799625687,78.9050332677,79.2601002688,83.7378997405
128,6114,89.9153698447,89.8804208759,77.6683862013,80.730047615,82.8724115741
128,6115,89.9492120555,89.9230981123,78.0787301754,79.4196228023,83.5180287916
128,6116,89.9658432808,89.9576945785,78.1013524589,80.4684309791,81.6407719865
128,6117,89.9824576417,89.9724813426,78.048996133,80.1240687959,83.2130619851
128,6118,89.9838641549,89.9945074873,78.9911511649,81.4516769533,82.6537917639
128,6119,90.0259632724,90.0010477538,79.5120755785,79.8705043334,84.1611535131
128,6120,90.0391861249,90.0058364405,79.3296019556,81.3808139202,85.1410305678
128,6121,90.0637008875,90.0743308749,77.7928439547,79.5340540682,82.5380357179
128,6122,90.0714440389,90.0797914176,78.3818677841,80.8742541946,84.6496258691
128,6123,90.0828104603,90.1255094489,79.3716592956,80.6320387339,84.8506930054
128,6124,90.0957616966,90.1282250191,78.3574905824,78.9340272156,83.0794311161
128,6125,90.1163323682,90.1355588877,77.9701085391,81.189869413,83.6789083518
128,6126,90.1291960727,90.1414717028,78.3362406355,79.9961298152,84.9235428234
128,6127,90.1455519953,90.1630325271,78.4932129163,80.1460830634,83.9300607831
128,6128,90.153296022,90.1737359263,80.2714105632,79.3544229778,82.8197296786
128,6129,90.1903409814,90.2173988293,79.1727257218,79.6094630685,83.7812709745
128,6130,90.2053876227,90.2258081689,78.6447442137,81.1142515647,83.9168560285
128,6131,90.2340401578,90.2264639409,77.6718527098,81.3521863023,84.5020062563
128,6132,90.2360560238,90.355197508,79.6438084592,79.7674540619,84.9387408212
128,6133,90.2476321799,90.3756219967,79.0018744502,79.3191058169,84.4385815232
128,6134,90.2692804425,90.3869911615,78.4007364354,80.5066963365,84.2071231293
128,6135,90.2891122978,90.3870060465,80.1676331207,78.1481353655,82.3939288126
128,6136,90.3068577637,90.4264884543,79.1950623545,80.1549097255,84.7625428789
128,6137,90.3243974993,90.4513642034,78.2604749563,79.3729331579,82.9250395791
128,6138,90.3364947239,90.5147715988,78.9949518991,78.5106217677,83.9131166513
128,6139,90.3522496544,90.5219609863,78.4648804763,80.161004745,84.914757867
128,6140,90.3768738759,90.5353202055,77.4258244551,80.3819180647,84.2575853819
128,6141,90.3961215218,90.5371072248,78.2394845378,80.7380113215,83.8377168156
128,6142,90.4057675827,90.5371196672,79.2741743841,80.1820411415,83.6476646537
128,6143,90.4438283016,90.5712317612,80.3638640529,80.8121344742,84.3908027972
128,6144,90.4614392352,90.5842419683,78.1583983413,79.8247922445,81.889604144
128,6145,90.4677311952,90.5852873348,79.458208417,80.6493105799,84.7124963224
128,6146,90.4836251117,90.6014323483,79.3198717962,78.9929653048,84.1034786174
128,6147,90.5019919555,90.6091142198,79.0299237107,80.3613430811,84.1026358613
128,6148,90.5194636636,90.6397104197,78.8946739759,80.8932700973,83.9652602849
128,6149,90.5344535126,90.6499981039,76.9883699082,79.1037635847,85.9360088181
128,6150,90.5424891136,90.6736522627,79.6623415031,79.6146373246,81.7618434281
128,6151,90.5532436479,90.6806222239,78.4369579388,77.4129487361,83.5743025908
128,6152,90.5636325004,90.6872060995,79.1641128084,79.3410226107,84.3804577652
128,6153,90.5922539811,90.688877566,78.3491589436,79.6338253546,84.4441928116
128,6154,90.5954895499,90.6940431857,78.8282451346,78.5741755966,84.3706701021
128,6155,90.6316934905,90.6950806337,78.8038418007,78.8280429389,82.6880008786
128,6156,90.6520085237,90.7041721466,78.9673551524,78.8565481671,84.2450394113
128,6157,90.6582348081,90.713749961,79.1974596205,80.4922580025,84.0911614841
128,6158,90.6753829162,90.7137782548,79.5845738481,79.0142353316,84.0117869711
128,6159,90.7022254942,90.7171653876,79.3778558351,79.5584413878,84.9764944828
128,6160,90.7120545964,90.7172794263,78.7772977588,81.21792254,82.5919363629
128,6161,90.7416148482,90.7237013384,79.9531748943,81.3119341902,86.5343431432
128,6162,90.7549927174,90.7469127626,79.5903099219,80.3679416712,84.957110963
128,6163,90.7819621075,90.7469695091,79.7780241258,81.233275754,84.7676001571
128,6164,90.7908854667,90.7482911048,78.8404099984,81.674713624,83.3368518647
128,6165,90.8035032153,90.748661393,79.859275473,79.2552024125,84.4324105494
128,6166,90.8153951931,90.7702445026,79.144666692,81.1847452134,81.1134962166
128,6167,90.8325399526,90.7715432731,79.6165251516,82.4289072689,83.4189226361
128,6168,90.8447198654,90.7717739346,79.2831576102,80.4574112984,84.2253226801
128,6169,90.8632072998,90.7768786916,79.2044069759,80.5909232666,84.3687110807
128,6170,90.8705826892,90.7842470125,78.8498331658,81.5696239108,85.4662860675
128,6171,90.8846643032,90.7845517672,79.0383700015,81.848000671,83.2884512461
128,6172,90.892808112,90.7971189506,79.7936176904,77.9301059099,85.9526929545
128,6173,90.9102184837,90.8021441195,79.015895853,79.9678988439,83.5377681791
128,6174,90.9328973619,90.8067089721,79.4869202516,79.9527618269,85.5317727801
128,6175,90.9451878384,90.8245843152,78.1183875128,81.0835879744,86.3978895448
128,6176,90.9744554812,90.8282143632,79.3811930194,79.5518830744,85.6521468637
128,6177,90.9885140873,90.828377391,79.4072165251,81.1215526331,82.3580864701
128,6178,91.0121330701,90.8288611203,80.079997839,80.9562158532,83.964437998
128,6179,91.0329417706,90.8289074745,80.0909769988,79.860302736,83.5578934148
128,6180,91.0414666969,90.8311614111,78.7783703997,81.1773709137,84.2352871908
128,6181,91.0664217433,90.8318830269,80.3439617608,81.1097825512,83.3174721564
128,6182,91.0720934364,90.8815724828,79.2891179167,80.4162231789,86.6970588307
128,6183,91.0841294884,90.9017610354,79.9053491772,80.4903071585,84.5834748754
128,6184,91.1083857541,90.9090401421,80.2527545444,79.889709702,83.699073606
128,6185,91.1132425527,90.9241197015,79.0898728694,81.7312550628,85.041792073
128,6186,91.1172206033,90.9271184915,80.1760223339,81.1566803476,82.7384988131
128,6187,91.1415263399,90.9354630925,80.5471348367,79.3026010148,84.6561569547
128,6188,91.1569252669,91.0028890227,79.0661295567,81.3220576564,84.3819160156
128,6189,91.1699895318,91.1043105148,78.810008831,78.8874774823,85.7254244722
128,6190,91.1807120955,91.1058958253,80.2134810775,81.9592871823,84.6496662943
128,6191,91.1919688109,91.1579856685,79.2367521069,80.0349259738,86.0858149743
128,6192,91.2058600604,91.1860281281,79.3225070688,81.5758576112,84.8962203751
128,6193,91.2350874215,91.2075776424,80.6132401731,81.5289381174,85.2185031308
128,6194,91.2484038544,91.2162248177,80.5354023369,80.396453587,84.9732004598
128,6195,91.2688711318,91.2824171323,78.9616721577,83.0797267421,85.4873996635
128,6196,91.2965783997,91.3309023666,80.131938329,81.7872272488,86.4800482887
128,6197,91.3026874002,91.3886749233,79.4418364356,82.3143521378,84.7062942322
128,6198,91.3086795744,91.4494297468,80.8432614269,81.6836799608,85.260252044
128,6199,91.3335968535,91.4506201441,78.764822374,79.1320846614,83.5386181422
128,6200,91.3548782092,91.4628792843,79.4124133277,79.5615276277,83.2389762778
128,6201,91.3761514653,91.5012269668,80.6997591084,80.27897119,85.7585546438
128,6202,91.4010510596,91.5013703439,80.4214164459,79.2317320818,86.3823759204
128,6203,91.4171388417,91.5738992783,80.605538862,81.0016537003,84.6405341306
128,6204,91.4340434995,91.59518213,78.3900046538,81.6741978279,85.0099318559
128,6205,91.4403472007,91.5952094529,79.3520874634,80.0568482882,84.3685695198
128,6206,91.4653922124,91.6124784998,79.1517205445,80.5475994444,85.1080743108
128,6207,91.4750933949,91.6125743898,79.5140587021,80.9995766478,83.5209612055
128,6208,91.4874407003,91.6131019768,79.1512422856,81.6858254888,83.5853438366
128,6209,91.5061586982,91.6596505909,80.7121235764,82.7254964842,85.9575426182
128,6210,91.5164930647,91.6638042456,80.1502948478,82.8750954708,83.8352525234
128,6211,91.5273109006,91.6870047364,80.9562313202,79.8828266487,84.8003964559
128,6212,91.5569265856,91.7136743129,79.6654542487,81.3824947237,86.0064529908
128,6213,91.5763556442,91.7181524965,79.7513199964,81.3324596648,85.5590371698
128,6214,91.5861450894,91.7349996113,80.7727828882,82.7989170935,86.3396832219
128,6215,91.599460663,91.7381167075,80.858055403,80.9448207257,83.0631248359
128,6216,91.6121988971,91.7514977476,79.9068836803,80.7708403485,85.1554053149
128,6217,91.6214937726,91.7617454683,80.4220074606,82.0271953523,85.514569337
128,6218,91.6232894703,91.7758101247,79.5404628834,80.0047693014,85.3983942799
128,6219,91.6406533659,91.7775388538,78.9413491347,82.0940799779,85.0163394691
128,6220,91.665225283,91.7788676678,81.0789162975,80.3901619578,84.151959836
128,6221,91.6860555392,91.7910121094,80.3195524976,80.2237885676,86.4972875706
128,6222,91.6986384778,91.7938649166,81.0796060566,80.8454015,86.2801160546
128,6223,91.7147291618,91.8196123319,79.2178782831,83.8366715226,83.1293439104
128,6224,91.7450555383,91.8228963191,80.9249771398,82.7511600272,85.1301991702
128,6225,91.7600731063,91.8241819569,77.5885416474,82.9119406739,84.860167942
128,6226,91.765770864,91.8397643711,79.3789504074,79.7869600906,84.837481788
128,6227,91.7924389804,91.8543231477,80.0444028723,79.8440924479,84.9374684742
128,6228,91.8141367616,91.8608957388,80.5532849177,81.1849267408,83.4433221874
128,6229,91.8248557859,91.8768653839,80.8348022229,82.8300493043,85.5375302174
128,6230,91.8523680704,91.8782372644,81.0021918077,81.1766525288,86.4109305414
128,6231,91.8534541266,91.9043298469,79.3846565327,83.0143696173,85.4741048807
128,6232,91.8713414466,91.9061463328,81.2969085409,82.2514233075,84.7968303152
128,6233,91.8968596166,91.9083087758,80.6997010855,81.8925704387,85.3642680579
128,6234,91.908364497,91.9147360688,81.2221955862,83.1957072809,84.7793799729
128,6235,91.9157305336,91.9170293445,80.0065230858,82.2327159142,85.9838162789
128,6236,91.9310234405,91.9272804837,78.784391864,82.8140578935,84.5950186735
128,6237,91.9417687569,91.9309553284,80.3777976021,83.2023955458,84.9135965879
128,6238,91.9617577844,91.9456720943,80.9042402295,82.3072465731,84.9872590266
128,6239,91.9698564451,91.951569834,81.4588460799,82.019987044,85.7120673009
128,6240,91.9963544597,91.962793657,80.5360881672,81.6158301439,83.3226927892
128,6241,92.0245793878,91.9967735014,81.8953844527,81.3220822349,86.9889484186
128,6242,92.0378831164,92.0064380306,81.4517714028,80.4115517625,84.7884666
128,6243,92.0657014946,92.0136434687,80.5793408496,82.2124768616,85.44395069
128,6244,92.0859362008,92.0157157788,80.9017305953,83.1581105269,86.9193123347
128,6245,92.096357383,92.0157161264,80.9956850994,80.0431391786,85.6306538714
128,6246,92.112671787,92.0302508585,79.7536386645,82.1652874575,86.1413854757
128,6247,92.1147210553,92.0552564545,80.6699413265,83.0261996721,84.9107582629
128,6248,92.1368689022,92.0573427873,81.9488666366,80.571763902,86.9591254491
128,6249,92.163006393,92.0596386292,81.5664286687,82.0501646632,86.1769523941
128,6250,92.1653160415,92.0708696017,80.4229021905,83.3597985312,84.8804804529
128,6251,92.1920547083,92.1068906481,80.5067801254,82.7686915692,86.4651624055
128,6252,92.2094069493,92.1897621949,80.8267988451,83.6420125776,88.0614228554
128,6253,92.2317289953,92.2132347692,80.3852486727,81.7077574057,85.3917461452
128,6254,92.2408474186,92.2175355666,81.2194533512,82.2514614197,85.7340766847
128,6255,92.260842041,92.2261804632,80.845714928,80.1646982738,84.9954802894
128,6256,92.2799029241,92.3043959355,81.5585110527,81.5875834761,84.8698367134
128,6257,92.2943829398,92.36375598,81.2791009796,82.2769031581,85.3409465492
128,6258,92.3116377615,92.3706799215,81.4267615238,83.5272423145,85.0571435597
128,6259,92.3241481587,92.3847723678,80.2806498233,82.7727050629,86.5405650255
128,6260,92.3336369125,92.3980935841,82.0432368661,79.3352589251,84.792504751
128,6261,92.3491502741,92.4012004112,80.1547861074,81.2452390702,84.0258784734
128,6262,92.3643343035,92.4113184341,81.9002528035,81.754861228,85.334683401
128,6263,92.3728239117,92.4264893232,81.7801325029,83.4091369256,87.1106762459
128,6264,92.3959766467,92.4598775738,81.7985614708,82.9979851395,86.7387744606
128,6265,92.426323542,92.4611121009,80.0786010923,82.3717411424,85.5619630256
128,6266,92.4399576721,92.5126252759,81.415662536,83.0527014365,84.6431640356
128,6267,92.4516278753,92.6162885122,80.7846224476,82.5732844859,85.2244600853
128,6268,92.4646596143,92.6324163623,79.9514027555,83.2344906439,84.4013653378
128,6269,92.4763122822,92.6502552054,81.3407732671,83.7119865377,86.1735329542
128,6270,92.5027041995,92.6504217507,81.1478066121,80.7656438768,84.7597274328
128,6271,92.5154585735,92.6528500393,80.7063922726,80.517933132,84.4681461447
128,6272,92.5297300059,92.6693612585,82.5556088645,80.5579799669,88.7814163024
128,6273,92.5368864313,92.6740169105,80.6644378103,82.0985860686,83.9503397262
128,6274,92.5631874452,92.7088673064,81.5942674557,81.6185145969,87.1591890668
128,6275,92.5647944973,92.7289484099,81.7130037217,83.7089156047,84.6948757068
128,6276,92.58837953,92.7289617799,80.4259725236,81.5594319832,84.7179411362
128,6277,92.5994913093,92.7306570306,82.0418860256,81.6989292078,86.5085281132
128,6278,92.629522079,92.7436593121,80.5049185638,81.5866687536,85.1568265253
128,6279,92.6488643032,92.7525460939,81.8634945236,81.9888010035,87.1084273633
128,6280,92.6574953394,92.7959643483,79.8931211344,82.6266657047,85.0653128287
128,6281,92.6659809327,92.7990365626,80.1316396013,83.3757024408,86.9646070766
128,6282,92.6809652109,92.8038965023,80.8495587068,83.3557712784,85.6561182186
128,6283,92.6934441381,92.8047074088,81.9288244571,80.5341367204,87.0649653961
128,6284,92.7119714575,92.8104637858,81.7457826472,82.9464774419,86.5113716993
128,6285,92.7402048288,92.811249457,81.8544588255,80.5801621004,86.7701888188
128,6286,92.745874742,92.8113416813,80.457356298,82.4820268669,85.5303180527
128,6287,92.7539281805,92.811842075,83.1231434307,81.3193609984,86.7287218176
128,6288,92.7758306264,92.8134751666,81.8480513141,81.5711329109,84.6584574002
128,6289,92.8002830439,92.8166828021,81.6778154381,81.7457431069,86.436697456
128,6290,92.8071543021,92.8361192146,81.3660194109,82.3389891348,83.9176010115
128,6291,92.8364344267,92.8522173616,82.1329788131,82.3241863905,85.9110780426
128,6292,92.8550335733,92.8540396668,80.6997156451,83.296930361,85.5678383744
128,6293,92.8784591881,92.8585269645,80.5831221221,81.6203408333,85.5644045214
128,6294,92.888179556,92.8616527311,81.2701301668,82.1737478412,86.6517510914
128,6295,92.9126677985,92.9114939194,81.6297546736,82.6240248528,86.8457466027
128,6296,92.9277689122,92.9209977732,82.6269423646,83.8817492586,88.9983016428
128,6297,92.9502067526,92.9395762116,82.3273904226,81.7111407053,87.555743846
128,6298,92.951428917,92.9830063789,81.2820740105,84.5451583339,87.2171106736
128,6299,92.9923753058,92.9869941189,79.5124116274,81.281498101,86.8854103583
128,6300,93.0271705492,92.9898281084,82.2401074905,81.1074894024,86.1446193201
128,6301,93.029260231,93.0013212141,80.7079477146,82.6482534933,86.6039943248
128,6302,93.0358176677,93.0088139504,82.409008391,83.3964126317,85.3600689587
128,6303,93.047261059,93.0415832988,80.8102631323,83.6015834897,86.3309464236
128,6304,93.0764054008,93.0544206529,82.45121254,82.4888897406,84.7934497318
128,6305,93.1034883916,93.1044176625,81.460012645,83.3525978196,84.7300747034
128,6306,93.1176620247,93.1045615859,81.8651536285,82.9856040508,85.7768067523
128,6307,93.1328329957,93.104630059,81.9554787401,82.1646151901,85.4334243412
128,6308,93.1505690679,93.1326730433,81.7027610252,81.4831302511,86.5838190583
128,6309,93.1736837074,93.1988480073,81.1706521844,85.0988580411,86.5394688308
128,6310,93.1881893374,93.2191481167,81.4717966583,83.6789143263,87.6262893063
128,6311,93.2160153057,93.2354171733,83.0731891389,84.3639465062,87.7602248367
128,6312,93.2240772679,93.2424324934,83.3087887078,83.2735490499,88.0541163748
128,6313,93.2565216753,93.285078694,81.1564802345,85.4218431435,84.9135518777
128,6314,93.2685758336,93.2866730608,82.0202957832,83.8103658641,86.5698138264
128,6315,93.2879444776,93.3109625269,81.6864488669,84.3634656325,87.6938422558
128,6316,93.2981416155,93.3236318907,81.8416214262,84.6476166621,86.5266604656
128,6317,93.3160560943,93.3527409478,82.8041345792,81.8117622591,86.1525543249
128,6318,93.3283625061,93.4304359922,80.6484419094,82.3611235907,88.1205896202
128,6319,93.3437133121,93.4353094745,81.5449877153,83.1256936053,87.6846014451
128,6320,93.3765320145,93.511406796,82.4456350338,82.299844217,86.9796503048
128,6321,93.3949524117,93.5327370507,82.3751604992,84.1458860558,88.3850496092
128,6322,93.3982304691,93.535098373,81.1783508021,84.1252042525,88.4982655902
128,6323,93.4187870037,93.5406539078,81.3369319299,83.8164248964,87.3373927399
128,6324,93.4418702876,93.5540294479,82.7927678283,84.8897102815,87.1522836993
128,6325,93.4470370976,93.5723145464,82.0951291258,83.5535003538,85.6946873742
128,6326,93.467800946,93.609543422,82.6048514093,84.1328338736,86.2826476465
128,6327,93.4880926429,93.616339626,82.8383222637,84.6455609892,87.3182456109
128,6328,93.5079702754,93.6779072767,80.9112243536,85.414212449,86.5896961072
128,6329,93.5107359658,93.6905045574,82.6913846534,82.7881796919,87.4151028793
128,6330,93.5347963239,93.691300064,82.3106406533,83.3945206746,87.2841896281
128,6331,93.5396761108,93.6913001311,81.7279892985,83.5913096143,88.0217839625
128,6332,93.5628694308,93.6966693733,82.8601169366,83.2900222986,86.8320099487
128,6333,93.5800243154,93.7200204476,80.9604894195,81.495083257,87.4537979321
128,6334,93.5894694483,93.7341640903,81.0839889496,81.6324295042,88.1663620563
128,6335,93.6044013141,93.7345801381,81.9194381777,84.3445398243,84.9515335883
128,6336,93.6163647035,93.7407985255,83.2071234029,83.615335035,87.8987895104
128,6337,93.6351409301,93.7496018886,82.2571222203,84.549854299,89.2072484843
128,6338,93.6410772301,93.7755734305,82.2289718203,82.9596324034,88.8861201523
128,6339,93.6601058634,93.7904167584,83.226934255,84.9845223855,86.0476092697
128,6340,93.6784872894,93.8071593056,80.4050427533,84.9163737076,87.20183713
128,6341,93.6814741417,93.830931841,81.3984776423,81.2523707162,87.2699285393
128,6342,93.696418495,93.8548958678,82.6573739443,84.5224401311,87.9901769477
128,6343,93.7072409362,93.8556110735,83.1523416424,84.4535915466,87.5340757538
128,6344,93.7198903694,93.8563076448,83.4850775868,85.0126004528,84.6239490035
128,6345,93.7414988816,93.8882163461,83.2559696244,84.270223125,88.8206956083
128,6346,93.7634535813,93.9097223661,81.9884161864,82.0366733085,86.0124599407
128,6347,93.8024021045,93.9479320803,82.4341529665,84.2695759185,86.8478788979
128,6348,93.8110456324,93.9533149046,83.6548677663,83.2897216684,87.6581210491
128,6349,93.8247960949,93.9690152417,82.5742524959,83.1604528497,88.0450343155
128,6350,93.8476263176,93.9957483602,82.5884033766,80.6143214082,88.7355071548
128,6351,93.8635565056,94.0325533673,82.8428503634,83.1821169423,88.0408308641
128,6352,93.8815224375,94.0454850773,83.114584288,84.9125126751,86.883655977
128,6353,93.9083859263,94.0492176613,82.1631292796,85.0845449953,86.0673496254
128,6354,93.9133331972,94.0556098689,83.368726903,85.4746409489,87.0387800722
128,6355,93.9298033891,94.0573263956,81.6024361502,83.3527915477,86.6057313641
128,6356,93.9588550651,94.0594748484,82.4755467436,84.6835208069,86.7343342364
128,6357,93.9786558727,94.061895322,81.8713483689,84.5434263522,88.303736102
128,6358,93.9804953948,94.0619451937,81.6142284191,83.6121566896,86.3906326316
128,6359,93.9912627793,94.0781837857,82.4040106278,83.329011706,87.2428177404
128,6360,94.0075478873,94.1036909211,83.9956265346,84.9870452359,88.096786025
128,6361,94.0175608548,94.108027301,82.8196508242,83.3937352988,87.1287552138
128,6362,94.0300949456,94.1209025454,83.5134770286,85.7792923429,89.4727192286
128,6363,94.0582504119,94.1629269887,83.324240962,84.3185302347,87.081229538
128,6364,94.0801786055,94.1735546227,82.8842246149,85.0792301462,88.785065989
128,6365,94.0854252902,94.185471043,83.5236004972,82.2318058438,88.5453226274
128,6366,94.1025417877,94.1859675248,84.0648720317,83.4797241988,88.2298796495
128,6367,94.117628868,94.2002656205,82.1826109251,82.7862282462,86.9727653543
128,6368,94.1242926029,94.2571811334,82.2094199103,84.1304655427,86.334075297
128,6369,94.1349083997,94.2630220359,82.8558552475,83.3446274994,85.3448443001
128,6370,94.1627904185,94.2670751987,83.3382342221,84.8401862165,89.7593732186
128,6371,94.173214724,94.2670781268,84.5960565684,83.1207033484,89.2512214177
128,6372,94.2026689025,94.2958283653,83.7806160486,83.656722495,86.4860815596
128,6373,94.2181124998,94.3075346482,83.776249187,85.9699483186,87.8275588416
128,6374,94.2266259377,94.3082000129,84.0688522115,85.5224065555,88.355314821
128,6375,94.2500317601,94.3391891556,83.1138959834,84.2211061718,89.3865610378
128,6376,94.2513871695,94.343303108,82.2677371685,84.6091844587,87.4514643986
128,6377,94.2642644087,94.34652649,83.2340135584,84.9847062026,87.4826300494
128,6378,94.2898150124,94.3660674814,83.5876596441,84.1994749438,88.2826028661
128,6379,94.2969701578,94.4184629179,83.1448985425,84.6314289625,87.594360545
128,6380,94.3160606326,94.4185066563,82.9270874237,84.3474046517,89.7554731607
128,6381,94.3569388631,94.4242887463,84.9187627167,85.5268208299,88.2979535206
128,6382,94.3684077432,94.4273418458,83.0281512838,84.4884891447,88.0302518872
128,6383,94.3773881571,94.4620200305,83.4672439956,85.0011973242,89.741619556
128,6384,94.4053333604,94.4660239399,82.1410678902,85.5585286811,88.968000958
128,6385,94.4113231107,94.5128795791,82.5309970258,84.507675473,88.1808232043
128,6386,94.4321462384,94.5351008385,84.6214068589,84.3719380926,88.6412597899
128,6387,94.4599119326,94.5733610132,83.4648351385,83.4967275716,88.4963640255
128,6388,94.4667339355,94.5817945388,84.0208055037,86.5159348434,88.6392323976
128,6389,94.4845379127,94.5846092095,83.7757849292,82.4332646514,88.9792883538
128,6390,94.5133055337,94.5846119142,83.499281022,85.1122155607,89.192320632
128,6391,94.5257133511,94.6324231339,83.9556305455,84.3142570073,86.3837980174
128,6392,94.5460367112,94.6390388205,83.2157543174,84.1699393701,86.5454942335
128,6393,94.5615448841,94.658751285,83.3508815073,83.0141303306,86.7925726517
128,6394,94.5871407105,94.6710515649,82.935895348,83.6946967995,88.5215243011
128,6395,94.6114584076,94.6729072816,84.891968688,84.7255959967,88.0009528904
128,6396,94.6323658927,94.6765216563,83.6685114053,83.5658494878,88.1314155818
128,6397,94.6618904527,94.6905435886,84.1489530471,83.4303068332,86.5831747625
128,6398,94.6735384405,94.7232342023,82.7438627,85.9206581663,87.1281334557
128,6399,94.6798416867,94.7236068988,82.3736588615,84.5855786893,87.6572731759
128,6400,94.700818835,94.8601289018,84.0634495243,84.2671946256,87.9561157678
128,6401,94.7088615662,94.901692615,84.3413808581,85.2686342627,85.1026801119
128,6402,94.74032125,94.9170445589,84.4791611309,85.5835999108,89.9686193291
128,6403,94.7552272594,94.9791662884,84.3298289225,82.2856717925,87.3499018435
128,6404,94.7695604372,95.0164081295,84.1678894101,86.065461284,88.2020319172
128,6405,94.7797331607,95.0383012631,83.3398525146,85.7535500169,88.4907833878
128,6406,94.796312965,95.038310981,83.0918695823,83.3978847055,87.4588149522
128,6407,94.8094190619,95.0477017431,81.343592647,84.8802548084,90.1581595947
128,6408,94.827871737,95.0592977874,82.0415475974,84.6334405511,87.9214667201
128,6409,94.859777949,95.0594964568,83.0788050598,83.8138038121,88.6361894991
128,6410,94.8888457434,95.073675798,83.4615299067,84.6469051367,86.3055222535
128,6411,94.8997283718,95.0739752844,83.4629091491,85.611495464,87.5745410867
128,6412,94.9099361802,95.0816836901,84.5614815254,84.4658480028,88.687934586
128,6413,94.9357706082,95.0996623458,84.3126208942,85.4462138592,88.5091852021
128,6414,94.9507151259,95.1038596632,84.4694748738,84.7457954507,89.4566754808
128,6415,94.9630347796,95.1115335896,84.3008764695,85.938325784,89.6422334191
128,6416,94.9860197861,95.1204450187,85.4557848299,85.0204384315,87.8100087871
128,6417,95.0090029207,95.124623615,83.0364164632,86.348416004,89.5558821604
128,6418,95.0190445616,95.1264163199,83.9492733489,84.0609351111,88.2096734854
128,6419,95.0492361766,95.1265929762,84.5987507558,86.244565598,87.3855204206
128,6420,95.057885965,95.126600422,83.7093942495,83.2696153129,89.6052951679
128,6421,95.0678107855,95.1356786112,83.1001930029,85.5861438266,88.243801847
128,6422,95.0825068869,95.1362634365,82.8451984089,84.4310362932,88.8226245694
128,6423,95.0977430569,95.1413732964,83.6651183354,86.1746078738,89.2869780003
128,6424,95.1245434223,95.1581541138,83.2402686111,85.5535241167,88.2314402856
128,6425,95.1324782002,95.1632839546,83.9830849665,84.3946997831,89.535112114
128,6426,95.1447302165,95.1705036322,84.9202676541,85.717194546,87.9446092292
128,6427,95.1561673807,95.1797132606,84.2972022979,86.943898516,89.3688915106
128,6428,95.1847298826,95.1849908104,83.8289976512,84.0576693797,88.885729934
128,6429,95.2176005639,95.1906457768,84.5675619864,85.2752131354,88.299480888
128,6430,95.2370886655,95.2136710607,84.8498835928,84.8985445519,89.1452592804
128,6431,95.2529818223,95.2536891266,84.5805516575,86.5341698611,88.6098601552
128,6432,95.2546291569,95.2953607163,85.6099259163,85.5877948934,87.8478351834
128,6433,95.2718088706,95.2975305401,82.4067361617,83.889635116,87.6210786984
128,6434,95.2867397425,95.3218031077,83.8862737961,84.4715742885,89.1373426044
128,6435,95.3142016101,95.3275860635,83.7968432184,85.3058081627,87.1375739078
128,6436,95.3204074056,95.366102869,83.6433110068,86.5818242246,87.616408061
128,6437,95.3487699743,95.4077758575,84.1284434332,85.1436458358,89.1796111634
128,6438,95.3580740363,95.4116694859,82.5933189082,84.4848703621,89.2578756815
128,6439,95.3704439696,95.4120452861,84.7834709845,85.5009091224,88.9474500514
128,6440,95.3881255215,95.4121012574,86.4001980085,85.7469751841,90.3717587772
128,6441,95.4035215708,95.4136405922,84.3017124851,83.4626274709,89.4133704159
128,6442,95.4293149343,95.4137374026,83.7079545802,85.570632386,89.7729184782
128,6443,95.4465562639,95.4229563762,83.3490003986,84.3183015153,89.1459300868
128,6444,95.4666754093,95.423018164,83.236153999,86.4782579497,89.4043910468
128,6445,95.482920416,95.4509020361,84.7028021707,85.006146528,88.0676435258
128,6446,95.4873878212,95.4525741221,83.0838366967,87.0115488763,89.1830131563
128,6447,95.4904714624,95.4810722086,83.7165449039,84.8847009365,89.3044290763
128,6448,95.5154434954,95.5474024836,86.3593210178,86.285722615,90.2656648033
128,6449,95.5315740022,95.6147573071,85.0953733509,84.7253871725,88.4812745777
128,6450,95.5409486015,95.6251452951,84.6028267779,84.2642417278,88.9126010747
128,6451,95.5614690648,95.6888800061,85.6285980837,86.070210216,89.3321905259
128,6452,95.5825704632,95.7916976576,84.2609212821,85.6194826516,88.6499842017
128,6453,95.5941065584,95.8374690925,84.8636085973,86.0231397681,90.2467999999
128,6454,95.5993814843,95.8396402983,84.4340886151,86.063550738,90.3019043001
128,6455,95.6234073497,95.8512057097,85.6634137803,84.2104856039,88.6834741722
128,6456,95.628653029,95.8577655894,83.6680605445,85.6478704169,90.138483063
128,6457,95.6540530647,95.8643811154,85.2208229949,86.2836910954,88.5863936282
128,6458,95.6583692412,95.9338822837,85.5420408998,84.4771936003,90.3390244025
128,6459,95.6747786043,95.9834011079,85.3018874415,86.1164729991,87.4290347094
128,6460,95.6926537187,95.9882927568,83.1732586776,86.1211690688,91.6684665972
128,6461,95.7130868805,95.988307577,84.7617260939,84.2218250032,89.7175630475
128,6462,95.7205733767,95.9898545398,84.9225907988,86.3305210836,86.9724554214
128,6463,95.7401847254,96.0518355199,83.1647094844,85.0634389599,89.6349573735
128,6464,95.7595218131,96.0521084716,85.1410325387,87.1722039684,88.7117724407
128,6465,95.7654395474,96.0913656754,85.2644413091,84.0873012425,90.2637505367
128,6466,95.7899045563,96.0920335389,85.5181509135,86.0793619934,90.6601211296
128,6467,95.8120510032,96.1461372038,84.6851921534,85.0690465101,87.5031716666
128,6468,95.8198457058,96.1462219628,85.1203743402,85.5147730458,89.1773450351
128,6469,95.8394386295,96.1505168513,84.1436373838,85.9798242273,89.7295993361
128,6470,95.8489743863,96.2068312353,86.2137691865,83.718243492,88.1085582889
128,6471,95.8581597225,96.2074527555,85.0641254624,86.7935593126,88.524541033
128,6472,95.8832342896,96.2150193683,85.533302632,84.1489478075,90.2638964823
128,6473,95.9024762831,96.2213232332,85.348798874,87.1328070232,89.2094912789
128,6474,95.9150239859,96.2213337745,85.6278635592,84.9102390425,90.646306847
128,6475,95.9240812269,96.2214830069,84.9873005066,86.4554071433,89.240396837
128,6476,95.9440084666,96.2543746066,83.6632094665,86.2196775972,89.4317943264
128,6477,95.9531382332,96.2550073593,85.6713367293,84.6987017743,90.0709704973
128,6478,95.9828096447,96.2592182935,84.8345902228,85.6306781698,89.4387979886
128,6479,95.9997358757,96.2676235419,85.7983200866,86.762986838,90.9063209887
128,6480,96.01736639,96.2678426545,84.6308979236,86.2999319937,89.206399462
128,6481,96.0320072236,96.2687680635,85.2950980907,86.3534413195,91.0599753615
128,6482,96.0438962744,96.2691141953,82.5393492237,85.4981597174,88.648236485
128,6483,96.0500097547,96.3205984406,83.3287561732,87.9615579958,89.2445825215
128,6484,96.0639190761,96.3254539017,85.2393312366,85.0494256302,90.5691251924
128,6485,96.0868061862,96.3513565055,84.4238683737,85.828943705,88.2470828977
128,6486,96.1060402697,96.3700410889,84.3516961484,86.876124285,87.8396700944
128,6487,96.1221909564,96.3720757515,86.0463631555,86.0500615704,90.9480094323
128,6488,96.1449652445,96.3787289422,85.2642216423,87.4396390392,90.1696418391
128,6489,96.1597365958,96.3799260712,86.603601562,85.4418165524,91.3155365909
128,6490,96.1865882852,96.4012092879,85.6317211391,85.8014808184,91.0445582588
128,6491,96.1995599529,96.4046159605,86.1450333691,85.8798278596,91.3208022477
128,6492,96.2154923573,96.4395331961,86.1623826248,84.8855274428,89.3914762914
128,6493,96.2490637032,96.4424183363,85.1761147683,83.1732246568,89.0140150558
128,6494,96.2568640613,96.4637108895,85.4269049733,85.6131617519,90.9939403009
128,6495,96.26011278,96.5149476808,86.2450075486,84.6979056725,89.8901630543
128,6496,96.2939183255,96.5149520431,83.6276378811,85.0831392789,91.0570707592
128,6497,96.3118356579,96.5176528337,83.61066098,85.8341949269,89.0920833967
128,6498,96.3354282721,96.5233929602,85.2677234978,87.3307954692,91.1286417222
128,6499,96.36372629,96.582537152,86.2300533217,86.9190762357,91.4581208966
128,6500,96.3902775554,96.5838972067,85.0133034964,86.9895291586,89.8121353279
128,6501,96.397444304,96.607993606,84.821895463,87.2033697672,90.172971141
128,6502,96.4365621855,96.6156155501,85.5885947478,86.9330665643,89.404328935
128,6503,96.4457073922,96.7149819357,84.8269285414,86.1874121834,90.0960485945
128,6504,96.4620489047,96.7151862014,85.481897329,85.3329378016,88.7505538917
128,6505,96.4830518106,96.7484674102,83.2392617493,86.9761270667,88.1734543219
128,6506,96.4992904471,96.7559140597,86.1309578859,87.8527799367,90.3694165244
128,6507,96.5207790705,96.7585570222,84.940716841,85.5326921065,91.1439193314
128,6508,96.5251214566,96.8400275782,85.6231060316,85.3491043189,90.9235476086
128,6509,96.5453626354,96.8727073887,86.5642029307,85.6968698972,89.707497728
128,6510,96.5611363625,96.945068093,86.175348035,87.2330846737,90.4266238964
128,6511,96.5705199873,96.9483918773,85.0377658742,87.4567932473,90.868563016
128,6512,96.5941724309,96.9520170845,86.2745814633,86.9017413572,88.9352754398
128,6513,96.6118699634,96.9547576558,86.293004424,87.2764393746,88.6668538266
128,6514,96.6334684168,96.9760948175,84.844942331,86.796398931,88.8056725856
128,6515,96.6474321269,96.9776051247,85.0295990771,86.2911999751,90.0832510883
128,6516,96.6521366498,96.9927151973,86.3109177608,88.0251626158,90.4686912568
128,6517,96.6723196637,96.9963329322,87.3731665417,85.9975826339,90.8430182968
128,6518,96.6996231549,97.004166722,85.630033453,86.3621631227,90.4390654886
128,6519,96.711281067,97.0044109978,85.4832529691,86.9745268635,90.4158722727
128,6520,96.7129573125,97.0462032872,86.066298377,88.4027526302,91.0343044077
128,6521,96.7233762697,97.0462404143,85.388534375,87.6120765146,90.8283442487
128,6522,96.7510613311,97.0469031438,86.8328625582,86.7549370781,89.4380495792
128,6523,96.7636453418,97.0474221729,85.4902559511,85.9242383461,89.5565104606
128,6524,96.7924479996,97.0608260102,86.3856420019,86.002964482,89.947369737
128,6525,96.809120648,97.0611264603,86.5334968073,88.443832775,92.5772906053
128,6526,96.8202399358,97.0647189663,85.7038370407,87.0321785414,89.9663007462
128,6527,96.8385365439,97.0840955726,87.0029879108,88.1393680682,91.3151644753
128,6528,96.8574544217,97.0934260907,87.1357639098,86.4368992073,90.3193783663
128,6529,96.8827309973,97.1017076129,86.7176779121,85.411617706,91.8491041451
128,6530,96.9070594075,97.164790425,84.981021686,86.7746375314,89.241320496
128,6531,96.9200898337,97.1681972746,86.0440415564,88.0442277177,89.8353170066
128,6532,96.9343720517,97.1818084949,86.3399221397,86.9191230116,91.6517318039
128,6533,96.9497879572,97.1818196896,86.6773382396,88.4132166055,91.2744732722
128,6534,96.9673900715,97.1904438358,85.6391613281,87.0752925215,89.3220085977
128,6535,96.9875213158,97.2684268517,85.7179168926,87.710972086,90.1814827565
128,6536,97.0117965471,97.280499536,86.5363495787,87.8778790846,91.009370253
128,6537,97.0163768082,97.2861289982,85.85821134,88.7989289639,91.7078137237
128,6538,97.0341596971,97.3099966863,86.1948552966,87.7486989677,88.7405816216
128,6539,97.037379592,97.3152643192,86.5981328184,86.4640305159,89.6552171742
128,6540,97.0595904105,97.3230888505,87.6837399056,87.6282367731,90.0522884721
128,6541,97.0901636507,97.337511904,86.756051043,86.7963157525,92.4496415994
128,6542,97.1087864537,97.3611448399,87.0387007389,87.0504291986,88.9926994435
128,6543,97.1188371812,97.3654311857,86.3343312756,88.4960009122,93.0841580511
128,6544,97.139016575,97.3767837123,86.3301533149,86.7653244678,90.0135507806
128,6545,97.1536399723,97.3794406642,86.0827033787,88.1699186524,91.9026117251
128,6546,97.1785727929,97.3806676863,85.7449097066,87.2336307189,89.5651451122
128,6547,97.2002652244,97.3896681561,86.2708635939,85.1805713926,89.7948829258
128,6548,97.2049141986,97.3990547058,84.9187403003,86.8311071846,90.1795682606
128,6549,97.2064937265,97.4009129192,86.8785591043,87.7365495072,91.3987188074
128,6550,97.216117628,97.4485532672,85.4146966067,87.545208926,88.7813319423
128,6551,97.2309600968,97.4661341222,86.2519064914,85.5816452091,90.3774639199
128,6552,97.2460099893,97.4662230233,86.3849942496,87.936713342,89.5812721434
128,6553,97.2793522354,97.5070090283,87.6165961932,86.7762934639,91.436524777
128,6554,97.2875950337,97.5104064144,84.5647783807,86.7339432422,92.6026371701
128,6555,97.2939550203,97.5107366444,86.0389129369,86.9585267003,90.735005659
128,6556,97.3092550854,97.5115753822,85.1594036755,86.771002343,90.5690556272
128,6557,97.3376364083,97.5523360519,85.0090517181,84.5309730061,92.8792148108
128,6558,97.356833446,97.5837819242,87.1128448697,87.2040562283,91.631247465
128,6559,97.3674991911,97.6367522343,86.5747477273,87.8876079737,90.2303429698
128,6560,97.3809979219,97.6559433333,87.3274668872,86.9953753353,91.14044667
128,6561,97.3982881719,97.6577972418,86.4490524041,88.6330856304,90.6027014621
128,6562,97.4161653286,97.679502579,86.6946142265,88.5100619325,92.1970295336
128,6563,97.4246381797,97.7526416732,86.5450926303,86.9420181592,90.8712414667
128,6564,97.4270070529,97.7633041244,86.5775277479,88.6574195221,89.9266965325
128,6565,97.4746908765,97.7820644392,87.2363438352,89.3752970642,91.7896360999
128,6566,97.4929298847,97.815635752,85.0967919124,89.6964951074,89.6939833415
128,6567,97.4963003941,97.822330857,86.6261645284,86.887564487,90.5989685152
128,6568,97.5102890215,97.825620092,86.3300994555,87.7394006337,90.0379127585
128,6569,97.5342661644,97.8911202851,88.4524686938,87.167008877,90.4676334193
128,6570,97.5661316105,97.8911267484,87.0368716223,89.0239878993,90.7973740778
128,6571,97.5692284569,97.9799257377,84.9881659568,88.631420318,91.7629096879
128,6572,97.5779698393,97.9882720998,87.7365596937,84.6709506529,93.536927249
128,6573,97.5951756333,97.9927278005,86.0390600937,88.9646863652,90.5603695711
128,6574,97.6139487398,98.0019364342,87.6866366767,89.1433058731,91.7547701285
128,6575,97.6271244231,98.0116162874,86.0133181634,86.9784010897,91.6607388295
128,6576,97.6358937941,98.0117326166,87.4183513515,87.9627090098,90.9257140262
128,6577,97.6538593102,98.0139952598,87.1465631119,87.9814028219,91.7287397584
128,6578,97.6904218328,98.014056663,88.0277389655,89.9100531532,90.4757300417
128,6579,97.7039479401,98.0141460376,87.9447988321,88.1227717633,89.1307204589
128,6580,97.7147410228,98.0870122151,87.730027155,88.1564460245,91.7941585541
128,6581,97.7185904977,98.0905508177,86.5107337147,85.4329958818,91.86174332
128,6582,97.7419503471,98.0906192461,86.0341434986,87.4926832591,91.1293975935
128,6583,97.7541455318,98.0910470653,86.7623090398,89.1607452955,90.0719075325
128,6584,97.769800522,98.0933348673,86.5777950393,87.3779261609,91.7451570243
128,6585,97.7994406139,98.1023961353,86.7865892182,84.6592943786,93.1074197629
128,6586,97.824223557,98.1032861734,87.8270793874,87.3539234323,90.3657796538
128,6587,97.8261428728,98.1408064022,87.0387803473,90.0521383986,91.9567141693
128,6588,97.834315755,98.1987052844,87.2721310648,88.1326468466,91.0877840256
128,6589,97.8610221985,98.2047371299,87.6117588096,88.2272665629,90.1959956749
128,6590,97.8751450742,98.2049469033,87.5941341165,86.9663736757,91.6296279401
128,6591,97.8935233578,98.2064925239,87.5832918953,88.1538613159,91.1668669639
128,6592,97.9194670613,98.2263215714,85.6124435009,88.2385424302,92.3427536706
128,6593,97.9485724595,98.2879148434,86.1528759541,90.4917797719,90.7531989931
128,6594,97.9533189716,98.3255273174,86.1130513688,88.86996399,91.0669191064
128,6595,97.9802371254,98.3281590296,86.4840385611,87.8051094626,92.0416566271
128,6596,97.997746669,98.329222996,86.4445492361,88.8141066619,90.3232216397
128,6597,98.0134418826,98.3715340237,87.8648124159,89.2305380767,90.642343362
128,6598,98.0273615848,98.3718080536,88.1151114637,86.1213513443,91.1249116609
128,6599,98.0452479693,98.3738856312,87.0427715246,87.0066077312,90.7045566549
128,6600,98.0662396114,98.3813206308,87.2989079052,87.8236795715,91.3698969111
128,6601,98.0972168103,98.3822292175,87.5527790721,89.149278335,92.1515846063
128,6602,98.1003261346,98.3888821534,88.1657201513,87.958928994,91.6583112656
128,6603,98.1125759472,98.4108524712,87.3284242059,89.8393197119,91.0902304702
128,6604,98.1442384056,98.4178499373,86.8390709902,88.9945977223,91.420962628
128,6605,98.1502051647,98.4178652959,88.4834776181,85.9785367037,90.063949287
128,6606,98.153366927,98.4210758853,88.2719010143,89.4022587863,92.3684054403
128,6607,98.1590828439,98.4300631281,87.3204463674,89.9818753527,92.4461814178
128,6608,98.1823472422,98.4319594741,88.5230520978,87.6681559191,89.9454854675
128,6609,98.2017559303,98.4319835379,85.866469075,87.9608291837,91.0484953826
128,6610,98.2241649762,98.4412424535,88.4913234019,87.1685747471,91.861036868
128,6611,98.2366449047,98.4508232974,86.744341689,89.0437236218,91.6444261319
128,6612,98.244542302,98.4698564786,88.0131136775,88.3959748875,92.2367307125
128,6613,98.2766199975,98.5674040375,88.1646152969,87.7714844111,90.8702789413
128,6614,98.2965544593,98.6031030187,88.0588909744,89.7340226167,92.1705578783
128,6615,98.3188208782,98.6120782261,88.3240419422,88.5740831509,91.3860384917
128,6616,98.3235116306,98.6227978179,88.6703178911,90.4758860466,92.3273819208
128,6617,98.3569898142,98.6458454772,86.8856837559,89.3403598229,90.9916979854
128,6618,98.3592569953,98.6623536989,86.8350069984,88.6939532041,91.6113062248
128,6619,98.3790040003,98.6627319273,87.9779866666,88.1905368227,92.4639336865
128,6620,98.4008076506,98.7078232696,86.8609019714,88.574222723,92.9843869433
128,6621,98.4263137576,98.715179972,87.3163436187,88.5032292448,92.4412904152
128,6622,98.4422020981,98.7467416649,88.17886334,87.3293549631,92.3394394448
128,6623,98.4609630538,98.7800878282,88.5832053998,89.216775173,91.9163852097
128,6624,98.4735274993,98.7944993092,86.1527803023,88.2403244703,92.1583510092
128,6625,98.4929304808,98.8757197317,88.2785713733,88.3018740172,89.5548709428
128,6626,98.4996133623,98.8997954136,87.9240634678,89.6618041794,92.3380461964
128,6627,98.5254424493,98.9440608656,87.7343780459,88.1391407889,90.5842743882
128,6628,98.5269228913,98.9511681743,87.4586370113,89.4513648058,92.848828924
128,6629,98.5451993116,98.995403458,86.7713304656,87.0054623195,93.5337326012
128,6630,98.5757247759,99.0116822544,88.4922615902,89.2710389778,93.3733356653
128,6631,98.5843208836,99.0366338913,88.0801045279,87.3533588468,90.472005328
128,6632,98.5873306811,99.0395364399,88.458812912,90.1642309807,91.3565922088
128,6633,98.600367935,99.0420765978,88.231536772,91.4034684991,92.4180595867
128,6634,98.6267923285,99.0421909651,88.5110338138,87.3293277877,92.0571046254
128,6635,98.6405713103,99.1091537304,88.7416258389,88.6806953584,93.7021537703
128,6636,98.6683715213,99.1282797293,88.4007098405,88.9420187184,92.4262110553
128,6637,98.6841795367,99.2366924637,88.0353029984,89.5417935759,91.2637129128
128,6638,98.6862304678,99.2504545943,88.4348077186,88.0090911814,91.1571101188
128,6639,98.6933159911,99.2509370924,87.5726471288,88.2042989104,91.3967029293
128,6640,98.7092338535,99.2529954722,88.1742618686,88.5298941912,92.2541193576
128,6641,98.742794224,99.2539700687,88.4446287131,89.1128605925,92.057937789
128,6642,98.7560368883,99.3282319311,88.2514819889,89.0558768179,92.5475922868
128,6643,98.7817424963,99.3433804048,88.094406279,87.236803386,92.0852964679
128,6644,98.7935219855,99.3434517617,88.4475773545,88.2851840043,91.4978887513
128,6645,98.8053173879,99.3516074114,88.174077345,89.0509468596,91.7297965238
128,6646,98.8136347654,99.3535388051,86.4008850626,88.4038218511,92.9750929894
128,6647,98.8223706637,99.3537752382,86.7757584314,89.5059768037,90.7581640209
128,6648,98.834204715,99.3595959602,86.7077693489,89.2282604327,94.2682219857
128,6649,98.8637557827,99.3645103723,88.7259402982,88.792204564,92.5088037443
128,6650,98.8803752819,99.3648457929,87.2594408193,89.9586172134,93.0171786175
128,6651,98.9082587829,99.3649776465,89.2964288017,88.846825851,92.3723043192
128,6652,98.9194278487,99.3661149992,88.3077753653,88.0374469133,91.7099031128
128,6653,98.940483125,99.3668225134,87.3672775525,89.5626821555,92.5880138134
128,6654,98.9633749219,99.3671437304,88.2825943807,87.4587557559,93.4382531885
128,6655,98.9850846728,99.3825776867,88.8839861282,89.2316172068,93.3221476261
128,6656,98.9942182871,99.3954416184,87.4934432096,86.4223556426,92.4004397944
128,6657,99.0016133094,99.3955666507,89.5655483859,90.7409791709,91.4635806183
128,6658,99.0177066237,99.3993281313,87.7717803446,89.6770746716,94.0592484558
128,6659,99.0467450352,99.4427587473,89.1811467896,90.2420436427,93.4780592203
128,6660,99.0572578337,99.4548226688,88.6849012654,89.281407908,90.9068450015
128,6661,99.0712559694,99.4730181688,87.4574630832,89.5526726847,91.5575668968
128,6662,99.0932307633,99.493528689,87.0624376855,87.7549771427,93.032900384
128,6663,99.1135515786,99.510821934,88.4469682901,90.14349465,94.2190936471
128,6664,99.1281514622,99.5166457792,87.3200031489,88.4440634911,93.0478498234
128,6665,99.1518696392,99.5182309304,88.7571364269,90.5337199265,92.8055580529
128,6666,99.1610035938,99.5184619425,88.5278876583,89.50647441,90.8580012347
128,6667,99.1796154831,99.5192745446,88.444494463,89.231027721,93.2581674814
128,6668,99.1954420515,99.5616371095,89.1420723805,90.7003412571,93.113121038
128,6669,99.2070686696,99.6732060551,87.5148707749,89.8834944321,94.0574989627
128,6670,99.2118045564,99.6734441725,88.139122205,90.1841834972,94.6157869646
128,6671,99.2237005096,99.699181334,88.0683237582,89.2454193317,93.8748256466
128,6672,99.2473110274,99.702604076,88.4554667748,89.3992754734,92.8500115858
128,6673,99.272562918,99.703218914,87.9029708384,90.6946735414,93.6652888918
128,6674,99.2981270638,99.7641992777,87.9069437769,89.6447233549,91.8233914801
128,6675,99.3262723418,99.7642542585,89.2128571482,89.5221641115,93.4201994212
128,6676,99.3311536335,99.7979712345,89.2566730565,89.7460613317,93.6940619622
128,6677,99.3348387496,99.8065954645,89.1320241456,90.2038177132,93.6966138542
128,6678,99.3627764351,99.8145139698,87.9938968952,88.8663218318,93.9986653897
128,6679,99.3759480255,99.9079256317,88.775531653,90.328400353,93.2603322321
128,6680,99.3949692607,99.9599431451,89.7922163172,90.1858488119,92.081700484
128,6681,99.4131611145,99.9633332821,88.6336253886,89.152954731,92.400315805
128,6682,99.4267568869,99.9639599577,87.484060427,89.5419082553,93.728573273
128,6683,99.445474741,99.9642219105,88.1308748801,89.6414483271,93.7410878915
128,6684,99.4588152844,99.9643299087,89.1501610651,88.2736966687,92.7804585835
128,6685,99.4768828797,99.9649131055,90.0085166189,89.4709013682,91.8220530384
128,6686,99.4871608684,100.0089346098,90.5321851915,89.8960968036,92.3165682591
128,6687,99.5011251864,100.0113224893,89.3361517856,90.6678561765,93.0252746444
128,6688,99.5297426553,100.0146243547,89.1196978105,89.0314610971,93.231263858
128,6689,99.5501192839,100.016137871,89.2912764345,88.6981540943,92.2878844085
128,6690,99.5614406362,100.0586576863,90.0155017534,88.9336851633,91.7667916036
128,6691,99.5888186764,100.0595730525,88.2824985942,90.1341276908,93.7191364422
128,6692,99.6195744577,100.0597248827,88.346446332,90.5442250121,95.0308843243
128,6693,99.6266016088,100.0694386343,88.9228172413,90.9284750768,92.2144072296
128,6694,99.6546944901,100.0796069669,87.8613495645,89.8247096788,93.134188251
128,6695,99.6592579436,100.0886981289,88.764441738,90.8891431354,93.0539976939
128,6696,99.691465671,100.0932962719,88.3427404826,91.7864453241,92.5759389335
128,6697,99.7215022631,100.0972276893,89.214853347,90.2831519416,91.0848092636
128,6698,99.7326781824,100.1100162036,89.4003940991,89.9222288134,94.4356574235
128,6699,99.7487517418,100.1103585217,89.2873756889,88.9599385785,92.9747425359
128,6700,99.7666981237,100.111513603,88.5990276785,89.8463952989,93.8537239507
128,6701,99.769789197,100.1115216097,88.5775755827,91.9265943635,93.4290238233
128,6702,99.7847284589,100.1130053468,89.1777240541,88.621323801,93.8686408683
128,6703,99.8254376826,100.1224475747,90.2750058272,90.5223847586,93.7918043493
128,6704,99.8440333741,100.1236254089,86.426287071,89.7010554326,94.51094767
128,6705,99.8557566857,100.1317094406,89.5046305352,90.4158357021,92.324593717
128,6706,99.8719803844,100.1774027664,89.7790782911,90.6380163593,92.5502071496
128,6707,99.880861062,100.1879515065,89.2831349701,90.0742493474,93.9928093993
128,6708,99.904492193,100.2127645699,89.3305966555,89.5316680765,92.1991626505
128,6709,99.9205497906,100.2239271561,88.9066955437,89.9540887103,92.4910927427
128,6710,99.9304464148,100.2240341599,87.2271363805,89.4010478887,93.665923635
128,6711,99.9637117464,100.2240646954,88.0350470729,90.4055967517,92.8240320055
128,6712,99.9825823147,100.224572608,89.9101755717,90.5136294571,94.1406173725
128,6713,100.0061272081,100.2255677034,89.3048971965,90.673080514,92.9539167719
128,6714,100.0125563289,100.2258185096,90.0854621963,90.2527924865,92.464592835
128,6715,100.0285645685,100.2258506092,89.227855471,91.1499306077,93.0072381646
128,6716,100.0531225615,100.2258835101,88.972351364,90.7408254542,92.2343772883
128,6717,100.0620732013,100.2260677164,90.1796189389,89.6948721369,93.8222703291
128,6718,100.0648628922,100.2366521176,89.3502888143,90.9523823431,94.8077925093
128,6719,100.0806716472,100.2369434981,89.2765109707,89.0764151178,92.6625762794
128,6720,100.0982356339,100.4154104536,89.4736345752,91.5655099048,94.8117746292
128,6721,100.1154533834,100.423441132,91.4768784858,89.5454181053,93.6307672911
128,6722,100.141999252,100.4365128914,89.6161209102,90.9477765513,92.7740180666
128,6723,100.1528052139,100.4680103197,90.6963519344,90.4118460517,93.0749179218
128,6724,100.1719907787,100.4705053762,87.8045157952,90.6881831383,93.2293413388
128,6725,100.1930385853,100.4905699579,89.6446385573,89.7049489927,94.6762557738
128,6726,100.2157071852,100.4969816145,87.9477579521,91.7655925586,94.6749060996
128,6727,100.2281789642,100.4977826667,90.8276003803,89.8480567869,92.89481654
128,6728,100.2475638623,100.5515574076,90.1192173443,91.4475904117,92.4842986393
128,6729,100.2675279946,100.5574263742,90.5534066509,92.602584889,94.7116344168
128,6730,100.2723934346,100.5611270911,88.4857963702,89.3185253542,93.8511626079
128,6731,100.2891932867,100.567309314,88.2021504455,89.7923682548,92.3145965119
128,6732,100.3030433396,100.5675574404,90.0262083614,88.9919324603,93.6315669727
128,6733,100.3257509243,100.5676627299,88.9242727013,89.6777766975,92.9147670708
128,6734,100.341124792,100.5883434211,89.3091234063,90.4147517316,94.2869245281
128,6735,100.3645871238,100.588343493,90.3206393307,90.1259004199,94.635337282
128,6736,100.3694209624,100.5936444009,89.5001567356,93.2914759712,93.3737983986
128,6737,100.3769030725,100.5944510609,87.5165248145,89.5509895658,93.3646776815
128,6738,100.415546305,100.5986105392,89.8311902748,91.4069909053,94.2821161139
128,6739,100.4192519456,100.6038737934,90.4793302793,90.4066645906,93.5581521809
128,6740,100.4349940161,100.6120884845,89.2665662575,92.3179829315,95.0969981918
128,6741,100.4500699569,100.6250226488,88.1380564484,91.4247944537,94.0400032001
128,6742,100.4814836997,100.7412360331,89.7404352465,90.7284544565,93.7079194129
128,6743,100.4875455348,100.7713874597,89.5602016658,89.3593994441,93.6107285782
128,6744,100.5181411409,100.7966268186,88.7951586387,91.6382150176,94.3646207679
128,6745,100.5248463855,100.7995194685,89.1097063894,90.4200724496,94.6678195592
128,6746,100.5422616296,100.8292849045,89.1879993192,92.4970620085,93.7536024493
128,6747,100.5624793187,100.8307901027,90.2553144459,91.1831382733,95.5598017462
128,6748,100.5639393121,100.9151854546,90.1705408513,89.5415693999,93.1425272473
128,6749,100.5800056638,101.0147819305,91.16117005,90.5140261899,93.0680113509
128,6750,100.5993347677,101.0920964018,90.0786577497,91.3755034466,93.3823714111
128,6751,100.6322088495,101.1757749174,91.0633529309,91.9234689368,93.2252153347
128,6752,100.6378173217,101.1766231771,91.2013311854,91.1786021104,92.4726273465
128,6753,100.6485669612,101.1766968068,89.3561052553,90.0743873151,94.3348064797
128,6754,100.6694634569,101.1771583091,90.0137912787,91.4499205274,95.1133013404
128,6755,100.6819866999,101.177905063,90.4986306678,90.4074905638,94.6116148256
128,6756,100.7034896411,101.2030215499,89.4936224941,91.7684696373,94.3738111288
128,6757,100.7224428973,101.2064536273,89.7636895372,91.1243246857,93.4556192073
128,6758,100.7313761361,101.2064548467,88.980255818,91.1399344257,93.7633412694
128,6759,100.7434259246,101.2066792414,89.3199788205,90.106284212,93.7902309969
128,6760,100.7566114659,101.2885205599,90.8262735838,93.0397346478,95.2318884585
128,6761,100.785101055,101.2920711099,89.38737431,91.8043000511,94.6505321119
128,6762,100.7963956932,101.2931785569,90.5801648527,91.2658687131,95.2774505691
128,6763,100.816685984,101.3149645703,89.9092475416,93.1607497967,94.7554666873
128,6764,100.825302932,101.3278338734,88.8827239409,91.6234850503,93.5929474252
128,6765,100.8532843872,101.3284868577,90.4162526871,92.2207230459,94.4204411569
128,6766,100.8742814536,101.4245545536,91.2243600686,92.4197237021,94.7768018262
128,6767,100.9022929212,101.4271630914,91.7477578135,89.7927051248,93.7150378173
128,6768,100.9183609909,101.4311464509,90.8156485675,90.635461682,93.8718400123
128,6769,100.9483522296,101.4323738705,89.991676337,90.6515185116,94.0486801806
128,6770,100.9625256839,101.4328974263,89.620825975,89.7940899083,93.8466680973
128,6771,100.9703190387,101.454171458,91.944567792,91.0131555453,93.5736928817
128,6772,100.9868433786,101.4584331548,87.2218549908,90.6730516976,94.5728854095
128,6773,101.0056327079,101.4593836451,89.5783717254,90.4331222625,93.1129982652
128,6774,101.0187941016,101.4629471109,89.4410945836,92.45807635,94.1830818933
128,6775,101.0370762369,101.4750280367,91.6083955412,90.977511245,94.5448611053
128,6776,101.0455792563,101.4783828872,90.1272533122,90.8794502596,93.5371157002
128,6777,101.0610232344,101.4784559376,89.3640866332,92.3856487185,95.7897183884
128,6778,101.0803586821,101.4891302569,90.3390660438,92.5291665981,94.4030095946
128,6779,101.0936445917,101.490953814,90.1258965713,92.7735840153,93.1405398409
128,6780,101.1141581551,101.4987142506,91.3418572836,91.621801731,94.486441684
128,6781,101.1259752816,101.5074494738,90.2238442947,91.2389186864,95.513485814
128,6782,101.1494741626,101.5360866963,89.3123437055,91.6422488725,94.9526568052
128,6783,101.1670546563,101.536087575,89.398210929,90.5613580627,95.262739665
128,6784,101.1760892913,101.5386773524,89.9900239227,92.0487391357,94.8422969579
128,6785,101.186726288,101.5400527167,88.0126167829,90.6317913608,94.5951106951
128,6786,101.230750861,101.5400604784,90.3126829933,92.3194864079,94.661292742
128,6787,101.2505845237,101.5475015163,91.2731550845,92.6404914986,94.4882888967
128,6788,101.2562324796,101.5817992944,90.8100630326,92.8289332321,94.228790255
128,6789,101.2730802153,101.58677731,91.4039041367,90.9842422348,94.5410261807
128,6790,101.2765759917,101.5939593227,90.1767350532,91.0255558652,94.9218374831
128,6791,101.3017159519,101.6011057778,91.0462566568,92.4250076971,93.6895664836
128,6792,101.3184187452,101.601200244,91.1019736429,91.0106521351,93.6140884803
128,6793,101.3286422002,101.6012063703,90.6577534875,91.7221472797,94.9892658399
128,6794,101.3441669862,101.6780102094,90.1137569334,91.0904003608,94.9544681738
128,6795,101.3512894462,101.7490916567,91.7241946355,92.0253829409,95.2135975835
128,6796,101.37365514,101.7637933523,90.7290858775,90.6997219425,94.5947903964
128,6797,101.3845845885,101.7966615573,89.5186189685,91.4746979625,95.0390289054
128,6798,101.3898975959,101.7966813205,90.2352193306,90.0274193014,94.5381157619
128,6799,101.4126746227,101.8196824874,90.8758478,91.6505759909,93.5855383567
128,6800,101.4326502474,101.8624273088,91.8293062202,92.5788805217,94.2328130898
128,6801,101.4445043333,101.8831750435,92.4607818226,94.2492594365,96.0571150004
128,6802,101.4610312932,101.9194403207,91.4996800472,93.0886696121,95.2878831397
128,6803,101.4840470412,101.9316375692,91.8152356481,92.3955851751,94.2824294596
128,6804,101.4959891739,101.9912097245,90.4406585513,92.7028240642,94.169907045
128,6805,101.5080989346,102.0081777582,91.0135341627,91.6181513668,94.4818630298
128,6806,101.5165552646,102.0120206543,91.3337975627,91.5871804898,94.5779403714
128,6807,101.5331756153,102.1845935557,91.8023282588,91.970473977,94.926585581
128,6808,101.5454930517,102.2209023444,91.8413300325,90.5985743982,95.9523226867
128,6809,101.5644375807,102.2391452707,90.5138385617,92.7842283646,94.9066943485
128,6810,101.5836861098,102.2403171152,88.3947163901,92.3005638269,95.3651414157
128,6811,101.6002910482,102.2431240874,90.175814783,92.955736747,96.2993352604
128,6812,101.6090884547,102.244420429,90.6504191113,92.1629388542,93.572590791
128,6813,101.6236851498,102.3318120072,90.9915371977,91.2685387875,95.3679739434
128,6814,101.6472387226,102.4080358287,90.8262329957,90.6539953913,94.6721230291
128,6815,101.6586475356,102.4305930433,91.8072562175,93.6084061271,96.4656496082
128,6816,101.6807943777,102.4306787391,91.0951428426,93.915338268,95.8546333855
128,6817,101.697890123,102.4337890905,90.902963188,91.2907199354,95.5824402352
128,6818,101.7103280512,102.4524106643,90.2867272191,91.6526116566,96.0730901184
128,6819,101.7417246794,102.4525496894,92.3155415101,90.9226771034,95.5772344451
128,6820,101.753589846,102.4527716869,91.8062279359,92.4383477155,95.8651840293
128,6821,101.7653716023,102.4528186643,92.4043695151,92.3313343557,94.3188483403
128,6822,101.7885962638,102.6160283069,91.8075005848,93.6394812234,96.0288116542
128,6823,101.8152841986,102.6160414369,91.4195470256,92.8690792935,93.5557781472
128,6824,101.8314249952,102.616048864,90.3135083867,93.5218650696,95.5938026537
128,6825,101.8484081499,102.6167661865,92.8919827977,91.7177090258,95.8979064618
128,6826,101.8817256672,102.6205005231,91.7773415696,92.8755894122,95.1639601049
128,6827,101.8929899513,102.6205779532,90.1096152196,91.9291974461,96.0768211279
128,6828,101.9018213108,102.6205944118,92.1389112753,91.9453935341,95.7926711308
128,6829,101.9248023343,102.6239875773,92.5546717489,92.1734379031,94.8675114448
128,6830,101.9506605038,102.6352234646,91.4157426808,92.9309801432,93.957575073
128,6831,101.9629922096,102.6412321331,90.6551548331,92.927883883,94.9435670492
128,6832,101.9713717259,102.6450749135,91.0657529162,93.5229553185,95.853944787
128,6833,101.9982419344,102.6453739075,91.9321321244,93.6946156552,96.1039598048
128,6834,102.017315196,102.6478923395,91.0596716749,91.8038693801,95.2748666988
128,6835,102.0338054746,102.649776114,90.896428663,91.9025508367,94.7894078991
128,6836,102.0643956005,102.6497788215,90.9555452111,93.5843714951,95.634804023
128,6837,102.0693981253,102.6498135517,91.2333635437,92.8047197221,94.1067719383
128,6838,102.0850176225,102.6800003308,90.532309661,92.2631836154,94.5632468063
128,6839,102.0926339893,102.6810901235,92.1156276909,92.9862017646,94.4259151167
128,6840,102.1267263965,102.6810912449,91.4631146208,91.9909442634,95.4658285779
128,6841,102.1441735868,102.6824722583,92.2288797394,93.1986059483,94.636019087
128,6842,102.15890611,102.68350836,93.0576171204,93.4318344422,95.0636284357
128,6843,102.1660595686,102.7439288623,91.6548453923,92.9829985055,96.0243966688
128,6844,102.1694787104,102.7567491098,90.5189360487,93.0704692075,96.511500882
128,6845,102.1763928145,102.7574912569,91.2367381601,90.8567243688,94.7809675207
128,6846,102.207987155,102.7630474198,92.1035424858,90.9438339467,95.7535543835
128,6847,102.2304757959,102.7680712743,93.1277564234,92.3407793417,96.2180692783
128,6848,102.2340005207,102.7689323206,93.1451136075,93.5924989213,95.9713118698
128,6849,102.2446311735,102.7721874933,91.4847414269,94.366216701,95.5761681315
128,6850,102.283730879,102.7726260419,91.8744381305,93.7683405757,95.5267845835
128,6851,102.3082239365,102.7726522512,92.147814524,91.4718770216,95.4804813798
128,6852,102.325329676,102.7727749768,93.3550207018,93.7867284162,94.0190416682
128,6853,102.3449117985,102.7770451351,92.1683596776,93.8023881756,95.5647721799
128,6854,102.3520690872,102.7787726364,92.7929142518,88.753620574,96.4512894449
128,6855,102.379965783,102.8143853673,93.0437790885,92.9570446968,95.6766411022
128,6856,102.3917746621,102.8167153774,92.3684198646,92.9375018543,94.8797840358
128,6857,102.4078290464,102.816820828,91.61841925,92.6559144947,97.3565100216
128,6858,102.4181188297,102.8489195645,92.2752060116,92.5222741741,96.1503598527
128,6859,102.4452128314,102.8947572904,90.2685497659,91.6462276192,95.4986875998
128,6860,102.4718776455,102.8959555562,91.8338466449,93.2116024399,96.3006788795
128,6861,102.506886522,102.997758539,92.9995245859,93.6683001412,95.6719817941
128,6862,102.5203641255,103.0071117368,92.0892684426,93.2937355251,96.5733801038
128,6863,102.5331178561,103.0683381805,91.2865979286,94.3150652364,97.2542601433
128,6864,102.5469664209,103.0878724999,91.5623464472,93.6251404896,96.7552993461
128,6865,102.553779819,103.091573393,92.4648171048,92.3597438009,96.2630459456
128,6866,102.5714059409,103.1080170822,92.5501545758,92.0279401624,95.4539736106
128,6867,102.599422216,103.1526642866,92.3356229763,93.0679690899,96.1610163576
128,6868,102.6263637672,103.2148950146,91.6128301621,92.4511875043,94.9211103667
128,6869,102.6449704824,103.2225567707,92.053211377,93.0925740079,95.8794280701
128,6870,102.6604688034,103.2228528274,92.387811772,93.6601324945,96.3430793906
128,6871,102.6690211034,103.2520195586,92.0318037628,94.6412376316,95.6637978758
128,6872,102.7007445726,103.2520436203,90.8325072358,93.1949717667,95.9753562059
128,6873,102.7027228016,103.2527359393,92.5514920513,92.5778197873,96.6394083796
128,6874,102.7299561002,103.3159020241,92.4735853763,91.4084354391,95.9859503039
128,6875,102.745050919,103.3468654218,93.625785455,94.5666088573,94.3574440119
128,6876,102.7651427353,103.3469319639,92.7718036895,94.3651977925,96.0449906619
128,6877,102.7830630503,103.3489101065,92.8498136622,93.4300271961,96.5201114442
128,6878,102.7992485302,103.3489914827,92.8298985626,93.6549278223,94.6496573627
128,6879,102.8276851067,103.3490884626,92.6632807086,93.1504085279,95.1413247763
128,6880,102.8363163943,103.3491073862,90.616168306,92.5228592351,95.9078965253
128,6881,102.8613533646,103.351249436,93.0085079122,93.9265961134,96.5246809535
128,6882,102.8699978388,103.3518478013,89.8872709545,93.1627094646,97.4802781685
128,6883,102.8806515961,103.3522513556,92.5141983127,92.7015292062,95.9594770204
128,6884,102.9028350581,103.3523653334,92.433363092,93.753428341,96.8559679356
128,6885,102.9073398191,103.3523668139,92.0404546961,93.3307167975,96.0552090441
128,6886,102.9380164721,103.3537312027,93.6797536599,94.6624552509,96.4663602275
128,6887,102.9439630824,103.3736303227,93.0431599686,94.3455679955,96.2388212124
128,6888,102.961642347,103.3736552226,89.9319474341,93.4012535433,96.8467326951
128,6889,102.9747496863,103.3737897943,92.5374412768,94.5487426087,96.0445736878
128,6890,103.0032285922,103.4000436545,91.6027535005,92.87252669,96.2517201758
128,6891,103.0089227889,103.4024131238,92.4453541738,94.9754706236,96.386467228
128,6892,103.0154095451,103.4029104165,92.5240337073,94.4500805549,95.9664236484
128,6893,103.0506942047,103.404381944,93.4006243993,93.378089949,97.2968611903
128,6894,103.0593469291,103.4172348372,92.1524087787,95.3272847431,95.3718186538
128,6895,103.0731278076,103.4172917928,94.2034718285,93.2480633569,97.0798940424
128,6896,103.0872021054,103.4173121769,94.0352524465,94.0927301614,95.8352664676
128,6897,103.1104843127,103.4532608101,93.1964008276,94.2563690495,96.9640783522
128,6898,103.1333772845,103.4585560109,93.2445479706,93.1087735967,96.0570033031
128,6899,103.1454928275,103.4586254721,93.5369487556,93.155130983,96.6122182364
128,6900,103.1579928082,103.4595245018,93.5513990942,93.5600305463,96.8870547364
128,6901,103.1694291106,103.459888779,93.299153755,94.8195715848,93.7479425979
128,6902,103.1881899149,103.4599589429,93.4686506636,94.1674458723,97.5468678713
128,6903,103.1961032614,103.5544990547,92.9347094032,93.5293493737,94.8963926693
128,6904,103.202046825,103.5600851589,91.2549411277,94.535513169,97.1316915182
128,6905,103.21630671,103.6092791106,94.1751135282,94.0953935283,95.8034205269
128,6906,103.2319109193,103.6092935751,93.2417243916,93.3032140733,94.5936619476
128,6907,103.2627754587,103.6969907641,93.3989909144,94.6889272979,95.215084271
128,6908,103.2789052113,103.6981716526,92.2692718353,94.1233310245,96.7382738158
128,6909,103.3012128322,103.7143951554,92.4795832319,93.8769400114,94.1787729885
128,6910,103.3146978771,103.7143951569,93.1792504962,94.4735656467,97.3135598148
128,6911,103.3460081938,103.7710356504,92.8189703482,93.2880171934,97.3216292172
128,6912,103.3680639938,103.8917589878,93.0178370364,93.6463445652,97.0758539273
128,6913,103.3764488564,103.9203756987,93.8129633124,95.414505123,95.5793562457
128,6914,103.3800349349,103.9227411265,92.5740225149,94.2716720272,96.1508830726
128,6915,103.4089521279,103.9230400786,92.7457682006,92.7477763187,95.8599599971
128,6916,103.4343046396,104.0113440929,93.7274662721,94.167545234,95.5568441321
128,6917,103.4437226094,104.016458821,94.2430162782,95.6118732478,97.0272480404
128,6918,103.4654507316,104.0165749565,94.0317926116,94.4077454911,96.6259864066
128,6919,103.4770360381,104.0175101683,93.1571745438,92.9098765608,97.0821737207
128,6920,103.4868134187,104.0234497554,93.0913283244,93.5882168909,95.1241864127
128,6921,103.5014390893,104.0308895724,93.7009701304,93.9501052235,96.072428566
128,6922,103.5238041696,104.0319973877,93.1402616188,92.8131003906,97.0562242302
128,6923,103.5483218887,104.033501805,92.8004496713,94.9513404543,95.0523909874
128,6924,103.5569380518,104.0391642541,93.1368858308,93.8501043834,95.6454297296
128,6925,103.5689557062,104.0649632958,93.2010359268,93.3260535768,98.1152524789
128,6926,103.6030830705,104.0654362355,93.1282781214,93.6658894498,97.8903721669
128,6927,103.62155637,104.0973805467,94.2796983781,94.8707889732,96.6565253915
128,6928,103.6263435272,104.1631878855,93.7188120672,94.9982079483,96.1100812588
128,6929,103.6337242414,104.2017131635,92.5761223411,92.8988277205,97.0403921576
128,6930,103.6759936423,104.2656276262,94.2276239597,92.6923532246,97.5855226583
128,6931,103.6822692791,104.2660543889,93.12082006,92.9788898929,97.0462314525
128,6932,103.6922823686,104.3303853487,92.8258702639,95.6798147487,98.5007541547
128,6933,103.7400583848,104.3315585264,90.3367885926,96.2181476253,97.5223011006
128,6934,103.7522278423,104.4320744871,93.0454645802,96.7586856533,95.9739919385
128,6935,103.7696093972,104.4329629166,92.8931865727,95.1143358394,97.0169398445
128,6936,103.7873017014,104.4378977661,93.5256445076,93.9035017057,95.4401823473
128,6937,103.7953465684,104.4754196852,93.182185331,94.8632181451,97.4533420101
128,6938,103.8182021405,104.477286104,92.5248477944,92.3311603838,97.161537205
128,6939,103.8222983598,104.4820570185,94.666122256,95.2985893353,96.88109931
128,6940,103.8370204919,104.4845228523,93.7096972808,95.0976296023,96.8733810583
128,6941,103.8517757258,104.4998197933,94.0626544966,94.0351392464,97.594109899
128,6942,103.8726265452,104.5289501321,93.2911331664,93.6251005199,96.9888582489
128,6943,103.8796986928,104.5369983608,94.788980967,94.3875566863,96.1066426681
128,6944,103.9029616045,104.5371996316,93.7509657777,94.1211627259,96.6294953694
128,6945,103.924755404,104.5396906148,93.8818020175,95.2050289038,95.7642040381
128,6946,103.9449425786,104.5432974151,93.6639203046,94.5172513056,98.1636931309
128,6947,103.9602002286,104.5631111593,93.5478012911,95.0913198539,96.747728891
128,6948,103.9750982095,104.5640807778,93.0323889437,94.8700639291,97.8975661452
128,6949,103.9909960168,104.5647886174,93.8882427661,93.8529087091,97.7026724911
128,6950,104.0049866895,104.8237193655,94.320311436,92.4584384607,96.8658299698
128,6951,104.0141224742,104.8247908272,92.0330336569,94.3338748503,96.9424083287
128,6952,104.0236113131,104.8399197148,95.1020462254,94.4998260477,97.521235789
128,6953,104.0478441781,104.8399197317,92.3912754868,95.1688877867,97.2159789994
128,6954,104.0607304895,104.8399708169,95.493595845,93.1198994955,97.1747879822
128,6955,104.084300426,104.840320624,94.2912680234,95.8135761233,96.4755692752
128,6956,104.0881369404,104.8442155964,93.0146810933,94.9029952364,96.1513341405
128,6957,104.1000421673,104.8638952225,92.7455199191,94.9034472318,96.4300169033
128,6958,104.1395875484,104.8639715353,94.0768798772,94.7567832962,97.5780635472
128,6959,104.1548247349,104.8642337989,93.2209837627,94.7061210319,97.0705818805
128,6960,104.1598884539,104.8642540384,94.0958487935,95.4038562578,97.6227621126
128,6961,104.1770945641,104.8696049208,93.9147032371,93.5904022425,95.3136489843
128,6962,104.1995382366,104.9202527041,94.258253325,93.511833538,98.144175999
128,6963,104.2157243933,104.9427146844,93.5000133412,94.9656488502,97.3034253847
128,6964,104.2259503605,104.9879950872,92.8271153508,94.1484944098,98.1067892742
128,6965,104.2380027932,105.025634798,95.2355370351,95.1067436028,98.511274218
128,6966,104.2621439372,105.0258497703,93.0752050565,95.1662772045,97.6904079748
128,6967,104.2719402947,105.0266620856,95.1317513631,96.1063280505,97.050539881
128,6968,104.2913265127,105.0358612908,92.7664992667,94.9716013466,97.0856471498
128,6969,104.3017753354,105.035869357,92.9031233354,95.6675688085,98.633730841
128,6970,104.3219102285,105.0358856008,94.3976887506,95.5996609979,97.7708387234
128,6971,104.3465418019,105.0551487012,94.8119994761,94.8426733329,97.9137070623
128,6972,104.3881393709,105.055208977,94.1729766621,95.5884236918,96.0340321069
128,6973,104.3950904967,105.1187207604,94.2142723928,95.1017009397,97.7602367918
128,6974,104.4098973514,105.1187887303,93.9539462909,94.2322172009,96.4804596002
128,6975,104.4267857498,105.1190479942,95.9278376827,95.422167352,96.8535381904
128,6976,104.4644563932,105.1373922718,95.0579686237,95.2348412644,96.3411258565
128,6977,104.4718872673,105.1898555882,94.7553314164,94.9519768974,98.2872060758
128,6978,104.5018365885,105.1983701713,93.9396371593,96.2619536318,97.4271386076
128,6979,104.52414308,105.1983751609,93.8465861082,96.2947215691,96.4592165279
128,6980,104.5412496108,105.2012427501,94.2590008749,95.0245926442,96.7368549195
128,6981,104.5520510407,105.2019110481,94.5045922597,95.0236622174,97.171235161
128,6982,104.562145998,105.265895258,94.9582491706,93.7277117348,98.1194751868
128,6983,104.5912838213,105.2732282754,96.0899659069,93.8121794952,98.8291408553
128,6984,104.6146660508,105.2733142592,94.0493787466,94.7754836517,97.7433430755
128,6985,104.6275534549,105.2927990075,94.8199736106,93.8948929529,96.8556335242
128,6986,104.6538574303,105.3802737132,94.2098644472,96.2678165026,97.103217794
128,6987,104.6808145036,105.3963408739,94.2717321389,94.6353324937,98.2777319194
128,6988,104.6941636073,105.3966882556,95.2045151938,94.3272387678,97.158416128
128,6989,104.703823904,105.3966990948,95.1759278083,95.1368449757,98.8819565125
128,6990,104.707903289,105.4036641536,94.1079307471,96.2559589416,97.7622109001
128,6991,104.7219591652,105.4037134182,92.3504239497,94.967788503,97.6452215036
128,6992,104.7570898874,105.4048862384,94.7813735385,95.350710062,98.2380012987
128,6993,104.7737726171,105.4048901651,94.896441217,95.9552000645,97.665526942
128,6994,104.7846602042,105.4191120868,95.530622349,97.0662655955,98.8809185678
128,6995,104.8001470862,105.5079985229,94.9774340518,96.9221346857,98.3006633794
128,6996,104.8158642854,105.5853633732,93.7144397148,93.8017283079,97.4062000586
128,6997,104.8545637115,105.58536725,93.6139558359,96.345707434,96.3139739758
128,6998,104.8631560368,105.5856869089,94.1932572907,95.0773546206,97.3924151705
128,6999,104.8751663072,105.585687954,96.0214498605,96.2563535668,96.7196728095
128,7000,104.8955783867,105.6157266127,94.9257495255,94.6626971451,98.542256154
128,7001,104.9090455421,105.6157424996,94.1633987068,95.1659236514,98.0683485638
128,7002,104.9408624857,105.6157436939,94.4602203039,95.565522235,97.7807351093
128,7003,104.9621893023,105.6157481455,96.0570574485,94.3751248811,97.2759809187
128,7004,104.9724207087,105.6368062864,94.3871118657,95.2560506861,98.9389245252
128,7005,104.9855197835,105.6387431701,94.7401175236,93.7871677592,97.3726769089
128,7006,104.9944929459,105.639567811,94.0436857047,95.1807768428,98.970100251
128,7007,104.9999940674,105.6405637892,95.6455002377,95.9983986678,97.1031904959
128,7008,105.0226704717,105.6405637933,93.8561592737,94.6017955655,98.2562324716
128,7009,105.0276040485,105.6412881049,96.074925631,96.4179016296,96.9592336552
128,7010,105.0479359759,105.6412932236,95.1311289771,96.2967231409,96.1676172856
128,7011,105.053270396,105.6416156535,95.4063322956,96.9061289048,96.9471315066
128,7012,105.0691217567,105.6416162522,95.0413451796,94.6819838699,98.5573300984
128,7013,105.080828453,105.730061459,95.5093510234,95.6670954131,98.0646386779
128,7014,105.1047578028,105.7304437816,92.6105451071,95.6900076047,96.7037425438
128,7015,105.1251047501,105.7316828072,95.3754755616,93.2632754252,97.9644941959
128,7016,105.1512401242,105.7368743177,96.0997655723,96.4624030587,97.9522295995
128,7017,105.1630988307,105.770581368,96.031156616,96.4876934121,98.3726990739
128,7018,105.1806137947,105.7738846129,95.3545981406,95.0507929983,99.0837028261
128,7019,105.196440411,105.7739160548,94.7823486758,95.5215253023,98.4402791532
128,7020,105.2060915441,105.7753490923,96.5954675956,94.4871972911,96.3052419557
128,7021,105.2313893657,105.7753534891,95.7899699029,95.7121399314,97.8143340902
128,7022,105.2449380151,106.0351773446,96.8122899114,95.5243889359,99.5024652323
128,7023,105.2595251821,106.0353704661,94.8139142088,96.4135905996,98.1327651973
128,7024,105.2883858091,106.0354563615,95.4608509743,95.2051224414,97.674838901
128,7025,105.2951336019,106.0355022048,93.7064632075,96.5889887201,98.3463002295
128,7026,105.319228988,106.0516899942,95.7063041871,94.9878478868,96.7358413327
128,7027,105.323341947,106.0516930013,94.4220624826,95.7932533263,99.0616318081
128,7028,105.3386981174,106.0516940461,96.2731707534,96.0995838314,97.6644535477
128,7029,105.3482726183,106.0910323329,96.6732005866,96.3776409003,98.645666581
128,7030,105.3849791316,106.091102105,95.5005667975,96.4433351617,98.2238953252
128,7031,105.3986783126,106.0917505583,96.8287507803,95.8591036228,98.5224308189
128,7032,105.4245873941,106.0928922888,95.8994303834,96.6719575606,98.7168565733
128,7033,105.4351696227,106.0928940339,96.0564640746,96.7838228732,98.5808444804
128,7034,105.4493456515,106.1080711025,93.5086284971,96.6381601516,98.7512677572
128,7035,105.4699195866,106.1919556604,95.6387524905,97.6765550776,96.9159811694
128,7036,105.4858721576,106.2193119981,95.6999138348,96.3813265385,99.2847419323
128,7037,105.4979186941,106.2193123816,96.0503109507,96.2989066052,99.3214385291
128,7038,105.5083217525,106.3242825619,94.0973329605,98.2080323885,98.6855000894
128,7039,105.5183757691,106.3253718604,94.9581170247,96.0414126634,97.9928448496
128,7040,105.5233699722,106.3280947848,95.3294329784,96.0610814353,99.072075451
128,7041,105.5550038259,106.3626844583,95.0500132751,95.6060027589,98.7520187044
128,7042,105.5651403779,106.3631792291,94.7592820536,96.4099946017,99.5852178484
128,7043,105.5963871582,106.3776059082,96.7262269653,96.7589682904,99.5817822968
128,7044,105.6021019737,106.3777835396,94.722290408,95.5230741244,98.6769264418
128,7045,105.6273217025,106.3782771142,95.0931912848,96.7108301815,98.2769746068
128,7046,105.6417654297,106.4169023022,95.857570423,95.4970355091,98.7048284363
128,7047,105.6645549719,106.4306538118,93.0424348191,97.1822656515,97.1016982168
128,7048,105.6654163364,106.4307593701,95.9922293279,97.0800579128,98.3281733643
128,7049,105.7026332405,106.4407674458,95.5578153444,98.4571426715,98.3504777417
128,7050,105.7282864176,106.4407874614,95.8895098516,96.6871747501,97.4839922626
128,7051,105.7395530607,106.4407928917,95.397313831,97.333425872,99.4157765464
128,7052,105.750083792,106.4408026748,96.2809153607,97.0236638245,96.9364920377
128,7053,105.7710450447,106.4408499467,96.4848705302,96.3427382002,98.5922460042
128,7054,105.7897174608,106.5254339373,94.4740913444,96.9002945499,98.7174422488
128,7055,105.7988906998,106.525438963,96.3477506759,96.1032565242,98.2422801904
128,7056,105.8181034401,106.5254392267,94.7489984882,97.3551887959,98.3663995152
128,7057,105.830658094,106.5254400995,93.9101193604,95.9666833195,98.7593826321
128,7058,105.8431974037,106.5254472389,94.37725915,98.226120248,99.2282680916
128,7059,105.8732175572,106.5254493921,96.2718589348,97.757948011,99.6645679238
128,7060,105.8864669299,106.7688598228,97.9821897683,97.5760438646,99.3219327268
128,7061,105.8997025176,106.7726247043,97.4236420663,96.8154341056,98.4200212116
128,7062,105.9465022705,106.8264496589,96.2655972212,97.1217018768,98.3989076975
128,7063,105.970096879,106.8264566476,95.6590469781,96.7456326152,99.8421904129
128,7064,105.9827542608,106.827429164,97.2184215082,95.6414191748,99.3287779141
128,7065,105.9962027489,106.8277807984,93.7461591727,95.7612260811,96.8165628311
128,7066,106.0114871701,106.8307046296,96.1894274486,97.2241056594,98.0046603791
128,7067,106.0226961971,106.8315403992,96.7909341898,97.1823337338,98.6449547263
128,7068,106.0461709936,106.833669205,96.5350286647,95.5268624372,100.6483749156
128,7069,106.0643989078,106.8350855793,96.8301427309,97.1311268059,98.7542153379
128,7070,106.0795270798,106.8353042394,96.2188155086,97.4887689893,98.5605061335
128,7071,106.1123400278,106.8357770921,96.3921481696,95.8200154928,100.089679786
128,7072,106.1331951817,106.835792566,96.5340778379,97.7004769802,99.3315523812
128,7073,106.1476034971,106.8358355815,95.902746235,97.0081643609,99.6971530872
128,7074,106.1725497759,106.8358625243,95.7396532867,96.7353116547,98.5556652737
128,7075,106.1872568908,106.8359019575,95.2582390531,96.5752403375,98.2464013636
128,7076,106.1938039299,106.9155177872,96.6181113814,97.4688500271,95.8376222137
128,7077,106.2066576822,106.9179339318,96.6259468082,96.2501010874,99.2213623742
128,7078,106.2268154746,107.0112789695,96.2184891536,98.0939335219,99.2877046446
128,7079,106.2373515626,107.0112792861,96.1279240737,97.2058639847,99.0070909676
128,7080,106.24817183,107.0176877095,93.2224713053,98.0190001735,98.8272219661
128,7081,106.2670576215,107.018059185,96.6155538759,98.6231121561,99.0145720877
128,7082,106.2796380598,107.0180810236,97.0417719914,96.1708096779,99.256005737
128,7083,106.2954338849,107.0213571379,96.6580788491,96.9276455484,98.9982910088
128,7084,106.3330524481,107.0477234973,95.4222064392,96.7499443208,98.7003763792
128,7085,106.3453469994,107.0504531452,94.9261006819,95.9111711787,97.8742256329
128,7086,106.376745992,107.1974299224,95.2409412206,96.7401204033,98.2407376826
128,7087,106.391759268,107.1993692799,96.2553331524,96.2322444603,98.8946963805
128,7088,106.4009063723,107.2022755749,96.893351802,96.6794871845,99.1164079633
128,7089,106.4059463531,107.2331638878,96.4730169398,97.8963300127,100.3302587314
128,7090,106.4404214935,107.2355095986,95.4059320354,98.0474161992,99.2501971646
128,7091,106.4461531259,107.2355577451,97.0137554565,97.3584434684,99.8849801216
128,7092,106.4570597777,107.2387593251,94.8939771945,97.4888531541,97.6980351007
128,7093,106.4744933876,107.2388223381,96.6931827151,99.0646649875,98.6660314906
128,7094,106.4769741502,107.3479519508,96.4134613322,96.6959813411,99.2172548364
128,7095,106.5053430202,107.3510799065,97.6677634393,99.5567580374,98.8635354618
128,7096,106.5317869688,107.3537901879,95.9445520507,98.1938518445,99.7359547401
128,7097,106.5407506259,107.3558167817,97.6517950578,98.0342093743,99.2497667637
128,7098,106.5680676824,107.3558467057,96.2445685499,96.0331621903,98.9061674455
128,7099,106.5779633915,107.3981678909,95.7943227024,98.7417573666,99.7745811845
128,7100,106.6038684611,107.3981752193,96.9017349835,97.3644802261,98.4304011541
128,7101,106.6105181056,107.3981752449,97.2027660983,97.2316185738,98.2720551217
128,7102,106.6190853266,107.3991485204,97.0065833937,97.9159531283,99.166858349
128,7103,106.64073027,107.4006278527,96.5118314581,98.7931964455,99.8469102157
128,7104,106.6573185678,107.4117130562,96.9748800833,96.6350687566,98.0023495595
128,7105,106.6780075631,107.5015004651,96.6995219,95.4401517538,98.7318574104
128,7106,106.7242913271,107.5015342561,97.6622156833,97.9271479001,98.7271205054
128,7107,106.7284308724,107.5015343188,96.2828358494,98.735288014,98.0592842657
128,7108,106.7414231451,107.5465029208,97.0355978575,97.6150722009,100.1096313746
128,7109,106.7499193972,107.5755498262,97.1571939434,97.9548079091,98.8257900617
128,7110,106.7745079981,107.6345549367,94.9245510252,98.5006934885,99.725934701
128,7111,106.7960876936,107.6345651132,96.1556055059,97.8543870674,100.581227796
128,7112,106.8245288899,107.6398245224,95.9390976684,99.605497148,100.5103158704
128,7113,106.8306514474,107.7004920858,97.5902702607,96.7742830401,100.2068606414
128,7114,106.850055052,107.7103406286,96.9630056626,97.5267064837,99.6693773518
128,7115,106.8658571609,107.7104477499,96.198063142,97.797041185,101.0754841091
128,7116,106.8818597578,107.7105799665,96.9482885085,97.9688291805,100.0897423541
128,7117,106.9005606987,107.710956695,97.6314017515,97.7617420775,98.2437930691
128,7118,106.9237190733,107.710989134,97.2487471163,98.1674884144,100.8613109281
128,7119,106.9304511711,107.7109914928,97.0120857954,95.9172162708,101.1870130682
128,7120,106.9346786247,107.7110470135,96.3894531851,98.5010987852,99.8349651454
128,7121,106.9601374515,107.7114000057,98.4828736661,97.0414252841,100.2902500508
128,7122,106.9810129893,107.7118671518,98.7679981758,98.2728521614,99.3701141058
128,7123,107.0002204862,107.7169785611,97.9170498763,99.2327482145,101.0017655725
128,7124,107.0169321643,107.8000032419,96.1757863094,97.083821404,99.129937332
128,7125,107.0286780517,107.8000892315,98.4886903027,97.7559969223,98.64927713
128,7126,107.0504033553,107.8001768242,96.9413396489,97.6985102886,99.8593482787
128,7127,107.0851280394,107.800224776,96.1378209619,98.0108915669,98.7524277628
128,7128,107.0915625243,107.8011071752,96.366634214,98.1356022256,98.2214402149
128,7129,107.1096109276,107.8011583129,96.1962401953,97.7485684305,99.5676264597
128,7130,107.1247302774,107.801208832,98.5576482342,97.3546855762,99.8781273587
128,7131,107.1400163288,107.8027255735,96.6680403839,98.8473529331,99.8702936879
128,7132,107.154918568,107.8028202114,97.26170359,99.4865749126,100.2520890614
128,7133,107.182456979,107.8028481189,97.8206913912,97.6163464428,99.6305332487
128,7134,107.1960123749,107.8029038175,97.4804872894,98.870939029,97.5230204131
128,7135,107.198506075,107.8029409103,97.1047147124,97.5021919591,99.6560074198
128,7136,107.2290664916,107.8032885129,97.7630390772,97.5795760185,101.4867488522
128,7137,107.2604465544,108.0307773199,95.5449990004,98.0380543839,100.2573614952
128,7138,107.2792157728,108.0309124909,97.7380124897,95.6015727858,98.8568266901
128,7139,107.289790364,108.0310329649,97.7161670152,96.2012083996,99.4903169475
128,7140,107.3170378899,108.1195390489,97.8158342641,98.7705189214,100.3003654365
128,7141,107.3342883718,108.1267823396,98.6288615902,99.2046670038,99.4368032333
128,7142,107.3408435579,108.1324152779,96.9313986011,98.1419967733,100.899436759
128,7143,107.3547994297,108.1390274581,97.2633237435,97.5400067973,100.7303615629
128,7144,107.3597751861,108.1473326359,97.0961165219,97.3626192174,100.4474724184
128,7145,107.3923018618,108.1883964841,97.4456534459,99.1821434245,99.9525695266
128,7146,107.4155838817,108.1922575337,97.7785987591,99.3839694441,99.9047863983
128,7147,107.4344091085,108.1937682373,97.9314394898,97.0641986113,101.0808409161
128,7148,107.4483952602,108.3451052721,97.8503226704,96.9500054246,99.8859102445
128,7149,107.4710059287,108.3451056632,97.7485601554,98.1069903625,99.6911530612
128,7150,107.4816026177,108.3479404057,98.5681442408,97.7295737004,100.1521217331
128,7151,107.5077789138,108.347999885,98.6858432591,96.999662621,100.0558875184
128,7152,107.5266132575,108.3482029441,98.2390896838,99.1766349211,99.9584001881
128,7153,107.5356565443,108.349235284,96.670777697,97.8739928278,101.0497809233
128,7154,107.5604175348,108.3493310097,96.0624993972,97.3208281754,101.3813347028
128,7155,107.5749982429,108.3842010638,97.8555842669,99.3508562432,100.8838221855
128,7156,107.6219195239,108.3842026953,95.9501577463,98.6486294387,100.3852515097
128,7157,107.6280003578,108.3842027074,97.3555934867,95.7299851058,101.2236863391
128,7158,107.6456701597,108.3842128625,99.1986893871,98.7361872347,101.6636810262
128,7159,107.6659859515,108.3853284543,97.0259887293,99.2181155067,100.9019084978
128,7160,107.6842995363,108.3865907483,98.0779294332,98.6414682668,100.3615746344
128,7161,107.691088764,108.3867928905,98.2227921377,97.8114260311,100.145462774
128,7162,107.7025688076,108.3889122666,98.0100389427,97.6517846437,99.4255170343
128,7163,107.7284641378,108.3890800595,98.3668624116,99.6371603566,100.5175346419
128,7164,107.7428868202,108.497589713,95.9819894474,99.7963568127,99.0299892703
128,7165,107.7587048003,108.5058282181,96.2166242252,99.002024266,99.9338195846
128,7166,107.774910625,108.6389564301,98.1211195176,98.5111785863,100.4354866971
128,7167,107.7881908021,108.6392419076,97.4177469705,98.8273181127,99.7613502783
128,7168,107.8159006344,108.6392474138,99.5875507819,96.3000118797,99.362097813
128,7169,107.8253563908,108.6392505262,98.0376373833,97.4455165962,100.325123623
128,7170,107.8469711154,108.6726048545,97.9522096547,99.6537467084,100.4639379695
128,7171,107.8599298882,108.7492960574,97.8535124163,98.7490512179,99.7226720101
128,7172,107.8703869561,108.7501070893,97.5948397576,98.9005152443,100.3052859613
128,7173,107.8887189305,108.7547268511,97.1829993611,98.13142899,99.5222114404
128,7174,107.9104652816,108.7554413545,98.7160018021,99.6931977709,101.1888655139
128,7175,107.932031841,108.7571293051,98.2492399006,99.1488373655,100.1539940486
128,7176,107.9376566518,108.7654101946,98.1414639228,99.234422724,99.3517433698
128,7177,107.9461029981,108.7654388449,97.3904560199,99.0495132422,99.7637846102
128,7178,107.9661966942,108.7685889733,95.2949457926,99.2354886159,100.6107596879
128,7179,107.9904201998,108.7698012555,97.6535545932,99.2100024032,100.8387386709
128,7180,108.0080496368,108.7699316561,98.4449532078,97.0363783124,101.4526512454
128,7181,108.0334009024,108.7701026084,98.1533173778,98.6590319271,101.7171412811
128,7182,108.0420154652,108.7701891478,99.4026259086,99.0524581943,101.7452060794
128,7183,108.049747667,108.770475711,99.1251641382,100.1113110235,100.3434061575
128,7184,108.0808025104,108.7704792601,98.6763909257,98.3055805472,101.0914549625
128,7185,108.1020086668,108.7719638072,97.0384219214,98.3531256394,100.6181011515
128,7186,108.1139024321,108.7904567762,98.2597170292,99.2971868099,100.4882251603
128,7187,108.1213465488,108.7910662863,98.3385452568,99.1658157047,101.1561010779
128,7188,108.1295181202,108.7914568174,98.2897773591,98.6346572781,101.6584429042
128,7189,108.1608636873,108.7914581792,98.8107629559,98.7953561996,100.9758982921
128,7190,108.1724845423,108.8167051744,99.0471386731,98.8352992259,98.54260877
128,7191,108.1994851906,108.8168360508,95.8448123582,97.4181197705,99.738859338
128,7192,108.2161848047,108.8168410836,99.8066911294,99.3928286518,99.9044361212
128,7193,108.2246984732,108.8190453674,99.2218798163,99.0512190955,101.2487438468
128,7194,108.2315153326,108.8190467998,99.7052412404,100.2432314429,101.941629321
128,7195,108.247952522,108.8190496013,98.4904361524,98.1665599243,98.8337595343
128,7196,108.2518905907,108.9074356265,99.14441029,99.5130459748,100.9674695127
128,7197,108.2910973064,108.9095081207,98.56989638,99.1137052157,101.5208114175
128,7198,108.2978448767,108.9099502921,99.039525946,97.2730359688,101.0930266593
128,7199,108.3347580129,109.0386718135,98.1963360032,98.4546716605,100.3452182223
128,7200,108.3407499709,109.0386774191,97.766853074,99.3838985604,100.8636849968
128,7201,108.3530467507,109.0386779179,97.4339149092,101.4413376173,100.4318503139
128,7202,108.374382137,109.0386780243,98.2129725505,99.1604217828,101.9150264025
128,7203,108.388617292,109.0386781277,99.8889800596,99.9795850846,99.7805371431
128,7204,108.3974291764,109.0386781386,97.2000662281,99.3588320248,100.8629746339
128,7205,108.4111352301,109.0386781412,98.38973772,99.5140823973,101.7018758639
128,7206,108.4206844698,109.1241936194,98.3248425293,100.5782239236,98.3135649526
128,7207,108.4339554087,109.1242007753,98.264498063,99.1491478769,100.9716797368
128,7208,108.4478884283,109.1242012482,97.30147277,99.5526986696,101.1241938369
128,7209,108.4824146656,109.1270316495,98.4855619591,100.9448219694,99.4322710612
128,7210,108.5041793139,109.2107520686,97.8471543465,99.7366400345,101.313998538
128,7211,108.5161895474,109.2404017618,99.571125634,99.3461136766,100.6387332434
128,7212,108.5292073792,109.2404203174,99.5257823749,100.0287094771,100.3206604885
128,7213,108.5531329325,109.2408702831,99.3043308583,100.6489967762,100.7647623149
128,7214,108.569393199,109.240871633,98.6127184347,98.8585400562,101.3483608578
128,7215,108.5858899241,109.2408723057,99.7026139621,97.8207792606,101.2006039609
128,7216,108.6045365585,109.2408730406,100.8745569519,99.4784079193,101.5590079735
128,7217,108.6399296041,109.240875901,97.8915416135,100.8878573019,102.0749492551
128,7218,108.656951121,109.2408765933,99.434099502,99.9903667594,101.0039064666
128,7219,108.6666621939,109.3425093946,98.7575918738,100.1285463233,100.7488280119
128,7220,108.6809133848,109.4764413529,99.1812652461,99.5214295352,101.3004634279
128,7221,108.7038602625,109.5076858068,98.8031581899,97.3261468955,100.5399743714
128,7222,108.7215853845,109.5133667314,99.5245072967,98.782588153,101.7969684062
128,7223,108.7339735986,109.5138243016,97.0019757376,100.0396030012,101.8004177288
128,7224,108.7489171891,109.513897201,100.2163196437,100.2737298076,101.4904825256
128,7225,108.7643252428,109.5139451821,99.9117939555,99.5944399826,101.270878328
128,7226,108.7926688454,109.5145472729,99.0572689201,97.5666253699,101.6908166629
128,7227,108.797448478,109.5893499218,98.2880039636,100.4759486434,102.1053623586
128,7228,108.8231711569,109.5896290024,98.7826069823,100.1370859589,100.5792547101
128,7229,108.8355422607,109.5911014808,100.0734353458,99.6329900569,99.8756192023
128,7230,108.8450113583,109.5911396557,98.3444474548,99.2110304751,100.8786041547
128,7231,108.858901854,109.5975523795,98.4785179143,100.0082008141,101.7838228252
128,7232,108.8680367118,109.5975676851,98.4928376637,100.6323289883,100.4196167016
128,7233,108.8846498629,109.5975684456,98.3961687079,99.6782454389,100.5870892885
128,7234,108.9098825856,109.598130724,99.7515627521,99.2762183826,101.8482244754
128,7235,108.9317284567,109.5981326908,99.4016276207,100.2304520299,101.0498674917
128,7236,108.9553188407,109.6021589127,98.9425388265,99.7280936441,100.6761116924
128,7237,108.9679674545,109.6021972801,99.999525413,100.2054519984,100.3366583474
128,7238,108.9797272997,109.6022960107,99.0936462539,99.638591429,101.2204035612
128,7239,109.0097290058,109.7311334711,99.7600840734,99.3842656465,102.0835935987
128,7240,109.0175662018,109.7315440983,99.2911817038,100.1066256174,101.68278863
128,7241,109.0581084076,109.7315453149,98.9549717859,99.6559089004,100.231213309
128,7242,109.0803640046,109.7315453647,100.7209848635,99.408250655,100.4297252442
128,7243,109.1007487069,109.8535056862,100.1134206683,101.1837602769,100.0075400832
128,7244,109.1091024953,109.8535169091,99.8259995932,100.029267395,100.2220210844
128,7245,109.1395268263,109.8800571776,100.2398105503,100.4339602952,101.2758835095
128,7246,109.1556400739,109.880063621,99.831835148,98.9463007826,100.035684767
128,7247,109.1676542522,109.8803467239,101.3885971382,99.3891042398,100.9407989874
128,7248,109.1712922025,109.8803467327,99.0727848297,101.1410159968,101.0857849574
128,7249,109.1838400081,109.8803469935,98.4242406451,98.8721598627,101.3573458559
128,7250,109.2104583027,109.8803470091,99.5479444828,100.0951594721,99.5074268629
128,7251,109.2177989951,109.8808573445,100.6615400038,99.793374741,102.0889224887
128,7252,109.2400266818,109.8808573638,100.2462846345,101.241755866,101.5839515839
128,7253,109.2495743244,109.8809209235,98.5187238331,100.4268839559,100.5307921714
128,7254,109.2709151656,109.8809209496,97.9571178414,100.0196878259,102.2857282764
128,7255,109.285045014,109.9241552881,98.9900554247,99.3137218912,100.6434610694
128,7256,109.2996019494,109.9241552914,100.3972851619,100.8737091405,100.3853755878
128,7257,109.3199714962,109.9275153267,99.1376744299,100.1851114399,101.334886836
128,7258,109.3274286541,109.9583750638,101.0059595729,99.6944708479,101.4808469669
128,7259,109.3450333926,110.0215502303,99.4917660768,100.4992817711,99.3930017205
128,7260,109.35695817,110.0215678393,100.2293472038,99.341652338,101.056382227
128,7261,109.3835052351,110.0690310414,98.9684329451,100.0605483195,101.8699725116
128,7262,109.3955878485,110.0690660331,99.2541480976,100.7957897954,102.0681263115
128,7263,109.4390237538,110.1725809011,99.1733038857,99.7853780745,101.3051628973
128,7264,109.4422397888,110.1794665181,98.8208075091,98.798451495,101.6865946078
128,7265,109.4516608025,110.1794665275,99.1698044824,100.4818209621,103.5529863666
128,7266,109.4843782706,110.1882307399,101.4243851274,100.1310664921,101.4169486467
128,7267,109.4881716437,110.1882393419,100.68577065,100.577935674,99.1245423258
128,7268,109.5093626214,110.1882393764,99.5799476258,100.5651829417,101.95611152
128,7269,109.5196171409,110.3283403583,99.6505590678,100.8591721191,102.2774469139
128,7270,109.5276104783,110.3283403735,100.2172017754,100.839627151,101.6502070649
128,7271,109.5542606334,110.3283410622,99.5688032366,99.8058795996,102.0686717706
128,7272,109.5677459358,110.3283412748,101.369773671,100.9899365405,102.2601237143
128,7273,109.5893472511,110.3283414328,99.0005785667,101.3991955582,103.2505659072
128,7274,109.5987469654,110.3283686482,100.7650987989,101.6590636174,100.6340916099
128,7275,109.6152584966,110.3283688044,100.0265638101,100.9147016626,101.8478131008
128,7276,109.6236535627,110.3283689235,99.8428129643,99.9924430026,100.4176315159
128,7277,109.6396443208,110.3478531109,98.9293551896,101.5852557915,101.1056546996
128,7278,109.6514440308,110.3478752304,98.4704171349,100.1494216122,101.6050382214
128,7279,109.668608594,110.4941527469,96.5546759827,101.326589392,102.3072131748
128,7280,109.7075237307,110.4941667378,100.3467457896,100.0936034595,102.7690836144
128,7281,109.7424661982,110.5536828545,100.1592027478,101.5245687773,101.7380886831
128,7282,109.7536631146,110.7682692544,100.55842361,100.9421344717,102.0065659929
128,7283,109.7997342777,110.7692945019,101.2961378956,101.5188175385,101.7766849726
128,7284,109.8112148068,110.7923082776,100.9616700185,100.3950353256,101.9935822841
128,7285,109.8297678431,110.8124533468,101.024738679,100.5173197907,101.2818092735
128,7286,109.8512218395,110.8127746796,100.11522997,101.3913205212,101.6056628629
128,7287,109.8667965428,110.8700004596,101.476648634,100.6720589293,102.8850995109
128,7288,109.8878234806,110.9037256595,98.2281613575,99.9928195125,103.5061698652
128,7289,109.9203706975,110.9388074179,100.4554232756,102.386864507,102.1146512927
128,7290,109.9267700413,110.939234459,100.7253184418,101.1230352991,101.3633531844
128,7291,109.9551487573,110.9392799032,100.8552200035,100.4918024327,101.3373978428
128,7292,109.9687870451,110.9417485659,101.7152859347,101.6734898343,101.1980947377
128,7293,109.9871019499,110.9494373019,99.623768628,101.9019116141,103.0202866479
128,7294,109.9972469468,110.9494373019,101.1015909928,101.232716815,101.4802441337
128,7295,110.0273282055,110.9503028876,102.2449003152,101.3308722547,102.0429680668
128,7296,110.0353526916,110.9503293068,99.6318882663,100.4790824808,102.1285288465
128,7297,110.063463159,110.9503300836,100.4015354833,99.7394271555,101.7818815287
128,7298,110.0703421915,110.9821676649,101.1310624646,99.1667799118,101.8518604696
128,7299,110.0823636449,110.9821930095,100.489493652,101.754051583,103.1116094743
128,7300,110.125859678,110.982366843,100.9285960845,101.7301102093,102.5920166692
128,7301,110.1477123691,111.0598995707,101.952573442,101.2959163566,101.7391231485
128,7302,110.1568479116,111.060337805,99.7991273274,101.6098001545,102.5140320553
128,7303,110.1769650156,111.0665289159,100.2203760659,100.9420992063,101.1681352841
128,7304,110.1857736136,111.0665293326,99.781513243,102.6474887682,102.3903605448
128,7305,110.2011910572,111.0679153169,99.1417850797,100.9630498983,101.8833445036
128,7306,110.2137870724,111.0679154865,101.238558916,103.5329489199,102.7268730859
128,7307,110.2407363666,111.0690313687,101.0358095625,100.358039422,103.2474988121
128,7308,110.2649107098,111.0690325222,99.7414331427,101.3440490886,102.9828212419
128,7309,110.2697464191,111.069600543,101.6519257365,101.8118326243,102.1772086001
128,7310,110.29369905,111.069600543,101.8893991029,101.9585714716,102.2504071378
128,7311,110.3189624783,111.0696005855,99.7823848469,101.9291594907,104.2898489463
128,7312,110.3444836478,111.0696006604,101.4246240641,101.5381058763,102.3796511946
128,7313,110.3588726594,111.0696006604,100.6921588016,101.2093404652,101.7936647495
128,7314,110.3701878328,111.1238674085,100.4562612106,101.7253062473,101.3363355623
128,7315,110.3781007978,111.1240102084,100.9644617661,99.5228247113,103.3214774591
128,7316,110.4154586973,111.1240120876,100.347636174,101.637213478,103.1629314604
128,7317,110.4224080428,111.1254678155,100.9653520242,103.1820054373,102.9878866938
128,7318,110.4467516522,111.12656872,102.2080103544,102.1787614111,103.1086531237
128,7319,110.4677079982,111.1267276786,100.5680865445,101.4154193152,103.5694769286
128,7320,110.4749956301,111.12686958,100.1093104376,99.3810722596,102.7261282819
128,7321,110.4938128514,111.1542435695,102.0794954082,101.9157801948,102.7116480434
128,7322,110.5102558852,111.1542435695,99.7350842338,103.1967935268,102.4111657134
128,7323,110.5213810217,111.2126206278,101.5738971425,102.5212358052,102.9232545463
128,7324,110.5301575614,111.2128037958,101.1957719826,100.2457625077,104.5290915887
128,7325,110.5355104176,111.2128037958,100.9732798476,101.78321072,102.6736372926
128,7326,110.5541947552,111.2128039565,101.6967658433,101.0029115098,102.5415550183
128,7327,110.5897809473,111.2128041635,101.738838426,100.5894472755,102.6866224204
128,7328,110.6082246803,111.2128041635,100.9148837527,102.1118563678,101.7074507166
128,7329,110.6183990531,111.3551645529,101.4348002547,101.0951476759,101.9221887548
128,7330,110.6277025047,111.4058057503,100.3644465213,101.2428349832,102.1534405169
128,7331,110.6506711189,111.4058058493,98.6552515148,101.0083105449,103.5513337703
128,7332,110.6541779926,111.4180497399,100.3625234806,100.8061418533,101.4826585487
128,7333,110.6899920535,111.4180497464,101.0360381856,102.5445753436,102.4498345784
128,7334,110.7055690241,111.4342933162,100.2269017071,102.3411013651,101.3626283608
128,7335,110.7387068964,111.4342933164,101.9067911112,102.2590501434,102.1144719112
128,7336,110.7677617484,111.434293453,100.8493957336,100.6304294543,103.6509926513
128,7337,110.7799864006,111.4981347576,101.9457515294,102.0805706474,101.4745935107
128,7338,110.8063556843,111.611221246,102.7016798218,102.3630081916,102.0255698591
128,7339,110.8084399777,111.6112212462,99.7869468921,101.6171918108,100.8274303135
128,7340,110.8288447391,111.6112212463,99.8197480159,101.8025201365,102.3347519495
128,7341,110.8567145659,111.6112212464,101.3567015726,101.7469617609,102.3324197241
128,7342,110.8675538298,111.7443991357,101.759763732,101.7414141638,102.8890884634
128,7343,110.8743576173,111.7595018795,101.6023590324,101.8172262625,102.6090014207
128,7344,110.8975027742,111.8346198006,100.8075794743,100.4209314862,102.1146097598
128,7345,110.9250486184,111.8346203224,102.5192888523,101.3846170086,102.6058168975
128,7346,110.9692675059,111.8819149927,99.8204834868,100.7639500185,101.9418035936
128,7347,110.9861151822,111.8819367025,102.4191227966,102.120194033,102.8010377596
128,7348,110.9982025773,111.9125132275,100.9242668626,101.7492271916,102.4018132118
128,7349,111.0236589915,111.9165393573,100.2376956397,101.4588067729,103.1989551259
128,7350,111.0371340362,112.0145144051,102.3502477008,103.1400972424,102.1065636458
128,7351,111.0506552341,112.0145144126,103.5511912429,101.9747625092,103.1906151434
128,7352,111.0857197827,112.077784451,102.3851649861,101.7415242975,103.2323203128
128,7353,111.0925105538,112.153860685,102.3031481451,103.0996449324,103.3798431433
128,7354,111.1190455626,112.1559836737,103.0488425279,100.6991120632,103.1797098766
128,7355,111.124711746,112.1560674193,100.7603028872,101.9034891631,103.4857434854
128,7356,111.1665614308,112.1570945901,102.9387089101,101.7671185865,102.3378753994
128,7357,111.1760991315,112.1571251598,101.9426905356,102.7317907184,102.7412092374
128,7358,111.2000859804,112.1571252144,102.0808334457,103.0208665073,103.8754494275
128,7359,111.2054883949,112.1575928694,101.8132109983,102.0064682871,102.1603505105
128,7360,111.2273349244,112.1687575908,102.0974243718,103.2507463909,101.2820171175
128,7361,111.2444656818,112.1852376315,102.4721658261,102.521133661,102.9063564076
128,7362,111.2630133541,112.1852378518,103.3087355622,101.1333528248,102.8355282783
128,7363,111.2766639227,112.1852385038,102.661706804,101.8173358497,103.0107492277
128,7364,111.2814822391,112.1853741532,103.0932491355,102.4387684256,102.0700440325
128,7365,111.3037839517,112.1853741532,100.5339052763,102.939130502,103.1584355465
128,7366,111.3320886588,112.1982108852,103.4368873474,103.0255736381,103.0153751883
128,7367,111.3391192961,112.1982438239,101.8442449617,101.2872020078,102.4990005812
128,7368,111.3706643509,112.1982438533,100.924910318,102.7662949522,103.7978255634
128,7369,111.3787887842,112.1982480003,100.8079206804,102.4664354749,104.342354306
128,7370,111.4003351303,112.1982480421,102.6319144961,103.8998740767,102.0404854053
128,7371,111.4159413621,112.1983450045,101.9154105817,103.6414634514,103.020067722
128,7372,111.4177780471,112.1983483035,102.4613065058,102.0432772534,102.6685612724
128,7373,111.4395902066,112.2376574525,101.6457571158,103.111240261,103.9339763061
128,7374,111.4525775815,112.2379610788,100.8449595205,102.7928977916,103.9008543118
128,7375,111.4572686343,112.2379612445,102.3962212633,102.6856170275,102.9915652086
128,7376,111.4913794681,112.2379817764,101.6525284515,102.5729261489,103.1654293593
128,7377,111.5069642971,112.2379817764,102.7528253039,104.0011175019,103.6599460447
128,7378,111.5096861543,112.2379817769,102.9395119385,102.5285480942,102.2045824387
128,7379,111.5351464719,112.2379817779,102.5541856722,103.5651139997,103.9555970825
128,7380,111.5612004966,112.2379817779,101.2845734386,103.5386151827,102.2560599918
128,7381,111.5705344162,112.2379817779,102.5890054975,102.1254793783,103.812899034
128,7382,111.5824570823,112.2379817779,102.6848827205,103.2321395205,104.0140404629
128,7383,111.5977430689,112.2379817779,101.7449758562,102.4892390885,103.6863475184
128,7384,111.6112352772,112.4639766267,102.3966096207,102.9924655852,103.0219224463
128,7385,111.6256230786,112.4639766267,103.1236252041,102.0942167082,104.1119435391
128,7386,111.6550838799,112.4823659556,101.7946515197,103.1615876814,103.9214434143
128,7387,111.673781518,112.485180737,103.6947297594,103.5846953013,103.2360012307
128,7388,111.6846087037,112.4877049233,100.7316039137,101.3165168179,103.84401882
128,7389,111.7223359826,112.4877049233,102.2485453047,101.6906285265,103.4460374083
128,7390,111.7353425158,112.5162985582,102.0879722284,102.6412421895,103.7317257657
128,7391,111.7551773607,112.5281382963,103.5335770926,103.3713621564,103.9929145238
128,7392,111.7640471336,112.6399038811,103.3513591446,103.481849572,102.3953350645
128,7393,111.7765259079,112.7341962646,103.2422024252,102.271147452,104.2120740853
128,7394,111.7908088669,112.7360215855,102.5897299168,102.8437784305,104.4965385026
128,7395,111.8110333677,112.7360236178,103.6327562045,102.4667306175,104.884773039
128,7396,111.8350477782,112.7364619588,102.1383392466,103.3689912809,102.2983254769
128,7397,111.8617851331,112.8051570272,103.1654034228,102.5539127352,103.5849283426
128,7398,111.8734623712,112.8055867923,103.1398780636,103.3734767386,102.9635727301
128,7399,111.8871273122,112.8260298495,101.9703180833,102.8093063181,102.787905326
128,7400,111.9122901164,112.8261117247,102.5871674276,101.4657872873,104.362251239
128,7401,111.9240650905,112.8261117662,103.2817942371,102.3701220203,103.8277158721
128,7402,111.9452107675,112.8261117768,102.8468962994,103.1447634522,104.2675364118
128,7403,111.9506204799,112.826127504,102.3911803973,103.051115564,104.1868785909
128,7404,111.9523422439,112.8261275105,102.2357700599,103.086597424,103.7436824452
128,7405,111.9762284783,112.8261275307,103.6533525617,103.2301079775,104.4274486106
128,7406,111.9992688943,112.8436252158,102.8667161933,103.0589557166,104.3104173145
128,7407,112.0168887308,112.8472808695,103.1665583444,103.5005255653,104.5769888092
128,7408,112.0277592729,112.8472981197,102.4056161067,100.1819918199,104.6277320697
128,7409,112.0301281038,112.8475157629,103.1776311441,103.4055496982,104.1468283053
128,7410,112.045938874,112.8475413911,102.8585954717,103.256275653,104.766994654
128,7411,112.0474466072,113.0163411134,102.9339178659,102.5902460283,103.5015161287
128,7412,112.0809770279,113.063850247,102.8671185661,104.2054132062,104.2413028108
128,7413,112.0989463516,113.0669434449,102.8257774218,103.2839627619,102.0426858319
128,7414,112.1358851633,113.0669434458,103.1145089573,101.8248752952,104.9264646596
128,7415,112.141419399,113.2084156064,102.0040349873,103.3059792674,102.2925008966
128,7416,112.1710308646,113.2088798881,103.419393884,104.1461166983,104.0331772353
128,7417,112.1898095203,113.2088803975,104.4259369813,104.2635278922,104.5949877333
128,7418,112.1994473156,113.2306701729,103.138065996,102.6771697096,104.2294330755
128,7419,112.2187623961,113.2322023804,103.80239198,101.8093384689,104.4135397654
128,7420,112.2263684776,113.2344587815,102.4634532381,103.5559137997,104.6270405042
128,7421,112.2522678623,113.236884672,102.837099708,102.4170664413,103.5941271493
128,7422,112.2700521044,113.236884672,103.9099649025,103.9759886657,104.1908752722
128,7423,112.2887570448,113.236884672,103.9807650535,103.8328658052,105.1016302094
128,7424,112.3065525584,113.2393307642,103.0606666603,103.9387772948,103.2334461937
128,7425,112.3330548772,113.2427371208,103.3003343232,103.1287442181,103.8703468438
128,7426,112.340509893,113.275051781,103.346458859,103.2552984473,103.2236919032
128,7427,112.3582181575,113.2751054289,103.4295065672,102.6887976398,105.5338973028
128,7428,112.3787196208,113.2923235148,103.4721245649,104.5956749062,103.384979129
128,7429,112.4058238069,113.3722741496,103.2995711449,103.4686762225,104.5010457629
128,7430,112.4108449658,113.3773155979,103.9971013,104.0908524664,104.2346508054
128,7431,112.4228650737,113.3773155979,103.4830536404,103.6991688168,104.2203366323
128,7432,112.4648914793,113.3773155979,102.5344552596,103.7005029227,103.7543562102
128,7433,112.4834143182,113.3776825837,103.8913577217,103.4948485342,104.1039822061
128,7434,112.5002631074,113.3776825837,102.5494832608,103.1185396715,104.434027467
128,7435,112.5122597823,113.3776825837,104.7344387514,104.7140334677,105.0376665774
128,7436,112.5282458371,113.3776825837,103.1377036963,103.1436383674,104.2975217933
128,7437,112.5426855529,113.4205518573,103.3288909907,104.8202559283,103.8473399517
128,7438,112.5552664563,113.5506927815,104.5969048833,103.2735420368,104.9081553655
128,7439,112.5657732732,113.5506927815,103.1220269694,104.1168061257,102.8408376939
128,7440,112.5815604177,113.5575478769,103.7167130023,102.2206350148,104.5357833101
128,7441,112.6043672307,113.5575478769,102.2800693558,105.5797880693,102.2983173288
128,7442,112.6136488693,113.6979812179,104.9439325657,103.9719019367,104.7753138273
128,7443,112.6254803995,113.7263631924,104.2130932169,103.6850345538,104.5326905669
128,7444,112.6350054683,113.7263631924,103.6133162256,102.7228123417,105.0083483337
128,7445,112.6542437872,113.7375102639,103.0193659927,103.7305766654,103.6958969767
128,7446,112.6931402885,113.7375102639,104.3230553675,103.7354071917,105.2013553
128,7447,112.7043717977,113.7375102639,103.0311131219,104.0644783595,104.2653281534
128,7448,112.7380635058,113.7375102639,104.5110905692,103.0364680336,104.8875903616
128,7449,112.7513481101,113.7375102639,104.096494512,103.7495011029,104.0581485021
128,7450,112.7684099321,113.7375102639,103.3725589216,103.8870598396,103.2941187757
128,7451,112.7811803863,113.7375102639,104.69995004,103.9119695818,104.1049891339
128,7452,112.8171806737,113.7375102639,103.018786207,104.5016897076,104.8727681057
128,7453,112.8237292437,113.7375102639,103.8603937625,103.7231252077,105.472724778
128,7454,112.8425101497,113.7375102639,104.2438264428,104.1196970385,104.5793087906
128,7455,112.8479150351,113.7375102639,104.2911743219,104.2873066575,104.1307071641
128,7456,112.8652586041,113.7375102639,104.3317974099,103.6928437098,103.8922266439
128,7457,112.8940132347,113.7375102639,103.7578414474,104.8825216992,104.5191425976
128,7458,112.9198273482,113.8990294279,104.6017269458,104.4163235942,104.9997083405
128,7459,112.9218026631,113.8994111618,104.6253765534,104.4779272658,104.9862411709
128,7460,112.9376507132,113.8994111618,104.4643115358,105.1241700854,105.324972295
128,7461,112.9753063854,113.8994111618,105.312488652,104.3772510255,104.5017433153
128,7462,112.9810283819,113.8994111618,102.2502207727,104.3898962675,104.5133460992
128,7463,113.0024524389,113.8994165272,104.3026680215,104.4345960442,104.6646264125
128,7464,113.0072928291,113.8994169119,104.7536169784,104.1044560591,104.8306387866
128,7465,113.0388998589,113.8997133408,103.1914667253,103.7613105224,104.9960198383
128,7466,113.0518606309,113.9063051304,104.5676144258,104.7281044236,105.3681737876
128,7467,113.0563664359,114.0123559778,104.5541193079,103.8675713361,105.1391045157
128,7468,113.0771431495,114.0123559778,104.1796009887,104.9014129223,105.5217368386
128,7469,113.0817131649,114.0123559778,105.3059350786,103.9927971567,104.5523295748
128,7470,113.1034231008,114.0123559778,101.5975387915,104.7172324718,105.1437545565
128,7471,113.1096422284,114.0123559778,103.0220548863,104.1214418667,104.6352721654
128,7472,113.137059559,114.0124658985,103.8119086589,104.0586601801,105.8265111807
128,7473,113.1483992309,114.0124658985,104.6030936148,104.4693793859,103.2411606541
128,7474,113.1773340331,114.0124658985,104.0951491147,104.4116725746,105.179484632
128,7475,113.1844502598,114.0124658985,105.0196026718,103.5431318377,105.4235314128
128,7476,113.1988044713,114.0125815267,104.1545892655,103.9754359146,105.5118464164
128,7477,113.2241458069,114.0209080175,104.6367149992,103.915573681,106.485109091
128,7478,113.2448539154,114.0763396314,104.9459449822,104.9728645486,105.7806467002
128,7479,113.2687810525,114.1370874922,104.9727498791,105.495394298,104.733618273
128,7480,113.2847770937,114.1548563246,104.5107288941,104.003154069,105.8676178954
128,7481,113.3162323476,114.1650428185,104.5259675768,103.9250672746,103.7880146006
128,7482,113.3408718443,114.1650428185,103.5441774711,103.7158034487,103.7639893672
128,7483,113.3652630589,114.1650428185,102.4950632828,105.0708963114,104.2819040403
128,7484,113.3716817143,114.1650428185,104.6076867306,104.0743815577,104.5117384608
128,7485,113.3845181704,114.1732972475,104.8783685137,103.557293508,105.6215835908
128,7486,113.4068714326,114.1732972475,105.0710279167,104.6570146667,105.5116660072
128,7487,113.4120998933,114.1732972475,104.864596352,104.7005856832,105.3762901441
128,7488,113.4415112001,114.1732972475,105.4047372988,105.1095384855,105.5651721457
128,7489,113.4607737768,114.4146496672,105.375445632,104.1834847683,104.2497027928
128,7490,113.4652390185,114.4210748066,105.3984549111,104.6447751512,105.5033367377
128,7491,113.5052651364,114.4211960858,104.7172953006,105.1229079659,104.6805249392
128,7492,113.527603142,114.4232270829,105.9913147492,104.4545549955,104.1298984886
128,7493,113.531070756,114.4232270829,106.005926238,104.2596875526,105.1792244961
128,7494,113.543264726,114.4232270829,104.5025672502,105.7469462433,105.289250967
128,7495,113.5457345332,114.4904533757,103.8873596697,103.5840405018,105.6331602863
128,7496,113.5645279362,114.4904533757,102.8528101329,105.6835944142,105.3403982665
128,7497,113.587604383,114.4926694756,105.1494773901,104.5944467236,105.1821432382
128,7498,113.6210052145,114.4927112084,103.9134334654,105.3484445515,105.8763079216
128,7499,113.6303104992,114.4927514086,104.6214753778,103.3274462169,105.6950069561
128,7500,113.6596122167,114.4927514086,105.681644112,104.3378247703,105.5735537448
128,7501,113.6830904548,114.4927514086,106.0818877072,105.1075978449,104.7828986461
128,7502,113.6971196084,114.5026996111,104.6752354137,105.5677014424,105.9585951721
128,7503,113.7089927282,114.5026996111,105.4214499229,105.3834174525,103.7948332991
128,7504,113.7336314185,114.5098467832,104.4432772477,105.1076941612,105.5938605883
128,7505,113.7421509047,114.5127695097,105.7253189462,104.6221813184,104.9741076144
128,7506,113.7738056557,114.5527412942,105.9592973742,105.5816198825,105.3648850828
128,7507,113.7935519463,114.5545834096,105.0438639552,105.057158544,105.9332185311
128,7508,113.8046243115,114.6297259845,104.7230931759,104.5499778069,104.9836122228
128,7509,113.8289776485,114.7460074373,105.9102480629,104.3949367552,105.4914641994
128,7510,113.8421365376,114.7460074373,104.3553098546,105.4635221499,105.6109177668
128,7511,113.8557213613,114.8092301275,105.3931468092,104.0832434713,103.339357789
128,7512,113.8745775632,114.8092301275,104.2766511855,102.7125269429,105.7412750774
128,7513,113.9000710895,114.8092301275,104.8826369039,105.3232002638,105.7679983422
128,7514,113.9226791946,114.8092301275,104.6384470899,104.7837895822,104.4835668787
128,7515,113.9351923892,114.8092301275,104.6327308256,105.3035717594,104.8180958944
128,7516,113.9393504262,114.8650165977,104.7216023641,103.8191403195,105.5925271942
128,7517,113.9623719981,114.8650165977,104.9620545355,104.578044849,105.514578883
128,7518,113.980713717,114.9072063978,105.8331567991,104.5770785932,106.651911563
128,7519,113.995660893,114.9072063978,105.4773461173,105.4326182125,104.8863436439
128,7520,114.0169591692,114.9072063978,106.2924390829,105.4300757657,103.7219180862
128,7521,114.0618281505,114.9072063978,105.5457645833,104.3302444052,105.8720308423
128,7522,114.0676420893,114.9197480111,103.4532771671,105.6931296274,105.8213104425
128,7523,114.086887785,114.9197495724,106.0458261227,105.3477695682,106.4059815718
128,7524,114.1044087337,114.9197495724,104.9506328293,105.16625479,105.4124411043
128,7525,114.1231204148,114.9262816513,105.413517188,105.2224327684,105.9919119114
128,7526,114.1373381972,114.9262816513,104.7571958657,105.475121937,105.3300758848
128,7527,114.1700073443,114.9265496433,105.6080190413,104.4308684968,106.1112546568
128,7528,114.1989973539,115.1876634355,106.8520245316,105.8437389936,107.2616608087
128,7529,114.2285225689,115.2366254545,105.5647082544,105.5586275658,104.7613128461
128,7530,114.2485169787,115.2676003056,104.644850496,106.1086117464,106.1105109065
128,7531,114.2543698704,115.2676005057,105.3260235881,105.0270104231,105.2679066643
128,7532,114.2733936877,115.2676016378,105.5039532169,104.7790507036,106.6462856571
128,7533,114.2801974245,115.2676016563,106.5725697174,103.9284820001,105.2402436645
128,7534,114.309149477,115.2676031006,106.8810064191,105.0742329952,105.6907134286
128,7535,114.3163906256,115.3183700941,106.0969106547,105.4489352097,106.9340657876
128,7536,114.3327419605,115.3225560768,105.2583025297,105.2112863938,105.5568754068
128,7537,114.3431758906,115.3279583191,104.3212436516,106.1045920713,105.8513302211
128,7538,114.3585814018,115.3373013841,106.2836369769,106.2997122033,105.7650110923
128,7539,114.3805775627,115.3373013841,106.6424136209,104.8539064878,106.9475637644
128,7540,114.3963280371,115.4126117659,106.3178085924,105.2449501998,104.2389206747
128,7541,114.4006584595,115.4126117659,105.7732830267,104.8377320842,104.1092336622
128,7542,114.4396430664,115.4126615176,104.9838800932,104.964945217,106.4741927885
128,7543,114.4515094538,115.4126615176,105.2008107113,104.7063330591,106.3555774375
128,7544,114.4681617019,115.4165157773,105.801611455,105.5616024138,107.345722087
128,7545,114.4901649555,115.4165157773,105.2465314831,106.7829991913,106.1672731389
128,7546,114.526932468,115.4165157773,104.8216890485,106.0959656152,107.071819406
128,7547,114.5320737361,115.4165157773,105.0559265981,106.0464292146,106.5831747342
128,7548,114.5578119854,115.4165157773,106.3660164106,104.8989094721,106.3719949308
128,7549,114.5750919076,115.418011438,105.3166796889,106.1242913424,106.9316260959
128,7550,114.5856244564,115.4180118774,105.0399517422,106.4878877534,106.0972922031
128,7551,114.6028226334,115.4180118774,106.3279639709,105.3038285476,107.0520631371
128,7552,114.6153309622,115.4408789103,107.364366979,105.1562302291,105.4852189897
128,7553,114.6376566439,115.5272061987,106.5250297982,104.53652937,105.2477649245
128,7554,114.6609470553,115.5272061987,106.2158157117,105.2232111861,106.7101795018
128,7555,114.6744720587,115.5476965101,104.5667095855,105.4049435496,106.1412987648
128,7556,114.7327021275,115.6621578622,105.8117773939,105.7583491398,104.8666899006
128,7557,114.7390116984,115.6666515461,105.8150901018,105.0183966158,106.8049967546
128,7558,114.7651381078,115.7630820247,106.2309710678,106.4481946586,104.6215755985
128,7559,114.7872932143,115.7630820247,103.497415743,105.6004654064,105.1448481812
128,7560,114.7991128204,115.7630820247,106.1172543341,105.2960542202,107.0863111781
128,7561,114.8111133333,115.7630820247,107.2732427311,105.4925565273,105.5634575627
128,7562,114.8368461109,115.8042967697,106.4246853585,105.87167146,105.8623999734
128,7563,114.8525365466,115.8042967697,106.7735537962,106.7102385394,105.5653645285
128,7564,114.8701378178,115.804395307,104.885964949,105.6363193333,105.8748231359
128,7565,114.8962965111,115.804395307,106.6444674527,106.3115875608,105.1504260409
128,7566,114.9209490043,115.804395307,105.6991914212,106.0191604685,106.4592322071
128,7567,114.9531125785,115.804395307,106.4063645043,106.0779473591,106.1366589359
128,7568,114.993895948,115.804395307,106.7064853925,106.4613247779,106.1221653744
128,7569,115.0077160232,115.804395307,106.1929731709,107.1893044937,105.863163735
128,7570,115.0352955969,115.804395307,106.5244930192,104.8395298034,107.0615864448
128,7571,115.0552371693,115.8288310967,106.0070926874,105.6561745212,106.6694196003
128,7572,115.0820070513,115.8288310967,105.9525379455,105.7663159004,107.1893796095
128,7573,115.0899566644,116.0323601875,106.457673743,106.0396288398,106.3226253536
128,7574,115.1087642866,116.0323601875,107.6314082022,106.0357922135,106.6383320039
128,7575,115.1274580239,116.0323601875,106.3129518257,106.3230510687,106.5315912482
128,7576,115.132154267,116.0323601875,107.2961627031,104.7357473986,107.1696247278
128,7577,115.1524304598,116.0635834078,106.7268838299,106.5969913118,105.6650052588
128,7578,115.1562957953,116.1823106308,107.5555975714,106.5827353473,106.9474784033
128,7579,115.1660149466,116.202785533,107.4044950921,105.7121215059,107.1394398306
128,7580,115.1797292508,116.202785533,108.0085375399,104.4570949416,105.8316862762
128,7581,115.2209952868,116.202785533,107.5600816732,107.1290989927,106.3896015731
128,7582,115.2335173497,116.202785533,106.4198486742,106.6231172591,104.5800035281
128,7583,115.2573571507,116.202785533,107.5004838648,106.7298161352,107.1593356492
128,7584,115.2678543382,116.202785533,107.5416888612,107.5776692838,106.1637607125
128,7585,115.2784761823,116.202785533,107.433616371,106.2368833426,106.1668505604
128,7586,115.2859774401,116.202785533,107.3951460522,106.726916055,105.1122933068
128,7587,115.3204394308,116.202785533,107.6364775971,104.08413607,105.4171759095
128,7588,115.3439061051,116.202785533,106.7961110479,106.3020921728,107.7127489387
128,7589,115.3621453834,116.3057276273,106.8228391842,106.3806016233,107.7944227907
128,7590,115.3758749319,116.3122339983,107.3272538516,107.1849821932,107.2605771699
128,7591,115.386747937,116.3122339983,105.9217916516,105.9045799052,106.3936216001
128,7592,115.4005216434,116.3122339983,104.3920131505,105.7824939502,107.0360766222
128,7593,115.4151593756,116.3122339983,107.3017273818,106.5314900766,106.7162802455
128,7594,115.440369255,116.3122339983,106.5336619981,106.5516661187,106.5186629495
128,7595,115.4526389593,116.3122933639,107.0808892353,106.8348683871,106.7721411959
128,7596,115.4605481768,116.3122933639,105.7869419985,106.134822004,106.2314527354
128,7597,115.4895385924,116.3124069102,106.5205551681,106.6441981835,106.4854602775
128,7598,115.4926692864,116.3124069102,107.1832725979,106.9238133483,107.549889615
128,7599,115.5262405775,116.3124069102,107.012282686,106.4998513206,107.9183481318
128,7600,115.5679049191,116.4527971918,106.4777599289,107.4078149044,106.9039893635
128,7601,115.5795180746,116.4710968016,107.4179076104,105.2797900687,107.0274563153
128,7602,115.5852551757,116.4786531019,107.827388975,106.368873967,107.6720859351
128,7603,115.5963457609,116.4786531019,108.5673899707,107.485769935,106.9069218404
128,7604,115.6216394602,116.4786531019,106.9992453465,106.1993057571,107.3571194717
128,7605,115.6432295318,116.4810952529,107.1385639312,106.4056154845,107.6117078129
128,7606,115.6560421926,116.4810952529,105.8262487102,107.2439561908,106.5072964322
128,7607,115.6675290527,116.4810952529,106.1902004194,106.8253803064,106.6178143925
128,7608,115.6961042344,116.4810952529,107.6375663231,106.1860176267,106.9602401415
128,7609,115.7046562288,116.4810952529,108.4828970568,107.2077920045,108.0448028007
128,7610,115.7127786568,116.4810952529,107.4479679523,106.6820323298,107.969901587
128,7611,115.7393766267,116.4810952529,108.2935032979,107.3311289933,107.146364216
128,7612,115.7598865462,116.4810955279,106.364238735,106.0149441435,104.6769708359
128,7613,115.7969808154,116.4810955279,106.928515723,105.3694606545,105.740809625
128,7614,115.8020506761,116.4810955279,106.6887436254,107.2714088653,107.3721088938
128,7615,115.8494449232,116.6725865956,108.4683481385,106.1629096739,108.1680405041
128,7616,115.8637952025,116.6725865956,107.7435436012,107.0535325257,105.7642657959
128,7617,115.9005274593,116.7725282373,106.9511505897,108.2434487157,106.4451445491
128,7618,115.9139469273,116.7725282373,106.7759526261,105.6502805138,107.1346616251
128,7619,115.9266431775,116.8301306044,108.0773730548,106.7276125669,108.0101429516
128,7620,115.9500917707,116.8301306044,107.3408479027,106.9439161784,106.1329938557
128,7621,115.9625575808,116.8301306044,107.1384387254,106.1626231411,107.0548097439
128,7622,115.9824976013,116.8301306044,107.5743387436,107.0861733664,107.9265201954
128,7623,115.9999291386,116.8301306044,107.0715023978,107.5760324557,108.153209241
128,7624,116.0093108258,116.8301306044,107.3542620124,106.5762049951,106.3702006153
128,7625,116.0333579761,116.8301306044,107.75982111,106.755673628,107.8684973399
128,7626,116.0478800228,116.8301306044,106.6545844606,107.0291577252,107.8380106739
128,7627,116.0599234684,116.8301306044,106.9027073028,107.0633118974,106.1980642484
128,7628,116.073108736,116.8301306044,107.03419002,107.3838476559,106.7154111984
128,7629,116.096837077,116.8301306044,107.1664493679,106.6109985934,107.4766315509
128,7630,116.1068827928,116.8301306044,108.0745761117,107.8210337805,107.227928708
128,7631,116.1280665618,116.8301306044,108.9576795945,106.6809677405,107.308637312
128,7632,116.1457834302,116.8301306044,107.9218395337,106.7950944162,108.2167597127
128,7633,116.1699109335,116.8301306044,106.595480137,107.7568080434,106.9043904013
128,7634,116.184525587,116.8486118929,107.7253987219,105.585444623,105.867810337
128,7635,116.197073729,116.8486118929,108.4165429046,107.5749817252,107.5601922461
128,7636,116.2171406426,117.0109071753,107.8144547836,107.6385966566,108.4031672994
128,7637,116.232949576,117.0109071753,107.7350288704,107.9911081041,107.8181940559
128,7638,116.2690439091,117.0109071753,106.9479512741,107.3414013976,108.1185260686
128,7639,116.2900973071,117.0109071753,108.1129828267,107.500742251,107.7996019747
128,7640,116.2944334111,117.0109071753,106.6224181986,107.0053448143,108.337138405
128,7641,116.3073437011,117.0109071753,108.6686459817,107.8566567041,108.0628264354
128,7642,116.3237250152,117.1241284468,109.3672763728,107.8466845058,106.6278285192
128,7643,116.3539830482,117.139216921,107.8070638496,106.7361304457,106.911770163
128,7644,116.3806860825,117.2144825071,107.5847193238,107.5297981177,108.2165597228
128,7645,116.4167899055,117.2144825071,108.7243878082,106.995051247,107.9559149168
128,7646,116.4261702777,117.375844826,108.1727685073,107.2545008368,107.2798660664
128,7647,116.4366939627,117.375844826,108.1347136155,108.4230890373,108.1191235279
128,7648,116.4389630487,117.375844826,107.8153560037,107.2562462135,106.8712606528
128,7649,116.4718699836,117.375844826,108.2527762788,108.0291044052,108.4662537994
128,7650,116.4982332427,117.375844826,107.9176158633,107.7737156831,107.6971691543
128,7651,116.5156084832,117.4117455105,108.9291234545,108.8475616508,108.9080315157
128,7652,116.5330164711,117.4117455105,107.5016929255,107.9768502716,108.3060644784
128,7653,116.5480623232,117.4117455105,108.2791713365,107.8519388595,108.5712137727
128,7654,116.5574320887,117.4117455105,109.4233273657,105.6571505725,106.7844581099
128,7655,116.5855168117,117.4117455105,108.5452260735,107.9232963795,107.5219098635
128,7656,116.600645681,117.4117455105,109.1296520972,108.2751494074,108.4623689705
128,7657,116.6345988828,117.4117455105,107.6302870338,107.7012514512,107.524956687
128,7658,116.6583343244,117.4117455105,109.2901411672,107.8549037155,109.2645530005
128,7659,116.6614584185,117.4117455105,108.2975910718,108.5416160389,107.9465742711
128,7660,116.7134709193,117.4117455105,106.1440182855,107.8406608518,107.8988548088
128,7661,116.7330470359,117.4117455105,109.0446076491,107.7174974439,109.0907719421
128,7662,116.7592254488,117.4117455105,107.5481038913,108.0273560357,108.1896846403
128,7663,116.7696456076,117.4117455105,109.6066404488,107.9707100268,108.3578466399
128,7664,116.792035577,117.4117455105,108.1182347339,108.2588756588,107.8357344393
128,7665,116.8024539028,117.4265854095,109.0656840225,109.4015771953,108.7034485951
128,7666,116.8115097311,117.4753938894,108.2467514771,108.1647493951,108.6413855872
128,7667,116.8208338517,117.4753938894,108.6421564236,107.5059819243,108.4129910954
128,7668,116.8536123037,117.4792386597,108.9987342992,107.0718004269,108.0708506386
128,7669,116.8709659643,117.4836949988,108.6858336186,107.1107399748,107.9324565944
128,7670,116.8905582956,117.4836949988,108.9456536772,107.8886253982,109.3781947811
128,7671,116.8967442884,117.4836949988,109.201848536,108.2948692607,108.5408056633
128,7672,116.9161227125,117.4905010617,108.9867268433,107.3580923455,109.269898449
128,7673,116.9618195514,117.4905010617,108.1867424626,107.8243518628,108.0012407914
128,7674,116.971554959,117.4905010617,107.8107372428,109.1190517594,108.3108430358
128,7675,117.0005873858,117.4905010617,108.5605090853,107.2797418483,107.3237181536
128,7676,117.0236716511,117.4905010617,107.0889582342,107.1132998818,108.298459104
128,7677,117.0432250727,117.4905010617,108.327124844,108.0316830103,108.1805666995
128,7678,117.0545215792,117.4905010617,109.8835342431,108.6755803891,108.074658325
128,7679,117.0687143333,117.6788814439,109.5891572276,107.4265285899,107.949155822
128,7680,117.0850250235,117.6788814439,109.5302832493,109.0319962748,108.514840712
128,7681,117.1025004352,117.6788814439,108.2203988206,109.2757366072,108.8248699023
128,7682,117.1044961879,117.6788814439,108.8919168161,107.6071652538,107.5741985267
128,7683,117.1188366052,117.6788814439,108.7943793553,108.9035212275,108.0844216307
128,7684,117.1360662,117.7034609078,108.2038154075,107.4258413483,108.0324020931
128,7685,117.1619280748,117.7319546734,108.7453733334,107.275144513,108.8482133475
128,7686,117.1810609764,117.7319546734,107.674000679,107.848061696,108.6956216335
128,7687,117.1961405646,117.7319546734,108.3195951281,107.5878209877,108.0309263073
128,7688,117.2117076009,117.8783561431,109.6389114757,108.5566879149,109.2349831401
128,7689,117.2373869948,117.8783561431,109.3236925204,108.891475033,109.655495185
128,7690,117.2687314313,117.8783561431,107.5123184574,108.0739325529,106.9551809745
128,7691,117.2705603987,117.9123983172,108.1242194289,107.617146607,107.7987375905
128,7692,117.3136173767,117.9517928724,108.9561394115,109.0924985361,109.2837395951
128,7693,117.3235127277,117.9517928724,109.6001574793,107.6355855822,108.4924928519
128,7694,117.3505487773,117.9517928724,110.3269417751,109.2934011814,109.1593190044
128,7695,117.3575303779,117.9517928724,108.3109389001,109.1424898969,108.6653787611
128,7696,117.3774418595,118.0170855144,110.4212721276,108.3705456215,109.560377991
128,7697,117.3900024909,118.0170855144,108.846645897,108.8342067054,109.1607001243
128,7698,117.4059583193,118.0170855144,109.4367460131,108.784206368,109.0121924203
128,7699,117.4252561303,118.0170855144,108.8763649147,107.9614516694,108.4894380104
128,7700,117.4357353212,118.0170855144,110.0309015909,109.2370365724,109.8002857681
128,7701,117.454871482,118.0308394823,109.5137486541,108.1417139672,108.603032315
128,7702,117.4700700771,118.0308394823,108.1308467158,109.1486969106,107.8020404331
128,7703,117.47999351,118.0308394823,109.4584208738,107.9794744743,108.8985800898
128,7704,117.5044542827,118.0308394823,109.92637722,108.9364580999,108.7512098098
128,7705,117.5076111606,118.0308394823,110.0388999892,109.1907200951,109.7248962134
128,7706,117.5343578455,118.0308394823,109.2690159019,109.0794031812,108.3706622893
128,7707,117.5438958391,118.0308394823,109.5344511412,108.7571047698,108.8424321962
128,7708,117.576107608,118.0308394823,108.2563748493,108.7249080054,108.356980621
128,7709,117.5801308658,118.0308394823,110.1232827265,109.1770670591,109.5317889337
128,7710,117.6236461135,118.0308394823,108.2347343476,108.8044157481,109.4957006647
128,7711,117.6541102494,118.0308394823,110.6246080844,108.8761728991,109.2418463052
128,7712,117.6647133503,118.1774683986,108.5837025208,109.3478405808,108.0622231826
128,7713,117.6890809625,118.1774683986,110.2983469382,108.9689540011,109.2455666205
128,7714,117.6951049368,118.1987135864,108.6313796788,108.5350305282,109.0158459545
128,7715,117.6999929376,118.1987135864,110.2120404449,108.8028399043,108.2315571642
128,7716,117.7144779036,118.1987135864,109.9178022356,108.1714887113,109.3002796736
128,7717,117.7503433478,118.1987135864,109.2920928494,107.9982471267,109.3293371905
128,7718,117.7971838983,118.1987135864,109.5916565477,109.5384777425,109.0255634815
128,7719,117.8058661651,118.1987135864,111.0053590785,108.5939124438,109.7895368761
128,7720,117.8202454162,118.2125552104,111.2845149082,107.7030881271,108.1646370156
128,7721,117.8353543578,118.2710932902,110.42574847,108.7687050774,108.5886234739
128,7722,117.8581517011,118.2710932902,110.6058507487,109.0940525098,110.5422058852
128,7723,117.8802786561,118.2710932902,110.3469726165,107.6504206451,108.9055362146
128,7724,117.9051547913,118.2710932902,110.2216424899,109.0259829064,109.2257766212
128,7725,117.9339753683,118.2710932902,110.0424363585,108.8236768998,108.7521269217
128,7726,117.9418947267,118.2710932902,110.7577650231,108.7082042097,108.5351583157
128,7727,117.9620981926,118.5029636857,110.2895272362,108.3137162845,108.7940925056
128,7728,117.9936211813,118.5636372513,109.9535932591,110.1847314742,109.7312944329
128,7729,118.0157978244,118.5704827856,111.4381343228,109.1921513565,109.1005215795
128,7730,118.0217649027,118.5741668855,109.2326942936,109.5654227441,108.7408458243
128,7731,118.0400178102,118.5741668855,108.851129056,109.5362291523,108.955379543
128,7732,118.0619254317,118.7193818061,110.3131439323,109.1456031419,107.804956505
128,7733,118.0771006486,118.7967575429,110.7743088734,108.4332203908,108.4311824557
128,7734,118.0895409826,118.7967575429,109.535255978,109.1145823253,109.9173127623
128,7735,118.1067883345,118.7967575458,110.2352982072,109.132661711,110.0691773108
128,7736,118.1152537607,118.7967575458,109.4415528618,109.2803606686,109.5014946068
128,7737,118.1352579609,118.7967575458,109.9213338937,108.7973188191,109.9069073983
128,7738,118.1718708357,118.7967575458,109.4272167559,109.5629435726,110.6825524989
128,7739,118.2041913136,118.7967575458,110.3978620324,109.0905776537,110.0026504103
128,7740,118.2130561058,118.7967575458,109.8804394106,109.9699754722,109.8598404386
128,7741,118.2438090916,118.7967575458,110.2317280447,110.7332129499,109.5333178896
128,7742,118.2550027295,118.7967575458,109.5377315922,108.01635735,110.4983905301
128,7743,118.3035562168,118.7967575458,111.2592548536,108.8652614677,108.3458203049
128,7744,118.3088655198,118.7967575458,111.5207150075,109.7943303657,109.9335952552
128,7745,118.3220026797,118.7967575458,110.8243259481,110.5492405666,109.9860690726
128,7746,118.334029939,118.7967575458,110.8479597416,110.0167752538,108.8667967145
128,7747,118.3482671517,118.7967575458,110.7538642164,109.0000014364,109.5948396397
128,7748,118.3698862877,118.9236126998,110.4785079335,109.8235376026,108.0919660312
128,7749,118.40559332,118.9236126998,110.5271223377,109.9066096873,110.5225212925
128,7750,118.4344709029,118.9255949405,111.0235355451,109.9401379389,110.0197054846
128,7751,118.4570040041,118.9255949405,110.4346640105,109.2751426441,109.8415148148
128,7752,118.4731676404,118.9255949405,110.216382249,108.3955638216,110.2300120695
128,7753,118.4952823202,118.9255949405,110.6460937343,110.1612856037,110.4645634683
128,7754,118.5090866818,118.9281754282,109.5895941877,109.4391453091,110.0991192836
128,7755,118.5282448293,118.9281754282,110.4910775544,109.2178446594,109.2534965572
128,7756,118.5773052529,119.0587780471,110.3260341844,109.243972505,110.9961965085
128,7757,118.6045611529,119.0587780471,110.0983292238,110.5472963544,109.6258310878
128,7758,118.6339889784,119.1554399663,110.4447476883,109.9917768982,110.1865487549
128,7759,118.6436569369,119.1929316902,109.7587912842,109.6901587732,109.84945259
128,7760,118.6606975614,119.1929316902,111.2955309098,109.6635924873,109.7594163801
128,7761,118.6821511525,119.1929316902,109.6594206175,110.2696516532,109.0849579925
128,7762,118.6884388865,119.1929316902,109.8489465572,109.9002279849,110.9881797311
128,7763,118.6973740507,119.1936654335,110.5683185559,110.2384180117,109.8690001603
128,7764,118.7249411033,119.1936654335,110.9723984459,109.547132053,110.7369764325
128,7765,118.7323290306,119.1936654335,109.977213065,109.3655983575,109.1434232341
128,7766,118.760908232,119.1936654335,109.9270169412,109.9859556187,111.1465051148
128,7767,118.788918683,119.1936654335,111.3770893955,109.7784107477,108.8590164287
128,7768,118.8111092633,119.1936654335,111.7763704928,109.5380641559,110.2227634443
128,7769,118.8196918354,119.1936654335,111.2444516189,109.7055871229,110.5719657096
128,7770,118.8258176265,119.1936654335,110.5006057539,110.9722445341,110.5200602783
128,7771,118.8584043695,119.1936654335,109.0255947017,110.6839691999,110.4535150591
128,7772,118.8827517719,119.4247306277,111.4160980709,109.6224620133,110.1842115602
128,7773,118.9105341787,119.4247306277,111.0284128478,109.9719256294,108.9456967104
128,7774,118.9378635114,119.4259170861,110.3254706824,110.7116142753,110.3121387265
128,7775,118.9482615353,119.4259170861,110.9418857051,110.7814401975,110.5865251054
128,7776,118.9627007695,119.454544357,111.5239878166,110.4852276196,109.9290291021
128,7777,118.9662475592,119.4558540805,109.9089411953,109.5090610722,110.8607340741
128,7778,118.9809876777,119.4558540805,111.2003603024,110.7997204725,111.0913714835
128,7779,119.0158326897,119.4920475865,110.601160269,109.3820455531,110.2770042135
128,7780,119.0713638313,119.4920475865,110.8742226726,110.6682768113,109.7953490795
128,7781,119.0954463184,119.4920475865,112.1680146547,109.2927017017,110.0804609844
128,7782,119.107887829,119.4921346544,111.4825686724,110.6127315076,111.7099317641
128,7783,119.1209330977,119.4921346544,111.4460846295,109.5818916094,111.0301822176
128,7784,119.1435181864,119.6118246022,111.3140020383,109.6776919142,111.1404641739
128,7785,119.1516676955,119.6118246022,111.8712249903,109.9621874239,109.6584379427
128,7786,119.186093176,119.6118799341,109.9743719114,109.6306809098,111.0763432497
128,7787,119.2042384985,119.8201983288,111.4970796855,110.0845834454,110.527219308
128,7788,119.2191285182,119.8201983288,111.0065032893,109.6143776471,110.5332564067
128,7789,119.2315383998,119.8201983288,111.1361914164,110.3291008806,110.3179622422
128,7790,119.2514462366,119.8201983288,111.7807886931,111.0322722726,110.4813525064
128,7791,119.2528666784,119.8201983288,110.9382704828,110.2791538942,111.476003276
128,7792,119.2772726608,119.8201983288,110.7599695552,110.6342739796,110.0611411586
128,7793,119.2955499049,119.8201983288,111.0134847584,111.2802246581,110.8593657185
128,7794,119.2956570634,119.8201983288,111.3792001926,109.885178464,111.3500363937
128,7795,119.3347515597,119.8201983288,111.3519429293,111.5060003079,110.370133102
128,7796,119.3622046167,119.8415512534,111.6071243367,111.0940595343,110.6717474722
128,7797,119.3911315118,119.879632548,111.742996212,111.5248081946,110.8069587061
128,7798,119.4331345694,119.9814481623,111.8562970169,110.8158280576,111.9014566794
128,7799,119.4477546452,119.9814481623,111.2046345365,110.3497115388,110.571478541
128,7800,119.4628850971,119.9814481623,110.7220570786,110.7144592486,110.2035575009
128,7801,119.4918604188,119.9814481623,111.4736118825,110.9664219372,111.4132179703
128,7802,119.505687313,119.9814481623,111.8611615085,110.7549921111,111.4304225113
128,7803,119.5274871101,119.9829893124,111.1481295043,110.926819217,109.6984954612
128,7804,119.5330806816,119.9829893124,111.8923460422,110.7256614652,111.0130186596
128,7805,119.5630401903,119.9829893124,110.5594958693,110.8604701984,110.868463194
128,7806,119.5869247725,119.9831244296,111.7421597843,110.433048936,110.6438403528
128,7807,119.5998409919,119.9831244296,111.5951757136,110.9751539353,111.5591716218
128,7808,119.6094461891,119.9831244296,111.7379885403,111.0370878607,110.2056717022
128,7809,119.633879136,119.9831244296,111.7654301656,110.4393633377,109.8803218741
128,7810,119.6528193623,119.9831244296,110.9574021795,110.2016882976,110.6597536126
128,7811,119.6754186332,119.9831244296,111.3070036757,111.8194249186,110.5788346647
128,7812,119.6893181224,119.9831244296,111.6051734899,111.106593641,111.2501833667
128,7813,119.7292465177,119.9831244296,111.8490993597,111.2196670624,110.4959520939
128,7814,119.7583769985,119.9831244296,111.1136516142,110.2636244461,111.826132208
128,7815,119.7766868753,119.983125072,111.5920652894,110.781722142,112.1356931627
128,7816,119.7856710945,119.983125072,110.884932774,111.2323228279,111.4309858825
128,7817,119.7906734482,119.983125072,112.1696761754,110.6619637907,111.2806780918
128,7818,119.8069350307,119.983125072,112.3574557284,111.0468176547,111.0059100562
128,7819,119.8328673958,119.983125072,112.9844585997,110.5641866492,111.5325172401
128,7820,119.8497979737,120.3344869058,112.12385551,111.5586169939,110.8928039682
128,7821,119.8589401718,120.3752446411,110.9701690829,111.8894097827,110.9223596705
128,7822,119.8933352108,120.3973171483,113.2252778285,111.1723490171,110.6490897577
128,7823,119.9273550497,120.4416081413,112.9548115888,110.2863661611,111.9359557259
128,7824,119.939193422,120.561610935,112.714570499,111.91773874,111.3086454844
128,7825,119.9569911213,120.561610935,112.303060678,111.3441589058,111.3287897416
128,7826,119.9669485677,120.5691103052,112.6466091293,111.3325623758,112.4039259351
128,7827,119.9914995354,120.5691103052,112.1734058855,111.8066413006,111.1606052052
128,7828,120.0011066766,120.5857864376,112.5308669387,112.0853399715,110.8894770204
128,7829,120.0096100196,120.5857864376,112.7935088048,111.2133231286,111.6772435692
128,7830,120.0359692642,120.5857864376,113.2446402824,111.1347931545,110.3043663725
128,7831,120.0776621548,120.5857864376,112.4385424526,111.2961507368,110.3327615861
128,7832,120.1167439219,120.5857864376,111.8891901762,111.4494081516,111.0816256692
128,7833,120.1316371803,120.5857864376,111.7001795466,110.9643538318,111.7728556536
128,7834,120.1574783972,120.5857864376,111.9374211545,111.7440436602,111.8366237723
128,7835,120.1741312017,120.5857864376,110.8647732952,111.1835388326,112.0544703394
128,7836,120.2014854395,120.5857864376,112.3084771091,111.1198194397,111.2391939657
128,7837,120.2131239166,120.5857864376,112.568526068,111.6419907146,112.6991152981
128,7838,120.237785808,120.5857864376,112.9342872085,112.0375371385,111.9672394305
128,7839,120.2624243343,120.5857864376,111.6894829352,111.8132392089,112.0411049662
128,7840,120.2706555203,120.5857864376,112.0070607707,112.5255072936,112.5078339584
128,7841,120.2845694031,120.5857864376,111.9460549552,111.1787905606,111.6397873439
128,7842,120.2947640325,120.5857864376,111.6170651467,111.8192768332,111.0467493228
128,7843,120.3185443081,120.5857864376,112.5580549323,111.3212350331,111.6493408088
128,7844,120.3369921098,120.5857864376,112.9942753968,112.1343468629,111.874223574
128,7845,120.3541929837,120.7786292351,112.6924923745,111.5013617655,111.9290587088
128,7846,120.3645370544,120.7786292351,112.7118996872,111.0650486815,112.1937076481
128,7847,120.4030906308,120.7786292351,112.3441886521,111.6576498609,111.4752605139
128,7848,120.4311021786,120.7786292351,112.8282045423,111.7278899294,111.851887179
128,7849,120.4456431894,120.7786292351,112.6944071022,110.906171472,111.5110576311
128,7850,120.4918860968,120.7786292351,112.0677030689,111.6207454262,113.637006038
128,7851,120.5076889421,120.7786292351,113.0813792639,112.1689026273,112.2294013679
128,7852,120.5255754738,120.8630485902,111.531022621,112.037958944,112.9897214295
128,7853,120.5342857255,120.8630485902,111.7456348297,111.1550960307,112.2257145236
128,7854,120.5562033482,120.8630485902,112.9788035746,112.0070638762,112.3920101254
128,7855,120.5779569844,120.8640584463,113.6244239889,112.6599168898,111.8016242737
128,7856,120.5892534703,120.8640584463,114.234088987,112.6921798458,112.2199057471
128,7857,120.5999384442,120.8640584463,112.5656784776,112.3587472376,113.0872583448
128,7858,120.6383524075,120.9128072915,112.3039320172,110.3455225044,110.9979344773
128,7859,120.6613913304,120.9128072915,113.3809237948,113.1505887746,112.0247729628
128,7860,120.6722939889,120.9128072915,112.6934855459,111.6106897985,112.3478597628
128,7861,120.7116558389,120.9128072915,111.8419895909,112.702478252,112.1718014252
128,7862,120.7215469281,120.9128072915,113.2939142023,112.5468045459,112.1291053502
128,7863,120.7557547226,120.9128072915,113.0129188094,112.523577424,112.6855531974
128,7864,120.7695339704,120.9128072915,112.7092986393,110.9890086881,112.5550541738
128,7865,120.7826311598,120.9128072915,114.0048086427,112.5895605583,112.8867927242
128,7866,120.8063096786,120.9128072915,114.0096264273,112.2231622879,113.0870232607
128,7867,120.816315545,120.9128072915,111.5360534989,111.9599385773,113.2097154124
128,7868,120.8331187526,121.0959509581,112.4240850883,111.7093347031,112.8209500053
128,7869,120.8471021105,121.0959509581,112.9663542555,112.2971772035,112.2712755367
128,7870,120.8628041856,121.1321967253,113.6248328309,112.2821919699,112.4860515404
128,7871,120.8914406117,121.2286246478,114.2262127127,111.5694361967,112.8631961207
128,7872,120.9012724457,121.3138191203,113.4612465463,112.8977721071,113.0255507524
128,7873,120.9095423416,121.3819660113,114.1670365749,112.6176252532,112.1777385478
128,7874,120.9267148937,121.3819660113,113.4664794961,112.8606612567,113.7707934048
128,7875,120.9556187312,121.4200473631,113.9701633598,112.2517297219,112.8364818458
128,7876,120.9695056393,121.4492673086,113.6377120864,111.7448625506,112.6371139961
128,7877,121.0129219242,121.4492673086,114.3572428007,111.9349608287,113.6606007349
128,7878,121.0288585602,121.4492673086,114.0994335028,113.4378374266,111.5482867728
128,7879,121.0557326488,121.4492673086,113.4949987247,112.1051368333,112.9032740513
128,7880,121.0935347379,121.475020144,113.8721888607,113.1829384223,112.9783963305
128,7881,121.1319378432,121.475020144,113.3927035995,112.2878840227,112.317863351
128,7882,121.1676384044,121.5503792808,112.7197658248,112.0191955627,113.2034794993
128,7883,121.1730264922,121.5503792808,113.2585831226,111.9937378089,113.6109578281
128,7884,121.1882363221,121.5503792808,114.2341560327,113.0756054588,113.176028367
128,7885,121.2234886778,121.5503792808,113.998160005,112.8840276878,113.5455749673
128,7886,121.242974764,121.6967661815,113.9853587674,111.5981782774,112.2504667018
128,7887,121.2666293957,121.7278393876,113.2364429851,112.7250431701,113.0296632128
128,7888,121.267389543,121.7278393876,114.0164465849,111.6073948662,113.6750095954
128,7889,121.3076559719,121.7278393876,113.9125040985,112.9840347659,112.9286251251
128,7890,121.3151252133,121.7530203963,113.7862793635,112.5743149533,112.9895748244
128,7891,121.3438614842,121.7530203963,113.7348987325,112.6835418986,112.8670954085
128,7892,121.3645222014,121.7530203963,113.8761338485,113.4703258043,113.7065993547
128,7893,121.3881707637,121.7530203963,114.3441901722,112.9258324017,112.2367784889
128,7894,121.4112649716,121.7530203963,114.3877902188,111.8115448428,112.5820538525
128,7895,121.4568416761,121.7530203963,113.7944542695,112.0767212882,112.8238534911
128,7896,121.4717579879,121.7974314934,114.103809516,113.442774252,113.7330146611
128,7897,121.479390164,121.7974314934,114.5225495441,112.3565456301,113.4682977212
128,7898,121.4965703967,121.7974314934,113.7039604316,112.008749796,113.5176297826
128,7899,121.5222205212,121.7974314934,113.4449068448,112.2117209922,113.382341239
128,7900,121.5392225597,121.8289154678,114.1137952948,113.670595042,113.4993260617
128,7901,121.5609688518,121.8289154678,114.7095623367,112.5273588507,112.8790243971
128,7902,121.5829731031,121.8289154678,113.8701257936,113.4409315183,114.0540063071
128,7903,121.5867358389,121.8289154678,114.4405926194,112.9836040829,113.3196547213
128,7904,121.6245760705,121.8289154678,113.964150179,112.9359036282,113.4315131673
128,7905,121.6345718101,121.8289154678,114.0627817681,114.0034381461,113.7209492014
128,7906,121.6631436552,121.8289154678,114.1743241564,113.0833654924,114.0112355492
128,7907,121.6803408296,121.8289154678,113.5873698475,112.7589631265,113.6888232958
128,7908,121.6963227373,121.8289154678,114.2573458638,114.2328546779,114.0117020233
128,7909,121.7150509961,121.8289154678,114.1201488143,113.9728470125,114.5877416862
128,7910,121.730699995,121.8289154678,115.0151619687,114.2748829292,113.9363803521
128,7911,121.7515383973,121.8289154678,113.4362187015,114.4682792484,114.2530367085
128,7912,121.7561073663,121.8289154678,113.641525689,113.1239956995,114.8414018322
128,7913,121.8106890454,121.8289154678,113.7661982431,113.8812800259,113.0154550046
128,7914,121.8248166996,121.8289154678,115.0627759328,113.5246753711,113.9198960625
128,7915,121.8397007924,121.8289154678,114.3423630398,113.5855398024,113.0877392658
128,7916,121.8509027798,121.8289154678,114.3936079331,113.1654783708,114.8232757893
128,7917,121.8739969427,121.8289154678,113.8634899002,112.8794508954,114.5027226479
128,7918,121.9018373728,122.1281003517,114.6446454963,114.5379242776,114.2608195556
128,7919,121.9231378034,122.3096112205,114.6995994012,113.5338781659,113.0431615852
128,7920,121.9291172104,122.3096112205,114.2392871292,114.2112278242,113.7177571854
128,7921,121.9505209265,122.3096112205,114.6610525737,113.398788653,113.9608171764
128,7922,121.9568048294,122.3096112205,114.7680724804,113.2115878364,113.7580750683
128,7923,121.9641392943,122.3096112205,114.6604580425,113.1565448631,114.0150729211
128,7924,122.0336087718,122.3273398993,114.0429883483,114.31875833,113.1538656766
128,7925,122.0561274378,122.4425127619,115.3728105315,114.3763279552,114.6920343863
128,7926,122.0643433159,122.4425127619,114.4201233325,112.8835495538,114.5653161657
128,7927,122.0961200319,122.4425127619,114.4664132826,114.2501832179,115.3711760998
128,7928,122.1028182077,122.4425127619,114.5307472391,113.9821228953,114.7360385778
128,7929,122.1282189095,122.4425127619,115.2639638732,114.2583532057,113.6699599502
128,7930,122.1553610176,122.4425127619,115.2975573898,114.4912680842,113.9366771491
128,7931,122.1878235536,122.4425127619,114.4867679458,114.6246615309,114.7793290848
128,7932,122.1922158114,122.4571769347,114.8922896604,114.2975740487,114.9147356285
128,7933,122.2284550656,122.4571769347,115.5326041465,113.7734327654,113.2615980517
128,7934,122.2360393271,122.4571769347,115.3619682287,114.281173205,115.1447824256
128,7935,122.285588429,122.5586592849,114.8105187222,113.9240255949,114.887291938
128,7936,122.2949640826,122.5586592849,115.8163650578,114.7161883524,114.3927453328
128,7937,122.3195289852,122.5586592849,114.7751491425,115.0962074777,115.4586214035
128,7938,122.3346631085,122.5616442611,114.2658941363,114.2551581864,115.5480423273
128,7939,122.3432447123,122.5616442611,116.1143488239,114.4816547109,114.3370398394
128,7940,122.3664048303,122.5616442611,115.5609615401,115.0064877365,113.093238176
128,7941,122.4289099276,122.5616442611,115.4854467506,114.0412271117,114.3197145401
128,7942,122.4750152421,122.6347001348,114.6335062077,114.2694043838,115.1429207562
128,7943,122.4880684744,122.6426028804,114.2521525285,114.9088950994,113.8268364405
128,7944,122.4974144604,122.6426028804,115.2912342155,113.772694553,114.8965900958
128,7945,122.5162248741,122.7639320225,114.6564686018,114.5001416694,114.2656356924
128,7946,122.5360126813,122.7639320225,115.331020106,114.4086233849,115.0900287136
128,7947,122.5604376892,122.7639320225,116.1392407489,113.8547745944,114.5941534518
128,7948,122.5814094761,122.7639320225,114.4035617077,114.1873929432,114.6735693316
128,7949,122.6012755138,122.7639320225,114.2937658865,114.9789884842,113.7067574352
128,7950,122.6411218698,122.7639320225,115.7348250982,112.9289990425,116.0859253158
128,7951,122.6735337501,122.9212225771,115.8346910065,114.2879311912,115.147920809
128,7952,122.73550856,122.9212225771,115.4463038605,114.7760803925,114.5788344601
128,7953,122.7535190269,122.9212225771,116.0514842034,113.8572729099,114.7893249138
128,7954,122.7895380743,123.0,116.9328364839,114.4967455786,115.335985724
128,7955,122.7943140237,123.0,115.4665212603,114.5810853281,115.7116050876
128,7956,122.8078049585,123.0,114.8920848937,115.5038289179,115.8885243903
128,7957,122.8171631714,123.0,116.4575241763,114.9787527699,114.323506092
128,7958,122.8259338061,123.0,115.8319258872,115.1444427844,115.4741056415
128,7959,122.8565522145,123.0,115.4434830497,115.0617136945,114.4085269827
128,7960,122.8851092904,123.0,115.3574028957,114.9038724121,115.4296783329
128,7961,122.8928537532,123.0,115.6902905126,114.7516231284,115.2340570468
128,7962,122.9068804232,123.0,116.4001069984,114.4785971937,114.1679576167
128,7963,122.9405349321,123.0,117.0870959801,115.2291282437,115.7465393701
128,7964,122.9635415,123.0,115.7651717588,115.4293923347,115.2449339607
128,7965,122.9750258528,123.0,116.013987701,115.5230341926,115.490795671
128,7966,123.0213829326,123.0,116.689048179,114.8799761802,115.7547787095
128,7967,123.0261744471,123.0,116.0914462626,115.1500232884,114.9718629748
128,7968,123.0384208987,123.0,115.8231872824,114.4244786403,114.2462832519
128,7969,123.0738852457,123.0,116.2013381209,116.0732115458,115.1276099712
128,7970,123.102572833,123.0,116.9236553546,114.7660646472,115.2119998484
128,7971,123.1389456282,123.2679491924,116.0502710484,114.7757051756,116.5313081732
128,7972,123.1552710042,123.2679491924,116.1900057844,115.6066868423,115.8728670532
128,7973,123.1685434759,123.2679491924,116.3462363276,115.3890605896,114.6562946396
128,7974,123.1711845626,123.2679491924,115.5609987288,114.5041444369,116.3445781468
128,7975,123.2120387044,123.3588135238,116.2877690987,114.5419292268,115.5420047977
128,7976,123.2285718906,123.3819660113,117.3456363708,116.4489460941,115.7014853434
128,7977,123.2538521948,123.3819660113,116.7505196278,114.836398355,116.210549437
128,7978,123.2974342653,123.3819660113,116.2575715502,114.6554837773,115.6739401332
128,7979,123.3349951384,123.4175643975,116.743116006,115.781703252,115.2748560119
128,7980,123.3420352546,123.4175643975,117.0476125462,114.6915066641,115.2324164173
128,7981,123.3455749232,123.5857864376,116.1638339053,115.5489352847,116.6885267682
128,7982,123.3468738741,123.6570769172,116.2521336234,116.4330269404,114.8087584919
128,7983,123.3794406524,123.6570769172,116.8077993739,114.3774399974,115.6317463028
128,7984,123.388286891,123.6570769172,116.4299607017,116.1599936156,115.9447937135
128,7985,123.3932405125,123.6570769172,117.231219941,115.2774226606,115.2491433434
128,7986,123.3966207975,123.6570769172,117.4295788121,115.8335746342,116.6232942618
128,7987,123.4254763318,123.6570769172,116.8756798096,116.5960048923,117.253746157
128,7988,123.4384471872,123.6570769172,116.4200291982,115.3434234611,115.7530241399
128,7989,123.4491347122,123.6570769172,117.0315923361,116.3955840691,116.4512943734
128,7990,123.4579963056,123.6570769172,117.1507143267,116.701135512,116.9482217595
128,7991,123.4598312914,123.6570769172,116.4972992765,116.7364977571,116.665202259
128,7992,123.4675528801,123.6570769172,117.3968111912,117.2091299778,116.4182377562
128,7993,123.476569122,123.6570769172,116.9216237749,115.749924821,116.3102101225
128,7994,123.4892110456,123.6570769172,117.0775591566,116.1861258242,116.6437259183
128,7995,123.4980061312,123.6570769172,117.0135158129,116.3374302871,116.0417557296
128,7996,123.4997250456,123.6972243623,116.996961634,115.7348333474,115.547000996
128,7997,123.4999967816,123.6972243623,116.9508069349,115.8296906281,116.2778710952
128,7998,123.5018501757,123.7369225897,117.994061091,116.7248409292,116.1316928595
128,7999,123.5184719701,123.7369225897,117.0524227864,116.2272070486,116.7617052171
128,8000,123.5857864376,123.7667904569,117.0851575662,116.8878845105,116.3613688173
128,8001,123.6170242321,123.7667904569,117.8811820075,117.0642852673,116.6723522907
128,8002,123.6972243623,123.7856802566,117.9472108873,116.2825381549,116.4954267269
128,8003,123.7639320225,123.7856802566,116.8743491517,116.6968333562,116.4976268165
128,8004,123.7639353178,123.8299135134,117.429794919,116.4988173751,116.6622777183
128,8005,123.7716717841,124.0,117.3303931506,116.053400159,117.647867938
128,8006,124.0,124.0,117.2596541888,116.2941074863,115.6100044742
128,8007,124.0,124.0,116.9749562495,116.6646212595,116.0901553414
128,8008,124.0058683976,124.0,116.6680377876,117.0544992715,117.3922609409
128,8009,124.0135232845,124.0,116.2439012427,115.9734983468,117.2231529807
128,8010,124.0223383475,124.0,117.4106959731,117.0398983283,117.0661073784
128,8011,124.0246233188,124.0,116.9566494287,117.3784078715,117.3592570094
128,8012,124.0501441756,124.0,117.8719266574,117.5727487081,117.2724736803
128,8013,124.0581163651,124.0,117.5764377006,117.3245793206,116.3950720033
128,8014,124.0681483474,124.0,117.7155653124,116.4834880132,116.0542146938
128,8015,124.0810140528,124.0,117.7866364285,117.7869528844,117.6252955735
128,8016,124.0978869674,124.2679491924,117.9823811972,116.3588206512,116.3691272828
128,8017,124.0978869674,124.3819660113,119.1968217519,116.9456279082,117.6297775765
128,8018,124.0978869674,124.3819660113,117.2050806332,116.6577907797,117.5540604155
128,8019,124.0978869674,124.3819660113,118.1613108525,117.0237798197,117.5555918648
128,8020,124.1980622642,124.3819660112,118.3085475429,117.6192048876,117.3427303748
128,8021,124.1980622642,124.3819660113,117.9098650494,116.9859218837,117.0149181977
128,8022,124.1980622642,124.3819660113,118.1756730873,117.0754146204,116.3038457299
128,8023,124.1980622642,124.5857864376,118.5734654066,117.8811509537,117.604755113
128,8024,124.2679491924,124.5857864376,117.0860035631,117.1231963518,117.5130212925
128,8025,124.2679491924,124.5857864376,117.7775390074,118.1969939528,117.1003169999
128,8026,124.2679491924,124.5857864376,118.2164139171,118.0896507147,117.7885628452
128,8027,124.2679491924,124.5857864376,118.3427733617,117.3208527272,117.5906866259
128,8028,124.3819660113,124.5857864376,117.6737594845,117.3127380869,117.5237656403
128,8029,124.3819660112,124.5857864376,118.1197677823,116.5579856043,117.408678627
128,8030,124.3819660113,124.5857864376,118.2118416747,117.9968237386,117.6370035047
128,8031,124.3819660113,124.5857864376,118.9575244473,117.8033663709,117.3254819239
128,8032,124.3819660113,124.5857864376,118.286877629,118.6431482916,117.994789167
128,8033,124.3819660113,125.0,118.9145590453,118.0654651764,118.1038440603
128,8034,124.3819660113,125.0,118.675447876,118.9236577733,117.6091809254
128,8035,124.3819660113,125.0,118.5573280185,117.7296902388,118.9756975079
128,8036,124.3819660113,125.0,119.2099142584,117.4546099516,117.9691724197
128,8037,124.3819660113,125.0,119.463973908,118.7595912044,117.6375268376
128,8038,124.5857864376,125.0,118.8874341624,117.9684371316,117.769121812
128,8039,124.5857864376,125.0,117.4570421907,118.5187984123,117.4901746194
128,8040,124.5857864376,125.0,118.9150659694,117.3993853738,118.3316608827
128,8041,124.5857864376,125.0,119.5300385453,118.3696474191,118.4719110114
128,8042,124.5857864376,125.0,118.7541948393,118.2613060775,118.0458619405
128,8043,124.5857864376,125.0,119.0923190826,118.5890062493,118.1882561251
128,8044,125.0,125.0,119.1735634994,118.2859248444,118.3337054004
128,8045,125.0,125.0,118.7400179708,118.2207414677,117.5988364097
128,8046,125.0,125.0,118.8941931044,118.5359329805,118.6437762592
128,8047,125.0,125.0,117.9899484538,118.9664446279,117.8660413949
128,8048,125.0,125.0,119.447486637,117.7379472785,118.1556948665
128,8049,125.0,125.0,118.8671329361,119.2056009781,119.0276878624
128,8050,125.0,125.0,119.8330958993,119.5109493511,118.0575019089
128,8051,125.0,125.0,118.5736419276,119.1501038037,118.9425507875
128,8052,125.0,125.0,119.7537046,119.2242906243,118.9433397816
128,8053,125.0,125.0,119.0286585369,118.3351540686,118.8990454734
128,8054,125.0,125.0,119.5576596042,118.5566604705,119.4012985101
128,8055,125.0,125.0,118.8825281128,118.5634810458,119.0853918069
128,8056,125.0,125.0,119.3745912807,118.3274742826,119.0837484212
128,8057,125.0,125.0,119.0721285513,118.5478666776,118.8775575083
128,8058,125.0,125.0,119.8919255335,119.642739135,119.5082731292
128,8059,125.0,125.0,119.6294472225,119.039142217,119.2362937354
128,8060,125.0,125.0,119.7216837051,118.4774363143,118.4880985043
128,8061,125.0,125.0,119.2669651496,118.7402899722,119.4986807671
128,8062,125.0,125.0,120.9338235874,118.8736982714,118.9654724786
128,8063,125.0,125.0,119.9595305941,118.7563193616,119.7886469655
128,8064,125.0,125.0,119.267442011,119.7951353493,118.9532887578
128,8065,125.0,125.0,120.4458129035,119.3563153943,119.928951815
128,8066,125.0,125.0,119.6710525157,119.0729891119,119.325474187
128,8067,125.0,125.0,120.2866621117,119.0689928332,119.7772733441
128,8068,125.0,125.0,120.1852385242,120.2320617654,120.1094780025
128,8069,125.0,125.0,120.0891243391,119.4314825151,119.0186085767
128,8070,125.0,125.0,120.7307231504,119.050876286,119.043704249
128,8071,125.0,125.0,121.0303516658,119.9486451506,119.6487139908
128,8072,125.0,125.0,121.1364601554,119.5858825571,120.6694122728
128,8073,125.0,125.0,120.7534082979,118.936140721,119.4234355221
128,8074,125.0,125.0,120.2288320469,120.744071832,120.0438220525
128,8075,125.0,125.0,121.0636724549,119.4472653769,120.6779112217
128,8076,125.0,125.0,120.0697836729,120.418128898,119.8223834598
128,8077,125.0,126.0,120.0925326628,119.9433109702,120.3156173071
128,8078,126.0,126.0,120.7126084182,120.5890856828,120.4779980479
128,8079,126.0,126.0,122.0159263874,119.4704387178,119.1458035491
128,8080,126.0,126.0,121.1091058446,121.2144432477,120.3520758498
128,8081,126.0,126.0,120.7089705857,120.687507706,121.2122887187
128,8082,126.0,126.0,121.5639969878,120.8767236286,121.2496110792
128,8083,126.0,126.0,120.8742449084,120.097715321,121.2264727842
128,8084,126.0,126.0,121.6258310156,121.2758801689,120.4027803773
128,8085,126.0,126.0,121.3059766374,120.4391574003,121.7396644808
128,8086,126.0,126.0,121.8291420138,121.3549892002,120.3899628394
128,8087,126.0,126.0,121.92935425,120.6811153934,121.2895928395
128,8088,126.0,126.0,121.6093689248,121.1575367062,121.1300088412
128,8089,126.0,126.0,122.0366358401,121.0896868991,120.7221211918
128,8090,126.0,126.0,121.8221216943,121.5289864412,120.9171876632
128,8091,126.0,126.0,121.6105568608,120.9222360415,121.1813627191
128,8092,126.0,126.0,121.8840968603,121.40316772,121.8906274326
128,8093,126.0,126.0,122.7889020488,121.5611250713,121.5549106689
128,8094,126.0,126.0,121.7658690119,121.056989612,121.9668654609
128,8095,126.0,126.0,122.4840949596,121.7448767559,121.2988701348
128,8096,126.0,126.0,122.7717042769,121.7919281841,121.3262508618
128,8097,126.0,126.0,122.483490724,121.3492216966,121.1906607703
128,8098,126.0,126.0,122.0288852034,121.4815018661,122.0544265435
128,8099,126.0,126.0,122.9826479521,121.3185966429,122.4396335551
128,8100,126.0,126.0,122.4989675328,122.123717742,122.2963234144
128,8101,126.0,126.0,122.7789556047,122.1689142219,122.6218426503
128,8102,126.0,126.0,122.9392435502,122.5700108957,122.2675123929
128,8103,126.0,126.0,122.5427480413,123.2113968381,122.5402216222
128,8104,126.0,126.0,122.4818072569,121.781985013,122.449776091
128,8105,126.0,126.0,123.1988955571,122.7781123481,123.4842820577
128,8106,126.0,126.0,122.9768069274,122.9054252408,122.0070550519
128,8107,126.0,126.0,122.8886889092,122.5480555181,122.2470108984
128,8108,126.0,126.0,123.1772938039,122.1968984378,123.0059590877
128,8109,126.0,126.0,123.6393120218,122.683912996,122.6941167597
128,8110,126.0,126.0,123.729901419,123.5741243157,123.5365696163
128,8111,126.0,126.0,124.2798178209,123.8467639501,123.2106296406
128,8112,126.0,126.0,124.0349197022,123.1235833587,123.4194837841
128,8113,126.0,126.0,124.1548833347,123.4370870958,123.6909553531
128,8114,126.0,126.0,124.370747126,123.9911773154,123.5321542853
128,8115,126.0,126.0,124.2307795411,123.4710193172,124.1514718626
128,8116,126.0,126.0,124.7171572875,124.1702071568,124.3078225924
128,8117,126.0,126.0,124.4491226929,123.8544255435,123.6529384828
128,8118,126.0,126.0,124.7659827027,124.6343145751,124.3479864768
128,8119,126.0,126.0,124.4831399902,124.3085843187,123.9273373878
128,8120,126.0,126.0,124.9171572875,124.6831399902,124.8423759049
128,8121,126.0,126.0,124.8423759049,124.8742933388,125.2763932022
128,8122,126.0,126.0,125.6,125.1935504898,124.9171572875
128,8123,126.0,126.0,125.5171572875,125.8,125.4
128,8124,126.0,126.0,125.8,125.7171572875,125.4
128,8125,126.0,126.0,126.0,126.0,126.0
128,8126,126.0,126.0,126.0,125.8,125.4
128,8127,126.0,126.0,126.4,126.4,127.2
128,8128,128.0,128.0,128.0,128.0,128.0
