n,m,v10
128,129,-0.4829096743
128,130,-1.0961956650
128,131,-0.7455904858
128,132,-0.0145335870
128,133,-0.9043089167
128,134,-1.5482542377
128,135,-1.1221424396
128,136,-1.2104561605
128,137,-1.5323401882
128,138,-1.6259895492
128,139,-0.5023870828
128,140,-1.4094170523
128,141,-0.8198207293
128,142,-1.4386685441
128,143,-0.3618973244
128,144,-0.4592163728
128,145,-2.0494234724
128,146,-1.8542846188
128,147,-1.2589503684
128,148,-0.6500393265
128,149,-1.4600159238
128,150,-1.2915564421
128,151,-1.1714843655
128,152,-1.1871209128
128,153,-1.4903246486
128,154,-1.7824011903
128,155,-0.9892854614
128,156,-0.8499220105
128,157,-0.5735891614
128,158,-2.2364679118
128,159,-1.6921448433
128,160,-0.8795330550
128,161,-0.9195187721
128,162,-1.6685668210
128,163,-1.4263881715
128,164,-0.4650805284
128,165,-1.1060574845
128,166,-1.3043023876
128,167,-1.0578199490
128,168,-1.4896157399
128,169,-1.7609440239
128,170,-1.1455660357
128,171,-1.0753727931
128,172,-0.1642167983
128,173,-1.1334479873
128,174,0.0000000211
128,175,-0.4072193269
128,176,-2.0107067229
128,177,-1.6747831210
128,178,-0.8927853325
128,179,-0.7530231725
128,180,-0.4488490270
128,181,-0.3507395177
128,182,-1.2157196972
128,183,-1.0301356166
128,184,-0.0259198649
128,185,-1.0326881585
128,186,-1.8116352330
128,187,-0.5011201561
128,188,0.0000000000
128,189,-0.9896846485
128,190,-0.4383473105
128,191,-1.3185442307
128,192,0.0000036826
128,193,-0.5459919761
128,194,-0.9611275811
128,195,0.0000000000
128,196,-1.6517228562
128,197,-1.7356202056
128,198,-0.7343610602
128,199,0.0000000016
128,200,-1.2696349353
128,201,-0.6401507414
128,202,-0.5861605549
128,203,-0.8248562547
128,204,-0.7125865510
128,205,-0.7078278721
128,206,-1.6904220207
128,207,-1.0420902495
128,208,-0.8239883819
128,209,-1.0591046779
128,210,-0.9777128283
128,211,-1.2407896625
128,212,-1.4042022220
128,213,-0.9574121949
128,214,-0.9087862654
128,215,-1.9062803988
128,216,-0.8921928937
128,217,-0.4625078200
128,218,-1.6672502190
128,219,-1.7002037389
128,220,-0.0000000000
128,221,-0.8856697255
128,222,-0.4660705232
128,223,-1.5880954937
128,224,-2.1029250364
128,225,-1.2942886506
128,226,-1.7300300501
128,227,-0.4060128488
128,228,-1.8658337606
128,229,-0.0446909230
128,230,-1.0057982982
128,231,-0.7522481583
128,232,-0.0060558401
128,233,-0.9788613277
128,234,-0.8911351231
128,235,-0.5954043592
128,236,-2.1767337469
128,237,-1.2674443627
128,238,-1.0690495399
128,239,-0.5590474183
128,240,0.2914149782
128,241,-1.3710648904
128,242,-0.2481243618
128,243,-0.3465858424
128,244,-0.2377543179
128,245,-0.6685898235
128,246,-0.0000000000
128,247,-1.2403857150
128,248,-0.4903776557
128,249,-1.3327145911
128,250,-0.9356294782
128,251,-0.7650340525
128,252,-1.3103638382
128,253,-0.8091299655
128,254,-0.0029048616
128,255,-0.6790587120
128,256,-0.9950647630
128,257,-1.1187446976
128,258,0.7602675676
128,259,-0.8632545188
128,260,-1.6848746102
128,261,0.0060116224
128,262,-1.4218747430
128,263,0.0000000000
128,264,-0.6734162427
128,265,-0.1862614026
128,266,-1.5787263497
128,267,0.1507048731
128,268,-0.0000000019
128,269,-0.5071900211
128,270,-0.7639440163
128,271,-0.5935608163
128,272,-1.0510011577
128,273,0.1596869797
128,274,-1.0086806379
128,275,-0.4885352031
128,276,-0.0000015272
128,277,-0.2264610198
128,278,0.0000000600
128,279,-0.0000000000
128,280,-1.1827375619
128,281,0.0018216137
128,282,0.0000721543
128,283,-2.0688516833
128,284,0.0070046917
128,285,-0.9440932972
128,286,-0.2701693662
128,287,-0.8876156643
128,288,-0.2107877186
128,289,-0.9214206092
128,290,-0.9225194880
128,291,-0.5291191700
128,292,-0.4042232330
128,293,-0.2519679361
128,294,-1.4824460134
128,295,-2.1336877667
128,296,-0.8078969610
128,297,-1.1465394981
128,298,-0.9952605450
128,299,-1.3050524947
128,300,-0.3853925529
128,301,-0.2365309948
128,302,-0.3100649530
128,303,0.4218095459
128,304,-0.3065171198
128,305,0.0051843037
128,306,-0.2380393033
128,307,-0.4629748719
128,308,-0.6601325613
128,309,-0.1400307492
128,310,-0.0003370619
128,311,-0.2094788647
128,312,-0.0394460126
128,313,-0.0466595359
128,314,-1.2875544106
128,315,1.1881265953
128,316,0.4193841090
128,317,-0.5176531630
128,318,-0.1106709904
128,319,-1.3993378657
128,320,-0.3965659681
128,321,-0.2194918096
128,322,0.0000054891
128,323,-1.0810182293
128,324,-0.0000000064
128,325,-0.2406766372
128,326,-0.6531768774
128,327,-1.0499319681
128,328,0.0000065439
128,329,-0.3233360248
128,330,-0.1722989139
128,331,-0.6843922994
128,332,0.0024612083
128,333,-0.4734262699
128,334,-1.0898523240
128,335,-0.0000000000
128,336,0.3399651338
128,337,-0.7466555894
128,338,-0.1422922425
128,339,-1.2094245991
128,340,-0.3523473234
128,341,-0.1627304683
128,342,-0.0000000032
128,343,0.2515338358
128,344,-0.1100302906
128,345,-0.0000000000
128,346,-0.8590510689
128,347,-0.4761460013
128,348,-0.0003033658
128,349,-0.0000000492
128,350,-0.2805884440
128,351,-1.1250576822
128,352,-0.8456236170
128,353,-0.0506793780
128,354,-0.2499254036
128,355,-0.0968596699
128,356,-0.4416537449
128,357,-0.0407384105
128,358,0.1818937436
128,359,-0.3424912991
128,360,-1.6865898972
128,361,-0.1806761747
128,362,-0.5320657382
128,363,1.5050391460
128,364,-1.7142135542
128,365,-0.1512113931
128,366,0.7032528672
128,367,-1.6975071823
128,368,0.0398016892
128,369,-0.9596383041
128,370,-0.0007000828
128,371,-0.0013220002
128,372,1.0836965961
128,373,-0.5383738504
128,374,0.3011502137
128,375,-1.0759910972
128,376,-1.1346785887
128,377,0.7366058711
128,378,0.0000003999
128,379,-0.9216415326
128,380,0.0760627379
128,381,-0.0046676137
128,382,-0.0405247790
128,383,0.0157798217
128,384,-1.2369150259
128,385,0.0000000034
128,386,-0.6238325021
128,387,-0.0396476465
128,388,0.0418799006
128,389,1.5622494486
128,390,-0.7338000282
128,391,0.6217427020
128,392,0.3448375747
128,393,-0.1751098829
128,394,-0.0000011953
128,395,0.9366300403
128,396,-1.1057994395
128,397,-2.4491070503
128,398,-3.0974619204
128,399,-2.3551772914
128,400,-1.6089190746
128,401,-1.2150491628
128,402,2.2940484333
128,403,-1.1959009138
128,404,0.5461780947
128,405,-2.7117658928
128,406,-1.5147571598
128,407,-0.1255694341
128,408,-0.6698271073
128,409,-0.0744660838
128,410,-0.0217029052
128,411,-0.2142694313
128,412,-3.9754365716
128,413,-1.0568863298
128,414,-1.4805985768
128,415,-0.9632827255
128,416,0.5295968976
128,417,-2.9394002233
128,418,-0.8597704456
128,419,-3.9205002776
128,420,0.0310911987
128,421,-0.5245422507
128,422,-1.9449864927
128,423,-0.5955704719
128,424,0.5153403655
128,425,-0.3198515173
128,426,-4.3615833794
128,427,-2.0227309635
128,428,-0.0925144101
128,429,0.0000000160
128,430,-0.6452186725
128,431,0.8516088154
128,432,-0.1172441170
128,433,-0.8598310334
128,434,0.0000000322
128,435,-2.6109448048
128,436,-0.3593656037
128,437,-1.8108246683
128,438,-1.1728115891
128,439,-0.7151541761
128,440,-0.4879223317
128,441,-0.8979996574
128,442,-2.3843765949
128,443,-2.1951198204
128,444,0.0800165833
128,445,0.4040784419
128,446,-2.7934697001
128,447,0.0000000000
128,448,-0.0000000000
128,449,-2.8736441742
128,450,-1.6327193812
128,451,-4.3020528625
128,452,-2.5360801676
128,453,1.0820108777
128,454,0.0140485803
128,455,0.0000000000
128,456,-0.6393760835
128,457,-0.0581716695
128,458,-0.8708196397
128,459,-5.0322633749
128,460,-1.1827702748
128,461,-2.0279750798
128,462,-3.0450188051
128,463,-1.5867762544
128,464,-2.3753117693
128,465,-1.4893495103
128,466,-0.8514201325
128,467,-3.8805152285
128,468,0.0000000000
128,469,-1.5317949355
128,470,-1.6966187076
128,471,-0.1764054592
128,472,-2.1528561482
128,473,-2.2494277735
128,474,-3.8237746885
128,475,-1.9449900593
128,476,-1.6970849052
128,477,-0.6251501098
128,478,-0.0773106996
128,479,-1.1510037546
128,480,-2.9000022657
128,481,-1.5813805288
128,482,-1.4521004867
128,483,-4.6889106692
128,484,-4.2130126000
128,485,-0.0342710487
128,486,-1.0717062308
128,487,-2.0158713386
128,488,-2.2672024819
128,489,-0.9752346525
128,490,-1.6362159692
128,491,-2.4460062995
128,492,-1.9342444897
128,493,0.0377714557
128,494,-8.0312751334
128,495,0.2603014158
128,496,-0.0363847839
128,497,-1.1496141887
128,498,-10.4376839352
128,499,1.1437249317
128,500,-3.2252909913
128,501,-2.1001162602
128,502,-1.0887647524
128,503,-0.7510745117
128,504,-0.5353142257
128,505,-1.3627735116
128,506,-2.2931240242
128,507,-5.1652942371
128,508,-1.0519738907
128,509,-0.5512916134
128,510,0.6624639743
128,511,-0.8608111997
128,512,-0.0000000051
128,513,-0.7003121729
128,514,-0.0000000000
128,515,-2.1258542126
128,516,-1.3013227158
128,517,-1.9003328969
128,518,-0.2379990102
128,519,-3.6581244587
128,520,-3.9022121922
128,521,-0.0431929962
128,522,-1.4434502595
128,523,-0.6088569569
128,524,-0.7285552728
128,525,1.7045773034
128,526,-2.2993544795
128,527,-0.8955685510
128,528,-2.7424463655
128,529,-0.5630571626
128,530,0.0000000000
128,531,-0.0188155597
128,532,-1.4217231460
128,533,0.0466476117
128,534,-1.4811217767
128,535,-2.3224921086
128,536,-0.0129873147
128,537,-0.9548376834
128,538,-2.5938907766
128,539,-1.8890355792
128,540,-0.0000000000
128,541,-1.0285518032
128,542,-3.8430429784
128,543,-0.6817401014
128,544,1.0084823781
128,545,0.0000038398
128,546,-0.9784913685
128,547,-2.8205092279
128,548,-2.1007620384
128,549,-3.1239059587
128,550,-0.4991725237
128,551,-7.2579217779
128,552,-1.2785325476
128,553,-0.0000000000
128,554,-0.6012227483
128,555,-4.5386330825
128,556,-1.1181674468
128,557,-2.3573493510
128,558,-0.2232760982
128,559,-1.8685170389
128,560,-0.4171879306
128,561,-2.2442647556
128,562,-1.5219805720
128,563,-1.0583492810
128,564,0.5348965308
128,565,-1.9153887438
128,566,-0.3406989033
128,567,-0.3327732181
128,568,1.5592999132
128,569,-0.7775719375
128,570,-2.3794750890
128,571,-0.1895927942
128,572,-2.6458252274
128,573,-2.2775230333
128,574,-0.0003309476
128,575,-4.5555204021
128,576,0.6374157125
128,577,-0.9883783129
128,578,0.5307367237
128,579,-0.4804192447
128,580,-1.3530701576
128,581,0.4599325799
128,582,-0.0000000655
128,583,-0.9199178514
128,584,-0.0237196217
128,585,1.4658305000
128,586,-2.7502471609
128,587,-1.8578438248
128,588,-0.7978337710
128,589,-1.1319276406
128,590,-2.6035394652
128,591,-0.7289601746
128,592,-2.6113388234
128,593,-0.1294297276
128,594,-0.0512819494
128,595,1.1534147450
128,596,-0.0000755258
128,597,-0.0002976828
128,598,-1.3875877592
128,599,-0.3574654562
128,600,0.3483416526
128,601,-1.5168304327
128,602,0.2606683602
128,603,-1.7888682089
128,604,-0.8672307053
128,605,-0.6045814145
128,606,-3.1705852006
128,607,-0.0000486362
128,608,1.4522599735
128,609,-2.4029161088
128,610,0.6369556741
128,611,-0.0782623521
128,612,-3.1312165344
128,613,0.0000000000
128,614,-0.0000000000
128,615,-0.9005203773
128,616,0.1894059100
128,617,-0.0000000078
128,618,-3.5659519719
128,619,-3.5346975207
128,620,-0.0001669300
128,621,-0.4836003662
128,622,1.2168724785
128,623,-0.5269196604
128,624,-1.2397853391
128,625,-0.9984257079
128,626,-0.8896979906
128,627,0.8103513014
128,628,0.6155688775
128,629,-0.0000000000
128,630,0.3456454555
128,631,-0.0077950989
128,632,0.4336159235
128,633,-1.3051853443
128,634,-3.5277055920
128,635,0.5739243318
128,636,0.2858352687
128,637,1.6573132511
128,638,-1.0483838272
128,639,-0.1671672710
128,640,-7.7871903558
128,641,0.2404706119
128,642,-9.8316124265
128,643,-1.5656460587
128,644,1.0507446392
128,645,-0.0747174764
128,646,-0.8846394556
128,647,-3.9282827771
128,648,-0.0125520711
128,649,0.0036315012
128,650,1.3395166563
128,651,0.4508403358
128,652,-0.0004545766
128,653,2.0487148303
128,654,-0.2846968637
128,655,-0.0002072018
128,656,1.4093141624
128,657,0.1566086422
128,658,0.0733212337
128,659,1.9544592255
128,660,-0.0000000004
128,661,-1.4984953437
128,662,-0.0000617737
128,663,0.7304752608
128,664,-0.0446155137
128,665,1.2535361289
128,666,0.0235733973
128,667,2.0854318021
128,668,-8.9531076942
128,669,-1.7227259891
128,670,1.9306900090
128,671,-0.0000004411
128,672,1.9007609722
128,673,-0.3566875546
128,674,0.0000000000
128,675,-0.9483284394
128,676,0.5237383283
128,677,0.0124088265
128,678,0.2605608879
128,679,-0.3169868680
128,680,-0.8434704866
128,681,-0.0017443924
128,682,0.0061655948
128,683,-0.7740330796
128,684,0.4008043187
128,685,0.1052696920
128,686,-0.0000010389
128,687,-0.5297908910
128,688,0.6401060306
128,689,1.2774081819
128,690,0.5262494407
128,691,-0.0001519693
128,692,1.2026895953
128,693,0.0247462461
128,694,-0.0000000000
128,695,-0.9833105791
128,696,0.0073918965
128,697,-0.7445813396
128,698,0.2285386062
128,699,3.0034823777
128,700,1.7849554234
128,701,-0.1957255030
128,702,0.4367488212
128,703,1.5189841348
128,704,-0.1093239877
128,705,0.5778324426
128,706,0.2014807296
128,707,-2.7244024137
128,708,0.0000010491
128,709,0.2254392757
128,710,0.6100998043
128,711,0.9286862528
128,712,-0.2574994558
128,713,2.1282374205
128,714,-3.5645545662
128,715,-0.1870898073
128,716,-0.4485789175
128,717,2.8474249687
128,718,1.3454327805
128,719,-1.4662650744
128,720,-1.3740024061
128,721,-0.9287223209
128,722,0.0000000000
128,723,0.5779682041
128,724,-0.0000715826
128,725,0.1465121955
128,726,0.7730072230
128,727,-0.0049298182
128,728,-0.0000003303
128,729,-1.9025776790
128,730,-0.5776050995
128,731,2.0389508988
128,732,-0.3453655716
128,733,2.1513406454
128,734,-0.0002368221
128,735,1.9314719490
128,736,1.3732557717
128,737,-1.0011244815
128,738,1.4203264748
128,739,-0.0001224611
128,740,2.0326582421
128,741,1.1211320256
128,742,0.6043560208
128,743,-1.5326085807
128,744,2.4434029089
128,745,-0.0000000000
128,746,-0.0888650999
128,747,-1.5814017133
128,748,0.5667012943
128,749,-1.2971407352
128,750,1.6651207349
128,751,1.3812503993
128,752,-0.2642397001
128,753,0.6615302629
128,754,-2.8762715047
128,755,2.3855524322
128,756,2.0351560677
128,757,-0.0000000000
128,758,0.7023562728
128,759,-1.7401331571
128,760,1.4498602934
128,761,-0.8456127708
128,762,1.4581832570
128,763,0.0000000000
128,764,-3.0419435234
128,765,0.9262496810
128,766,0.6304821264
128,767,-0.0000001421
128,768,3.2999889689
128,769,-0.0761864369
128,770,-6.9651558288
128,771,1.2941506370
128,772,0.3458928348
128,773,0.9809197473
128,774,0.3963636791
128,775,-0.0000532057
128,776,-0.0000030708
128,777,-0.7129541594
128,778,0.2278537788
128,779,0.6887831788
128,780,2.1959014134
128,781,0.4045338417
128,782,0.7243980209
128,783,1.2089358565
128,784,2.1898811847
128,785,1.2337057048
128,786,2.1572705705
128,787,2.4354964279
128,788,-4.6888795150
128,789,-0.0014183684
128,790,0.0380643085
128,791,0.2520531395
128,792,-0.5251796299
128,793,-0.8307339323
128,794,1.8585020981
128,795,1.8195333251
128,796,2.4080428193
128,797,-7.0139649675
128,798,-0.0000000000
128,799,-0.5434227824
128,800,1.7529473493
128,801,-0.0000007625
128,802,3.3348176861
128,803,1.2863000296
128,804,3.8088240774
128,805,0.4311078860
128,806,-0.5146522843
128,807,-0.0025313573
128,808,-3.5549028782
128,809,-1.4334841515
128,810,1.1181634248
128,811,1.1658472599
128,812,-0.0004353602
128,813,-0.0546459702
128,814,2.4974031847
128,815,0.6478126541
128,816,1.1601528679
128,817,2.8516772216
128,818,0.5801913790
128,819,-7.0269740434
128,820,2.6696694462
128,821,0.3241207318
128,822,-0.0000000000
128,823,2.6874362828
128,824,1.1089503133
128,825,-1.4565279949
128,826,-0.5931780500
128,827,3.0898168178
128,828,1.7810471556
128,829,2.9698549290
128,830,1.1654226626
128,831,-0.0000341420
128,832,0.0506145314
128,833,3.4549909397
128,834,1.4547277935
128,835,0.5918201909
128,836,-3.5440966635
128,837,3.2416636292
128,838,-0.0000001726
128,839,3.2621482060
128,840,0.0968640741
128,841,-0.3363792541
128,842,3.6434117374
128,843,2.9148613842
128,844,-0.0000000001
128,845,3.1441171188
128,846,2.0341254746
128,847,2.4650706212
128,848,-0.0000000320
128,849,0.7060480212
128,850,0.8897262948
128,851,0.8299979659
128,852,4.6227000847
128,853,0.0728844792
128,854,-0.0000000000
128,855,0.0271320948
128,856,0.6900353165
128,857,-0.7381644217
128,858,-2.6704961352
128,859,1.4837025222
128,860,0.8253461160
128,861,2.0914555701
128,862,3.3162748015
128,863,-0.0000004560
128,864,2.5642062247
128,865,0.3936461033
128,866,-0.1387273091
128,867,0.3467483749
128,868,0.6148303072
128,869,3.6214450039
128,870,4.4281187843
128,871,1.2632487405
128,872,-1.2298124117
128,873,-0.0000000000
128,874,2.4048503045
128,875,4.2560895304
128,876,-0.2457986870
128,877,2.7835119696
128,878,1.5379761190
128,879,1.6098356822
128,880,0.1440868681
128,881,-3.2697460708
128,882,0.1243904525
128,883,-6.8806879534
128,884,0.5809554950
128,885,0.2301239938
128,886,1.2041863478
128,887,4.5401520809
128,888,2.7343236308
128,889,2.2633928975
128,890,0.9120848466
128,891,3.1786517906
128,892,-0.0000081588
128,893,0.1547263549
128,894,-8.6572125853
128,895,-3.8766964939
128,896,2.2912159763
128,897,-0.0000003717
128,898,1.5009992226
128,899,3.9494252909
128,900,2.4021175343
128,901,2.1375085807
128,902,-0.0000000000
128,903,0.9635347071
128,904,0.9028400503
128,905,2.1900514496
128,906,3.3104318388
128,907,2.5003627274
128,908,-0.0000000000
128,909,4.0878656460
128,910,1.1799702873
128,911,2.8527667731
128,912,3.3005685298
128,913,2.9889241767
128,914,-0.0774098837
128,915,2.0728887207
128,916,0.3554922160
128,917,1.9695491840
128,918,-0.0522406388
128,919,-9.3418047685
128,920,3.6126949841
128,921,1.7802685716
128,922,4.4999657750
128,923,2.9859894831
128,924,2.0373344562
128,925,1.4161622353
128,926,2.0186549373
128,927,1.9288744255
128,928,5.5988576062
128,929,2.3061548390
128,930,4.6626077253
128,931,0.6903096979
128,932,2.2018366129
128,933,-2.7521557135
128,934,1.0702498975
128,935,1.3464046312
128,936,1.0485085582
128,937,1.6339453144
128,938,4.7624594266
128,939,0.9243967060
128,940,0.9165765861
128,941,2.6124561408
128,942,2.0410746097
128,943,-0.2442308454
128,944,3.5824288085
128,945,-0.0000000000
128,946,0.4767986202
128,947,3.7171374262
128,948,5.0477849493
128,949,1.5764624104
128,950,1.8971567526
128,951,0.0059469707
128,952,3.6660076590
128,953,1.8472154427
128,954,4.2495501457
128,955,-0.4809992582
128,956,-0.0000039506
128,957,5.5151060152
128,958,-3.4345293984
128,959,6.2820134278
128,960,3.5914828950
128,961,-4.0836271435
128,962,3.6727780157
128,963,3.2760861859
128,964,-3.5622977433
128,965,4.0882265185
128,966,2.0075243566
128,967,2.9755602246
128,968,1.7642974362
128,969,1.9657567025
128,970,5.1778172449
128,971,3.5808361834
128,972,3.8707555043
128,973,3.2570062620
128,974,1.6574574026
128,975,3.1471578361
128,976,6.0198318314
128,977,3.0344817900
128,978,4.7994314016
128,979,2.3265694887
128,980,2.4326377183
128,981,4.5951858142
128,982,2.5746744770
128,983,2.4396085732
128,984,5.9429529120
128,985,0.4685506434
128,986,4.3193495228
128,987,3.4926185065
128,988,4.3665909496
128,989,1.4205369683
128,990,1.4827588985
128,991,2.5625446205
128,992,2.8393117334
128,993,2.0181551232
128,994,4.0610765532
128,995,6.3816991268
128,996,-0.2658874142
128,997,4.9250289508
128,998,6.0186978032
128,999,5.5120770774
128,1000,-1.1917933402
128,1001,1.1567450393
128,1002,3.6969182865
128,1003,-0.0000000000
128,1004,1.9611204299
128,1005,1.8846287770
128,1006,0.6936531230
128,1007,5.5574318205
128,1008,0.6603125858
128,1009,5.1777898511
128,1010,2.3416226183
128,1011,1.2781441497
128,1012,0.8423851022
128,1013,0.6046718619
128,1014,4.5037747698
128,1015,-3.6574740051
128,1016,3.0473062056
128,1017,4.3800927548
128,1018,3.1866503457
128,1019,0.0000000000
128,1020,1.0097508027
128,1021,1.9187522571
128,1022,4.9988317911
128,1023,2.5750406586
128,1024,2.8544411058
128,1025,5.7484748767
128,1026,5.8928577079
128,1027,1.7758588830
128,1028,1.7934021111
128,1029,4.8367074729
128,1030,5.1662814674
128,1031,2.3037085612
128,1032,1.6569533369
128,1033,4.0588325167
128,1034,4.1734618287
128,1035,2.3564721500
128,1036,2.1985336237
128,1037,2.2558419843
128,1038,2.5969661803
128,1039,3.4573221800
128,1040,4.6076763257
128,1041,4.6249191422
128,1042,3.0514380096
128,1043,4.7148869263
128,1044,4.2610412807
128,1045,3.1044517614
128,1046,1.9907915140
128,1047,0.0000000000
128,1048,4.5416103619
128,1049,2.5195164225
128,1050,2.8463015485
128,1051,1.8878408303
128,1052,4.0426639685
128,1053,0.2580372418
128,1054,6.3476133510
128,1055,4.1908598804
128,1056,3.2421221376
128,1057,2.6958749041
128,1058,5.0229631797
128,1059,5.1708428731
128,1060,-3.1515039881
128,1061,-0.0000000000
128,1062,3.4545723161
128,1063,3.8341572259
128,1064,2.8505580137
128,1065,3.3183758185
128,1066,5.5032158269
128,1067,4.1862254208
128,1068,0.6537110582
128,1069,3.6147875955
128,1070,2.2224450085
128,1071,3.7483771476
128,1072,3.2357076049
128,1073,2.1016030108
128,1074,4.5554783894
128,1075,2.1908871882
128,1076,0.9066200356
128,1077,7.3477998024
128,1078,-0.0000000000
128,1079,4.0629141966
128,1080,4.5612497848
128,1081,8.6201649524
128,1082,-0.0000002104
128,1083,5.0469770273
128,1084,2.1815243194
128,1085,3.2963673176
128,1086,4.4414095710
128,1087,7.4590989639
128,1088,3.6521040306
128,1089,5.2089574878
128,1090,3.4551588127
128,1091,0.2057945420
128,1092,5.1839820627
128,1093,3.6079276345
128,1094,7.2456243688
128,1095,4.7564447734
128,1096,3.5701233760
128,1097,5.2104680496
128,1098,5.5904348721
128,1099,6.3915640592
128,1100,6.9622514131
128,1101,7.3059503232
128,1102,4.2455478400
128,1103,4.5478981366
128,1104,6.3483021269
128,1105,6.8671053826
128,1106,5.9436278828
128,1107,4.5949873997
128,1108,6.0405395214
128,1109,3.3551907144
128,1110,3.5340975564
128,1111,5.4290556798
128,1112,4.7115480472
128,1113,4.1139504011
128,1114,8.2965460411
128,1115,6.7401102358
128,1116,2.7887250571
128,1117,8.0998568282
128,1118,5.4886522491
128,1119,3.5951086796
128,1120,2.6556186659
128,1121,5.4793011896
128,1122,3.4373439401
128,1123,6.0540413114
128,1124,0.8666574085
128,1125,3.4176872334
128,1126,-0.0000000001
128,1127,6.7201983632
128,1128,4.4659476763
128,1129,5.1895790004
128,1130,-4.2868309211
128,1131,1.7745022314
128,1132,6.2090201592
128,1133,4.7140952951
128,1134,7.0961638270
128,1135,1.6031226048
128,1136,0.2788728112
128,1137,6.7260508826
128,1138,6.9471521857
128,1139,5.5939351019
128,1140,2.4058731014
128,1141,2.5198149064
128,1142,5.6933205910
128,1143,2.3701434681
128,1144,3.8160748890
128,1145,4.3450128615
128,1146,7.9208846096
128,1147,10.8204628690
128,1148,2.1039904988
128,1149,6.6505052405
128,1150,4.1030735348
128,1151,6.5331601340
128,1152,7.0786137531
128,1153,6.3218718431
128,1154,6.4163805245
128,1155,3.0503755998
128,1156,3.9173846433
128,1157,6.5311759846
128,1158,8.0406723186
128,1159,5.7122680404
128,1160,8.5518931213
128,1161,4.9783341601
128,1162,5.1514748663
128,1163,6.1926230966
128,1164,6.9144878808
128,1165,3.5108314150
128,1166,1.2156220824
128,1167,5.6038083063
128,1168,5.5213498888
128,1169,3.3832434798
128,1170,4.8108268183
128,1171,6.6794437713
128,1172,3.7869394469
128,1173,2.1683824224
128,1174,3.9371686580
128,1175,3.9644207757
128,1176,6.8767410745
128,1177,4.9292378691
128,1178,8.4312225033
128,1179,4.0649221510
128,1180,0.5979558963
128,1181,6.1997306392
128,1182,6.7350984728
128,1183,3.8801313774
128,1184,5.3893078705
128,1185,4.5577006171
128,1186,6.6765993279
128,1187,3.0488945369
128,1188,5.4784353027
128,1189,2.0050955543
128,1190,3.8844288694
128,1191,0.1040237781
128,1192,6.0660179471
128,1193,5.7465371756
128,1194,4.0585401805
128,1195,3.6071560475
128,1196,6.9054592326
128,1197,4.6120118220
128,1198,7.6622261069
128,1199,8.9571826101
128,1200,5.6792905596
128,1201,6.7045845043
128,1202,4.8908431666
128,1203,8.5912640460
128,1204,3.4408569952
128,1205,6.2865352749
128,1206,6.5853194696
128,1207,-5.5062534499
128,1208,1.8726847648
128,1209,5.4651813541
128,1210,3.7592425391
128,1211,7.2888194955
128,1212,6.7210007440
128,1213,2.9293368022
128,1214,5.4634406862
128,1215,6.6170322780
128,1216,5.6361075651
128,1217,3.1659290779
128,1218,2.6568718518
128,1219,5.8971180057
128,1220,5.3335526041
128,1221,4.3022144287
128,1222,7.4788172414
128,1223,10.2496330700
128,1224,3.5948168266
128,1225,2.2338982692
128,1226,0.0000000000
128,1227,5.2869813622
128,1228,5.0887478614
128,1229,5.6088112729
128,1230,6.2417126920
128,1231,7.9725912542
128,1232,0.4806687502
128,1233,3.7735610966
128,1234,8.7710923641
128,1235,3.8799574715
128,1236,10.2100467967
128,1237,4.8981498898
128,1238,7.2305990526
128,1239,4.4758585235
128,1240,1.6021832140
128,1241,3.7606638622
128,1242,3.8858168714
128,1243,6.1282909331
128,1244,7.6724876320
128,1245,-0.8675120363
128,1246,8.0910037562
128,1247,4.7528997096
128,1248,4.2683677402
128,1249,9.9023813602
128,1250,7.8244619443
128,1251,6.3377941978
128,1252,6.8806364971
128,1253,2.0293787822
128,1254,6.1918603606
128,1255,5.7987119917
128,1256,5.4254389775
128,1257,3.3870663343
128,1258,9.4488341627
128,1259,10.3089541578
128,1260,7.5340847928
128,1261,3.9329938703
128,1262,8.3401041378
128,1263,3.1722952958
128,1264,2.8211471095
128,1265,10.9331464748
128,1266,2.4178067006
128,1267,4.8479079205
128,1268,7.7036194775
128,1269,9.6559316999
128,1270,6.3182624785
128,1271,4.3368358211
128,1272,6.1657990113
128,1273,7.1045255089
128,1274,7.2929467914
128,1275,7.7597812037
128,1276,3.0027032558
128,1277,0.2910375975
128,1278,6.6066189123
128,1279,6.9383295913
128,1280,4.6256688068
128,1281,6.3641272500
128,1282,6.5740216387
128,1283,9.6997711770
128,1284,8.1125715292
128,1285,6.1119743225
128,1286,5.4849699313
128,1287,5.7800634949
128,1288,6.7871679276
128,1289,6.4088676727
128,1290,9.4467906435
128,1291,6.8371881656
128,1292,2.5273547494
128,1293,7.9274228178
128,1294,9.1041977564
128,1295,2.2885652197
128,1296,8.5249714455
128,1297,4.8468044214
128,1298,9.2102734852
128,1299,4.4675561919
128,1300,5.9197233935
128,1301,2.2852130356
128,1302,7.5559531802
128,1303,9.9542739434
128,1304,5.7967136338
128,1305,4.6595932831
128,1306,6.3136770427
128,1307,2.3441091990
128,1308,7.3582755503
128,1309,9.3507879210
128,1310,6.4312565841
128,1311,2.2449582433
128,1312,5.3558942063
128,1313,8.7712557335
128,1314,8.4705000066
128,1315,6.6075767047
128,1316,0.6816294162
128,1317,7.6790648260
128,1318,2.5484694133
128,1319,8.1594248183
128,1320,4.5242526038
128,1321,4.0742830769
128,1322,5.3966378314
128,1323,10.2225499826
128,1324,8.3800908511
128,1325,6.6059325028
128,1326,4.3422582373
128,1327,9.0233868298
128,1328,8.9470903213
128,1329,7.1536821233
128,1330,8.0402087717
128,1331,5.7808070957
128,1332,2.9794602209
128,1333,6.6158261761
128,1334,7.2005691609
128,1335,8.1212288005
128,1336,6.3374532660
128,1337,4.1573173519
128,1338,8.8666934513
128,1339,9.5001895579
128,1340,10.2360522775
128,1341,4.7477164720
128,1342,4.4924788866
128,1343,8.6682326552
128,1344,9.5008838645
128,1345,4.7365183211
128,1346,7.2235111565
128,1347,4.8037848285
128,1348,7.9330779018
128,1349,7.6456490420
128,1350,5.7773643288
128,1351,8.4533467238
128,1352,6.1058154620
128,1353,8.3495453195
128,1354,11.2996052760
128,1355,-0.0000000215
128,1356,7.1224042375
128,1357,8.3955103486
128,1358,8.9109346162
128,1359,8.1358944674
128,1360,9.2852429243
128,1361,8.4620743775
128,1362,9.4250531718
128,1363,9.9218528428
128,1364,1.3292954420
128,1365,1.7693447786
128,1366,8.1279141297
128,1367,6.2439084396
128,1368,9.5090379344
128,1369,10.2744875850
128,1370,9.3510883311
128,1371,6.8355242745
128,1372,10.9561437231
128,1373,7.1818310599
128,1374,6.2405815265
128,1375,0.0000000000
128,1376,8.7281278010
128,1377,5.9383631985
128,1378,10.4548350366
128,1379,4.8918586175
128,1380,7.0616639364
128,1381,7.6176557152
128,1382,10.6404439790
128,1383,9.2107741575
128,1384,7.3001530074
128,1385,-0.0000000000
128,1386,5.3683027749
128,1387,11.0822846742
128,1388,9.5254609884
128,1389,9.6488326019
128,1390,7.3838052251
128,1391,9.5342276734
128,1392,5.2187404542
128,1393,7.2405705931
128,1394,9.7772395100
128,1395,9.1184133479
128,1396,1.9399470223
128,1397,2.0915395643
128,1398,9.0764486199
128,1399,7.7426374824
128,1400,11.4291014621
128,1401,6.5905240450
128,1402,5.6790175242
128,1403,5.6365292543
128,1404,10.4136989875
128,1405,8.4056250509
128,1406,2.8156070098
128,1407,6.0279692897
128,1408,9.9297398630
128,1409,5.9643776819
128,1410,4.0442000861
128,1411,7.4272602908
128,1412,5.6440595877
128,1413,5.9302519277
128,1414,9.8536831879
128,1415,9.0685038571
128,1416,6.4804348315
128,1417,5.4359150362
128,1418,1.3199698921
128,1419,6.9143390631
128,1420,10.0102361243
128,1421,5.9631512720
128,1422,9.3992206134
128,1423,9.1824093077
128,1424,8.0442579626
128,1425,3.0078714414
128,1426,5.0142835172
128,1427,11.0679301101
128,1428,9.5730852286
128,1429,-0.2530131303
128,1430,11.8574877119
128,1431,4.9195951757
128,1432,4.9634934502
128,1433,5.9430923289
128,1434,8.8238253706
128,1435,9.0132010023
128,1436,6.5676505923
128,1437,8.0803597503
128,1438,8.7444169856
128,1439,9.8411518698
128,1440,12.8633772988
128,1441,8.9412775442
128,1442,6.7986897300
128,1443,4.5845207410
128,1444,0.0000000293
128,1445,11.8268939823
128,1446,10.7081915329
128,1447,11.0347938689
128,1448,9.0251742138
128,1449,11.0374948897
128,1450,1.8742995056
128,1451,8.9841941347
128,1452,6.9710472298
128,1453,11.0426087687
128,1454,7.2525338970
128,1455,8.3217337139
128,1456,6.7052054200
128,1457,7.9045859114
128,1458,10.0184424898
128,1459,5.8650057183
128,1460,9.2579595257
128,1461,7.4825635092
128,1462,11.5974423920
128,1463,10.9771907629
128,1464,7.3720329173
128,1465,10.1849176300
128,1466,5.6847024798
128,1467,12.6089755253
128,1468,11.4198199761
128,1469,11.6220049321
128,1470,6.8771726724
128,1471,12.0935195076
128,1472,8.4219473860
128,1473,6.0422930510
128,1474,14.5712376373
128,1475,12.2962994265
128,1476,11.8516768704
128,1477,8.6511443771
128,1478,2.3038919725
128,1479,10.7481166705
128,1480,10.4367679414
128,1481,10.9883810572
128,1482,3.5336460978
128,1483,10.2353476727
128,1484,7.7187864271
128,1485,9.6329739319
128,1486,12.1335271486
128,1487,13.1864879112
128,1488,8.8750245106
128,1489,10.8376378919
128,1490,11.3464386315
128,1491,10.6136752290
128,1492,8.9259327684
128,1493,9.6234915749
128,1494,6.1196239356
128,1495,8.1539166102
128,1496,10.8982990297
128,1497,10.6287382318
128,1498,11.4668346524
128,1499,11.3272436241
128,1500,11.6358727117
128,1501,7.3635039395
128,1502,8.2499964185
128,1503,9.7013546624
128,1504,9.6578546031
128,1505,12.7099943880
128,1506,8.3037163276
128,1507,8.4368691567
128,1508,11.9402159143
128,1509,12.3100030433
128,1510,6.3684383977
128,1511,8.4648851555
128,1512,1.4374592599
128,1513,9.3152124851
128,1514,10.4481404527
128,1515,13.2792106207
128,1516,9.3444135704
128,1517,11.8953082829
128,1518,9.9502657779
128,1519,9.6325440107
128,1520,7.7340877461
128,1521,12.2512108158
128,1522,12.5215126817
128,1523,11.2933489757
128,1524,11.5798234308
128,1525,9.3261323964
128,1526,6.8541921601
128,1527,6.9889142448
128,1528,8.3552453541
128,1529,15.7321612297
128,1530,14.7183524247
128,1531,10.9885277031
128,1532,5.2990632676
128,1533,6.1423057354
128,1534,10.1859960996
128,1535,9.6693378859
128,1536,12.7204735354
128,1537,10.3765331668
128,1538,10.4336440512
128,1539,8.5296604259
128,1540,11.4899907994
128,1541,9.8672995401
128,1542,12.6423142531
128,1543,12.5311499045
128,1544,9.5200764629
128,1545,-0.0000002573
128,1546,16.3600951759
128,1547,12.8895561879
128,1548,8.6134498067
128,1549,9.2518358836
128,1550,10.1390778950
128,1551,11.0485322450
128,1552,9.3724522646
128,1553,7.2251963956
128,1554,8.0034531111
128,1555,6.4383555761
128,1556,6.6386893025
128,1557,14.2559174905
128,1558,10.4110759381
128,1559,11.3070722600
128,1560,8.2015862882
128,1561,9.9521429927
128,1562,8.5929982312
128,1563,11.2805644384
128,1564,9.1755262066
128,1565,11.1867504519
128,1566,12.7847572889
128,1567,6.9399368143
128,1568,5.9868941248
128,1569,12.8312424665
128,1570,10.9574405411
128,1571,10.0485254644
128,1572,11.8574417561
128,1573,12.2466910883
128,1574,9.9381399951
128,1575,12.7331516299
128,1576,8.7781306019
128,1577,3.2201325234
128,1578,14.6709501593
128,1579,12.6493674268
128,1580,14.2651875862
128,1581,11.8907207299
128,1582,10.7069580457
128,1583,2.6188229306
128,1584,12.5796588050
128,1585,0.1150622544
128,1586,5.5615019508
128,1587,10.5849860306
128,1588,12.5514421627
128,1589,5.6813437230
128,1590,13.1348318445
128,1591,8.8166469839
128,1592,14.3275992369
128,1593,9.5995305607
128,1594,10.3153262893
128,1595,9.8540293227
128,1596,9.1821342840
128,1597,8.4505630771
128,1598,11.4599114787
128,1599,13.8820534993
128,1600,6.4694237028
128,1601,9.4520715353
128,1602,9.8488497072
128,1603,12.1113779826
128,1604,10.0944870904
128,1605,9.2928319499
128,1606,7.1995896022
128,1607,10.4153395787
128,1608,10.9305514260
128,1609,10.7036053739
128,1610,10.0139007418
128,1611,8.4609283774
128,1612,10.2999812535
128,1613,12.0128802387
128,1614,14.1612262786
128,1615,14.3749969252
128,1616,12.2930141115
128,1617,12.2383013272
128,1618,0.6903209398
128,1619,-0.0000000000
128,1620,4.0999178315
128,1621,7.9280172789
128,1622,10.6874166832
128,1623,9.5175378453
128,1624,13.9264549123
128,1625,10.9745005428
128,1626,12.4991256692
128,1627,14.6825269249
128,1628,12.3828748091
128,1629,11.2730827962
128,1630,10.8673796773
128,1631,2.4928274955
128,1632,10.3062607866
128,1633,10.2765405862
128,1634,10.8374070414
128,1635,12.6449547549
128,1636,11.2245666444
128,1637,7.9043464306
128,1638,12.4505616059
128,1639,15.5050102666
128,1640,10.7415941502
128,1641,13.4533092385
128,1642,12.7927782219
128,1643,9.9640554863
128,1644,11.1546716456
128,1645,11.3893390369
128,1646,13.3990144820
128,1647,13.1948406096
128,1648,8.1881399413
128,1649,6.9012321823
128,1650,15.5478099953
128,1651,13.5242085903
128,1652,9.3009637893
128,1653,11.3589024047
128,1654,12.5107833236
128,1655,12.3621034495
128,1656,12.4500311126
128,1657,7.9172150981
128,1658,11.2346209106
128,1659,16.6241448573
128,1660,14.1052629826
128,1661,13.0634558637
128,1662,12.2185884148
128,1663,11.9381247115
128,1664,7.1654699683
128,1665,7.2773009833
128,1666,9.8555817437
128,1667,13.8181168078
128,1668,13.3267968975
128,1669,9.2286320881
128,1670,14.2449699817
128,1671,12.7644866867
128,1672,5.5040706057
128,1673,10.4606984643
128,1674,8.0976145888
128,1675,13.3538971160
128,1676,16.4657578677
128,1677,14.4960576262
128,1678,14.0124417165
128,1679,9.3063047660
128,1680,12.8103098018
128,1681,15.2953502910
128,1682,11.9029456840
128,1683,9.0427154070
128,1684,12.8627960000
128,1685,12.2314849561
128,1686,9.5140234610
128,1687,13.5323796174
128,1688,12.3019809399
128,1689,13.7346046760
128,1690,11.6212983393
128,1691,13.6805269101
128,1692,3.5590348363
128,1693,13.7989959494
128,1694,13.8277228280
128,1695,16.7985237340
128,1696,5.9336067404
128,1697,11.0003457338
128,1698,12.4832880599
128,1699,13.6772397199
128,1700,14.8956264331
128,1701,12.6250994208
128,1702,10.3353051609
128,1703,14.8195364208
128,1704,14.6191224187
128,1705,10.6182993636
128,1706,10.4372077494
128,1707,10.9897731856
128,1708,14.8617307196
128,1709,14.9383604731
128,1710,9.8826526661
128,1711,12.5230146202
128,1712,8.7001032131
128,1713,16.5109963250
128,1714,11.0032503026
128,1715,12.4425808815
128,1716,14.6837464130
128,1717,0.0000000000
128,1718,-0.0000000000
128,1719,15.7365328281
128,1720,15.6020122375
128,1721,7.7990082634
128,1722,16.3210735316
128,1723,14.3927779900
128,1724,15.1579917040
128,1725,13.7113780912
128,1726,12.5445633831
128,1727,14.6980955418
128,1728,14.1033121488
128,1729,15.5010905233
128,1730,14.0301109538
128,1731,12.2786419910
128,1732,11.3645222832
128,1733,13.3831866061
128,1734,10.7129677545
128,1735,9.8556513213
128,1736,18.7988801849
128,1737,12.1820773440
128,1738,15.9087358467
128,1739,13.6240510946
128,1740,5.8024963830
128,1741,14.0411996832
128,1742,15.5761550282
128,1743,8.5796374047
128,1744,6.8567449930
128,1745,13.8325730384
128,1746,11.7440004333
128,1747,17.8009672717
128,1748,11.2733204237
128,1749,16.2113727975
128,1750,10.4432916505
128,1751,13.7904418722
128,1752,7.0954552849
128,1753,15.1401485137
128,1754,-0.0368089889
128,1755,10.6394818466
128,1756,4.1212432874
128,1757,15.0716054984
128,1758,14.9629046803
128,1759,13.5093356172
128,1760,18.0885093033
128,1761,12.1071091102
128,1762,11.3905680118
128,1763,12.3753697799
128,1764,14.8149085130
128,1765,15.0814034816
128,1766,6.6432463144
128,1767,11.1579050696
128,1768,6.9748066889
128,1769,13.5941956104
128,1770,7.2816082309
128,1771,15.7010325490
128,1772,6.0691054943
128,1773,11.6059265186
128,1774,7.7442718809
128,1775,15.7845834067
128,1776,15.8963226407
128,1777,11.8814867746
128,1778,6.4266839119
128,1779,14.6544610262
128,1780,11.9215104084
128,1781,12.3637651577
128,1782,15.6690214991
128,1783,17.3125700434
128,1784,15.2106244269
128,1785,15.3177653541
128,1786,12.7324828724
128,1787,14.5580261521
128,1788,20.5984417627
128,1789,16.3623417227
128,1790,15.6731158735
128,1791,15.5937034666
128,1792,14.1229688712
128,1793,8.2934575625
128,1794,15.0623120878
128,1795,9.4042131733
128,1796,14.7073249451
128,1797,11.8518734851
128,1798,10.6661290636
128,1799,13.2868112007
128,1800,17.6903011343
128,1801,12.3826009679
128,1802,7.1746095626
128,1803,12.0924985515
128,1804,6.3521594377
128,1805,15.8358370093
128,1806,14.4259523423
128,1807,15.7504725650
128,1808,10.3281634649
128,1809,16.3400022431
128,1810,14.7410151037
128,1811,14.2294814671
128,1812,11.3791758818
128,1813,16.9406788483
128,1814,14.6656060966
128,1815,10.6761660101
128,1816,20.8312683338
128,1817,10.5620813736
128,1818,15.0983362287
128,1819,16.1151156647
128,1820,15.5040241760
128,1821,17.5261173958
128,1822,16.8145158066
128,1823,16.3271265193
128,1824,16.1216252499
128,1825,16.5596848301
128,1826,11.7064438399
128,1827,14.3286533380
128,1828,20.4868470650
128,1829,14.1739174213
128,1830,18.3711212538
128,1831,13.6490269151
128,1832,12.5138705142
128,1833,16.2065289823
128,1834,15.7933081632
128,1835,16.1948449163
128,1836,15.8553803346
128,1837,15.6753237512
128,1838,17.0411886911
128,1839,15.2376843067
128,1840,16.4868600554
128,1841,14.1962215448
128,1842,14.5438480913
128,1843,14.9329902196
128,1844,4.1437255876
128,1845,11.7109535111
128,1846,12.8713712778
128,1847,21.3226343069
128,1848,19.3450889542
128,1849,18.9177532993
128,1850,19.1664723375
128,1851,17.6024429245
128,1852,10.7555000406
128,1853,11.9071330878
128,1854,15.0979949320
128,1855,15.7747563384
128,1856,10.4766725315
128,1857,15.4229308625
128,1858,11.9983662844
128,1859,18.9613472985
128,1860,14.3141355206
128,1861,11.2370378799
128,1862,15.1421576683
128,1863,8.9130016527
128,1864,15.1129316099
128,1865,16.8641154160
128,1866,15.4164165043
128,1867,17.9017494694
128,1868,18.6102441602
128,1869,14.5414060478
128,1870,13.2088611066
128,1871,13.0881232145
128,1872,12.5239906012
128,1873,18.2179264152
128,1874,13.8554223332
128,1875,16.3080158748
128,1876,16.0695530503
128,1877,13.9483353748
128,1878,16.5908790618
128,1879,14.8061595564
128,1880,15.4696864770
128,1881,15.3691040817
128,1882,17.0262665852
128,1883,17.1984558680
128,1884,20.1376423018
128,1885,14.1758750963
128,1886,15.2186532536
128,1887,11.6399589686
128,1888,16.0431229186
128,1889,17.0720029853
128,1890,15.7926728657
128,1891,14.6683474591
128,1892,9.3276420674
128,1893,15.6125714036
128,1894,12.4754806823
128,1895,14.7945978265
128,1896,22.1806988330
128,1897,19.1856801389
128,1898,20.0455913989
128,1899,18.5800223667
128,1900,15.9775900490
128,1901,19.0260782692
128,1902,12.0079027614
128,1903,19.2058702357
128,1904,13.5407118587
128,1905,18.7825546761
128,1906,14.1674966398
128,1907,18.9409134890
128,1908,20.4820398034
128,1909,17.6582411471
128,1910,11.2164984540
128,1911,17.7123784816
128,1912,15.3641007001
128,1913,14.4342154432
128,1914,13.1734525114
128,1915,12.5338536259
128,1916,12.6334596259
128,1917,22.1100477419
128,1918,15.6565948540
128,1919,17.1270560344
128,1920,8.0435790219
128,1921,18.0314408375
128,1922,7.1679131975
128,1923,22.6376912185
128,1924,14.9225500147
128,1925,15.4136507339
128,1926,15.0238116051
128,1927,16.2647197228
128,1928,19.2563907749
128,1929,17.3767370761
128,1930,14.1137220320
128,1931,16.5055885205
128,1932,18.1959957106
128,1933,16.5173542022
128,1934,6.7376297950
128,1935,19.1732612560
128,1936,15.1126873063
128,1937,16.4245197298
128,1938,15.7983964708
128,1939,17.6460205929
128,1940,16.7440250480
128,1941,19.8265828156
128,1942,18.3955787987
128,1943,22.0839965791
128,1944,18.5618011878
128,1945,15.2682618751
128,1946,21.7040945167
128,1947,20.2891574671
128,1948,21.1251861780
128,1949,17.9946341872
128,1950,18.2803265618
128,1951,17.0199662753
128,1952,16.5396171619
128,1953,11.3718390593
128,1954,17.1157876980
128,1955,12.1332974562
128,1956,23.0432508595
128,1957,18.1490458059
128,1958,14.1560339876
128,1959,13.7913896598
128,1960,18.5895343175
128,1961,19.4603165577
128,1962,16.3514458187
128,1963,15.5228205265
128,1964,15.5437829720
128,1965,17.9077719035
128,1966,13.0150852159
128,1967,21.1751043028
128,1968,23.3016268699
128,1969,15.5334214067
128,1970,14.9167570722
128,1971,14.0478496350
128,1972,16.6645705291
128,1973,12.4475459251
128,1974,14.4652701466
128,1975,16.2062587250
128,1976,17.2979998198
128,1977,17.9386954502
128,1978,17.1055477481
128,1979,17.9745004917
128,1980,16.0688518716
128,1981,18.6718120251
128,1982,12.6023410190
128,1983,15.5190369565
128,1984,17.4918665764
128,1985,15.4092036498
128,1986,13.5747343032
128,1987,16.5053384494
128,1988,17.6479700731
128,1989,13.5658443750
128,1990,21.3458212665
128,1991,16.4683835741
128,1992,15.2276379018
128,1993,17.1026104893
128,1994,16.7698321938
128,1995,18.3498824622
128,1996,14.1196251419
128,1997,17.8309345690
128,1998,16.9322926618
128,1999,18.9922688908
128,2000,16.3531960666
128,2001,21.8891556063
128,2002,22.8117972463
128,2003,18.6956296214
128,2004,22.7894673898
128,2005,4.0251207945
128,2006,15.7259936230
128,2007,13.0224448934
128,2008,20.5684960047
128,2009,16.4064952811
128,2010,20.5057349508
128,2011,18.6733057090
128,2012,19.5756143101
128,2013,14.1518553364
128,2014,15.8390451730
128,2015,11.0636861528
128,2016,15.7446341541
128,2017,23.9746282951
128,2018,17.0154689482
128,2019,19.2528729765
128,2020,17.5841169738
128,2021,14.7123770130
128,2022,22.0207552394
128,2023,9.2751891422
128,2024,18.4668585674
128,2025,19.9177041212
128,2026,18.3829135090
128,2027,21.7457139745
128,2028,19.1982448978
128,2029,18.6857872993
128,2030,21.1884424110
128,2031,15.7733915879
128,2032,20.4421360463
128,2033,15.1075827452
128,2034,12.5048346710
128,2035,19.0360840447
128,2036,15.7260204701
128,2037,19.7481529930
128,2038,16.8232596240
128,2039,15.1601209365
128,2040,17.3796811601
128,2041,16.6181153766
128,2042,17.1039532411
128,2043,17.2225625542
128,2044,10.6893711275
128,2045,20.1313981113
128,2046,17.2818591060
128,2047,21.2810369687
128,2048,19.9583316707
128,2049,17.1325205076
128,2050,17.9528756106
128,2051,11.8155661609
128,2052,18.8741740408
128,2053,19.0120956686
128,2054,14.8599941580
128,2055,24.1611065544
128,2056,3.9800824566
128,2057,18.9818712293
128,2058,21.6447478042
128,2059,20.5351511337
128,2060,17.4178469369
128,2061,17.7903586612
128,2062,16.9356082538
128,2063,20.8714886585
128,2064,18.7749477759
128,2065,10.8026832040
128,2066,16.6065662791
128,2067,21.8482807569
128,2068,18.5478820854
128,2069,19.2334806247
128,2070,19.5322844695
128,2071,24.7740175965
128,2072,18.5685927563
128,2073,17.9824477315
128,2074,17.5171126525
128,2075,17.5325247909
128,2076,20.2147499982
128,2077,15.4981349624
128,2078,19.2924813416
128,2079,19.3019367106
128,2080,19.3795165339
128,2081,17.2612718381
128,2082,22.2496506998
128,2083,22.0134562368
128,2084,14.0500892873
128,2085,16.4141948046
128,2086,15.0202707336
128,2087,18.4933737963
128,2088,22.0447206699
128,2089,21.1838908299
128,2090,21.2456477243
128,2091,20.8631272608
128,2092,19.4957421776
128,2093,17.9238021623
128,2094,17.4655316678
128,2095,17.4324956459
128,2096,14.9593469743
128,2097,10.1638238300
128,2098,18.8458447518
128,2099,17.4226535682
128,2100,21.8948587698
128,2101,20.5484368500
128,2102,19.7457760422
128,2103,17.9166450707
128,2104,19.6656546214
128,2105,20.7067148460
128,2106,19.5456590827
128,2107,21.2261696246
128,2108,25.0306820250
128,2109,21.3194251492
128,2110,17.8484030507
128,2111,21.5612386206
128,2112,9.4459163020
128,2113,18.5094210559
128,2114,20.7333421953
128,2115,17.4866439507
128,2116,19.6273444157
128,2117,13.3293470022
128,2118,15.7075062360
128,2119,21.2956696280
128,2120,20.9095688194
128,2121,19.1445301698
128,2122,20.3916657875
128,2123,18.5829700347
128,2124,21.2125856488
128,2125,24.1292124176
128,2126,18.4792031323
128,2127,18.6568518408
128,2128,12.8223926418
128,2129,11.0122131868
128,2130,18.7264433450
128,2131,15.8106564939
128,2132,21.1264743079
128,2133,19.1508087471
128,2134,19.4048484768
128,2135,22.4231698155
128,2136,16.9785246300
128,2137,15.8999967372
128,2138,20.1336533251
128,2139,19.2437740518
128,2140,23.3979248639
128,2141,19.8578922519
128,2142,18.0710378939
128,2143,23.2554174153
128,2144,22.3290260250
128,2145,23.7472906815
128,2146,19.9022350880
128,2147,23.0683858993
128,2148,16.9970482122
128,2149,22.5671640162
128,2150,20.4496702743
128,2151,17.6470942426
128,2152,21.9096585153
128,2153,20.4979912591
128,2154,21.4630161891
128,2155,22.0093158169
128,2156,21.8255565805
128,2157,20.6969211021
128,2158,11.5107520730
128,2159,12.2797384360
128,2160,18.0344675105
128,2161,18.0602895615
128,2162,23.6164619944
128,2163,14.9204825068
128,2164,14.9125772083
128,2165,13.9680357374
128,2166,15.3377996618
128,2167,21.7862617428
128,2168,19.3565223644
128,2169,16.8278012914
128,2170,21.4998423032
128,2171,21.4617138130
128,2172,18.3296188086
128,2173,20.8689267700
128,2174,24.3431244181
128,2175,20.0816732810
128,2176,11.7678421133
128,2177,16.3997153178
128,2178,21.3986906140
128,2179,25.5355880304
128,2180,22.0481373139
128,2181,21.6407971496
128,2182,21.4769534009
128,2183,21.1216315255
128,2184,21.5498934049
128,2185,18.6585236593
128,2186,20.7249334237
128,2187,19.5054554988
128,2188,19.9730659483
128,2189,21.2250933162
128,2190,26.2457808116
128,2191,23.6861370592
128,2192,26.5297375908
128,2193,20.3345927694
128,2194,24.2734401400
128,2195,15.6937308164
128,2196,16.6801090023
128,2197,24.0128435004
128,2198,19.6409855516
128,2199,17.4007400627
128,2200,14.8950828748
128,2201,21.2155023299
128,2202,24.0576039874
128,2203,20.9445444137
128,2204,21.4784983711
128,2205,26.6827450410
128,2206,18.6336168525
128,2207,21.5409947806
128,2208,22.5856182489
128,2209,25.8945019152
128,2210,5.8681351416
128,2211,23.2765354148
128,2212,24.1040616219
128,2213,24.4336037919
128,2214,21.0196090050
128,2215,24.9983276234
128,2216,19.8892127780
128,2217,18.9100335761
128,2218,17.5637500502
128,2219,12.7281080537
128,2220,24.5170331851
128,2221,22.8651397972
128,2222,19.1058427550
128,2223,25.0944446905
128,2224,21.3047304287
128,2225,19.1166015877
128,2226,15.9840125586
128,2227,22.2950778677
128,2228,14.8511988692
128,2229,21.8293890184
128,2230,21.0878197119
128,2231,18.3009363656
128,2232,23.1316897366
128,2233,25.1024546876
128,2234,22.8464057185
128,2235,23.9430634877
128,2236,26.2191980993
128,2237,21.8398284173
128,2238,21.4669579510
128,2239,9.5013272586
128,2240,23.8250508176
128,2241,20.4192790467
128,2242,19.7996565186
128,2243,24.7876790802
128,2244,23.2935691134
128,2245,23.2748507395
128,2246,21.8684822858
128,2247,22.4546733327
128,2248,23.3208812013
128,2249,18.3431752960
128,2250,23.4666150519
128,2251,22.7895337901
128,2252,22.5697917441
128,2253,21.2138004676
128,2254,25.1927250104
128,2255,17.7365024722
128,2256,20.8270052243
128,2257,17.5802344605
128,2258,21.3388933413
128,2259,19.5200031286
128,2260,18.5375569155
128,2261,24.1281742203
128,2262,22.6075719582
128,2263,24.8201293919
128,2264,21.1080192738
128,2265,18.9737973015
128,2266,23.9871611535
128,2267,20.4080308567
128,2268,19.6577113312
128,2269,25.3450590581
128,2270,18.5644680565
128,2271,20.2999077699
128,2272,21.1728723557
128,2273,23.7048240167
128,2274,21.5699921076
128,2275,27.6858819660
128,2276,24.5578926556
128,2277,15.6746184863
128,2278,27.1239952050
128,2279,21.4429665346
128,2280,18.6321368949
128,2281,22.9330011818
128,2282,22.8646541349
128,2283,21.2471050912
128,2284,27.7194629756
128,2285,25.0966577455
128,2286,22.4704389864
128,2287,23.6586326606
128,2288,26.3677042177
128,2289,1.0353304402
128,2290,14.1348461529
128,2291,22.0410076639
128,2292,13.6346404879
128,2293,24.3393215451
128,2294,25.2026382363
128,2295,22.5106176852
128,2296,20.1246471345
128,2297,19.7094315817
128,2298,25.5693322611
128,2299,17.0045016761
128,2300,25.2603128595
128,2301,22.8044979137
128,2302,26.6375892493
128,2303,24.0632580117
128,2304,19.8436933707
128,2305,20.0629709764
128,2306,22.0789430106
128,2307,15.8895158944
128,2308,27.0124260597
128,2309,27.1048656427
128,2310,25.7382718934
128,2311,19.0978786846
128,2312,21.1472758913
128,2313,28.1524471954
128,2314,23.2829336818
128,2315,17.3373420447
128,2316,22.0704526728
128,2317,25.4267005224
128,2318,20.8410874146
128,2319,21.0016040449
128,2320,19.4855446255
128,2321,24.9649118056
128,2322,19.6040415737
128,2323,19.6132016158
128,2324,21.8913146923
128,2325,15.9906702099
128,2326,22.7820827897
128,2327,20.8946683737
128,2328,27.5248001194
128,2329,23.3790334564
128,2330,28.2642337412
128,2331,23.8905571359
128,2332,22.8342577552
128,2333,20.5890546035
128,2334,28.4991206169
128,2335,22.8166054017
128,2336,24.1662933515
128,2337,25.5938096134
128,2338,23.3029346611
128,2339,6.9175358630
128,2340,26.6183281681
128,2341,27.6286434240
128,2342,21.9249013865
128,2343,24.5976400576
128,2344,19.1279250468
128,2345,22.2065524959
128,2346,21.6599525501
128,2347,19.9910285841
128,2348,21.5863651914
128,2349,21.7342608615
128,2350,26.2511812178
128,2351,23.8841341510
128,2352,21.4027469855
128,2353,23.2802427053
128,2354,23.1128232679
128,2355,21.4889111104
128,2356,24.6135708168
128,2357,24.3813102689
128,2358,23.6120171492
128,2359,28.7422499453
128,2360,24.2825010305
128,2361,17.5228804639
128,2362,27.1196319550
128,2363,23.8167264317
128,2364,24.3997920241
128,2365,22.2926177994
128,2366,19.6629117197
128,2367,16.2034314886
128,2368,25.5838643453
128,2369,24.2560206536
128,2370,20.8877686852
128,2371,22.4191398061
128,2372,19.8486894085
128,2373,24.1225087369
128,2374,19.9020331888
128,2375,20.3731709914
128,2376,28.9351050145
128,2377,26.0480613943
128,2378,21.3835941598
128,2379,18.8803703028
128,2380,22.3742197601
128,2381,20.6027563575
128,2382,22.3499059551
128,2383,24.7377646152
128,2384,23.6495941805
128,2385,23.2194831664
128,2386,22.4515060665
128,2387,27.2754774029
128,2388,24.1467009122
128,2389,20.8232103240
128,2390,27.5602794902
128,2391,26.8142233043
128,2392,29.3178514387
128,2393,29.3964532150
128,2394,18.3493812001
128,2395,23.5333445817
128,2396,25.9534914144
128,2397,25.0992199499
128,2398,24.3731858821
128,2399,28.4173938621
128,2400,29.5879965636
128,2401,21.3471380260
128,2402,17.4092972728
128,2403,23.8027543501
128,2404,20.2927746294
128,2405,25.4360564705
128,2406,24.8366723116
128,2407,28.9799892918
128,2408,26.6539038856
128,2409,25.2785609115
128,2410,23.3282035473
128,2411,23.9530726175
128,2412,27.0623575860
128,2413,25.0396756885
128,2414,24.1440250429
128,2415,23.4474760655
128,2416,22.5472518557
128,2417,29.6122150475
128,2418,23.7708336004
128,2419,20.1860207806
128,2420,27.9660432185
128,2421,23.3823783358
128,2422,28.8554642104
128,2423,25.6322193363
128,2424,25.0709118161
128,2425,29.9440490514
128,2426,29.9353688242
128,2427,21.0656286867
128,2428,22.8123742613
128,2429,18.4761914915
128,2430,24.1700268634
128,2431,30.0411153341
128,2432,24.1636460011
128,2433,29.3025384898
128,2434,26.6727290504
128,2435,12.7439360462
128,2436,29.1784888596
128,2437,28.6135367983
128,2438,27.2922164218
128,2439,26.4333450958
128,2440,24.2941934514
128,2441,16.9812831301
128,2442,23.2705275090
128,2443,26.0856780690
128,2444,18.5927858799
128,2445,17.2350169395
128,2446,26.4486048451
128,2447,24.3256422572
128,2448,24.4935607810
128,2449,27.2919600451
128,2450,27.3665003278
128,2451,22.8064973894
128,2452,27.0548719331
128,2453,29.5904088272
128,2454,15.6729050616
128,2455,27.8484690599
128,2456,28.4472762891
128,2457,30.3962469893
128,2458,30.4674417323
128,2459,22.7437044639
128,2460,30.4491094862
128,2461,15.0224472776
128,2462,29.6503868502
128,2463,23.8061316326
128,2464,22.2069910263
128,2465,22.9121886855
128,2466,23.9638547288
128,2467,29.1178453140
128,2468,25.1745043210
128,2469,26.2289670621
128,2470,20.8598022110
128,2471,27.7972767379
128,2472,28.2656148667
128,2473,28.1068263166
128,2474,22.3342014206
128,2475,23.0787224741
128,2476,23.1031615849
128,2477,30.6491965449
128,2478,18.7037588663
128,2479,26.6093825207
128,2480,28.9874355656
128,2481,30.6989221761
128,2482,30.7560160476
128,2483,23.8902145170
128,2484,21.7011485446
128,2485,26.9972005513
128,2486,17.1103484848
128,2487,21.7203606658
128,2488,28.4071570117
128,2489,27.7644602554
128,2490,30.9672311786
128,2491,30.6305044021
128,2492,23.9939358987
128,2493,24.0242964336
128,2494,30.3856912336
128,2495,26.4870773102
128,2496,25.5829008604
128,2497,22.6714112235
128,2498,27.9556818866
128,2499,26.6951324884
128,2500,25.8552619126
128,2501,24.6243570851
128,2502,19.9941182374
128,2503,24.8166867570
128,2504,21.5700477154
128,2505,27.4346705700
128,2506,28.9440423709
128,2507,28.0223016104
128,2508,27.7984474329
128,2509,31.2017703198
128,2510,29.9117390247
128,2511,25.5481779767
128,2512,21.3240067467
128,2513,24.4982914637
128,2514,28.4331503438
128,2515,20.7823918937
128,2516,28.8164821957
128,2517,23.4926408604
128,2518,31.1926652801
128,2519,28.8468427888
128,2520,25.2332125453
128,2521,21.3414137018
128,2522,26.5917009596
128,2523,21.6879132603
128,2524,27.3239907125
128,2525,17.1177104857
128,2526,24.6550856389
128,2527,26.9689510674
128,2528,23.4660109089
128,2529,23.2535063794
128,2530,28.7036105022
128,2531,28.4113250169
128,2532,15.1338494711
128,2533,29.7618468495
128,2534,27.2388724029
128,2535,24.6388082750
128,2536,24.2576208601
128,2537,29.2570644157
128,2538,19.5256466892
128,2539,27.7889338038
128,2540,24.2946246763
128,2541,23.9467534975
128,2542,30.7876711531
128,2543,31.5856175204
128,2544,25.3439238210
128,2545,29.2544416714
128,2546,26.5195376636
128,2547,25.7815399573
128,2548,31.6686229027
128,2549,30.3865256254
128,2550,23.4408643062
128,2551,20.3816660931
128,2552,24.8609690207
128,2553,26.3900573374
128,2554,22.8735037391
128,2555,26.5716078969
128,2556,31.8139590626
128,2557,28.9059039912
128,2558,24.3257370818
128,2559,21.9072706886
128,2560,28.4188468642
128,2561,21.8053551821
128,2562,17.3137109008
128,2563,31.3755181850
128,2564,27.7878037653
128,2565,28.5202567070
128,2566,26.9110159209
128,2567,27.0328231570
128,2568,25.6915249242
128,2569,24.5684996018
128,2570,28.6078810412
128,2571,23.1897431365
128,2572,29.2924672241
128,2573,31.4836425789
128,2574,24.8998152628
128,2575,20.3388702253
128,2576,32.0360296788
128,2577,24.8381977110
128,2578,24.8359029304
128,2579,28.8689961641
128,2580,27.2206526470
128,2581,28.3043363834
128,2582,17.9359638350
128,2583,23.5831824997
128,2584,21.4878287347
128,2585,28.3840544477
128,2586,32.3421807429
128,2587,27.7938661259
128,2588,23.1272291902
128,2589,29.9272660021
128,2590,27.5058753130
128,2591,32.3237624741
128,2592,26.9121781149
128,2593,23.1165533364
128,2594,32.3387619958
128,2595,28.7275911829
128,2596,23.9023819016
128,2597,31.5670544299
128,2598,28.2141295496
128,2599,24.8186953174
128,2600,22.9441929951
128,2601,26.8220954427
128,2602,24.2356146058
128,2603,29.9058136603
128,2604,32.5660747688
128,2605,26.1349443903
128,2606,31.0866251313
128,2607,32.5656999326
128,2608,32.5654923138
128,2609,31.1519475525
128,2610,32.6320028134
128,2611,27.1493871230
128,2612,26.8667493083
128,2613,23.5823974824
128,2614,27.2491080777
128,2615,17.7494058563
128,2616,25.7290113178
128,2617,32.7994648688
128,2618,28.4698675167
128,2619,25.8951036576
128,2620,30.3989533048
128,2621,29.1853563372
128,2622,15.0540501692
128,2623,32.8511905321
128,2624,22.2712658379
128,2625,32.8648479117
128,2626,25.8743315161
128,2627,25.9482157288
128,2628,29.8324471614
128,2629,32.9500877064
128,2630,33.0611404889
128,2631,26.0946796932
128,2632,22.7376369099
128,2633,28.6339493626
128,2634,18.3287134327
128,2635,31.8537787932
128,2636,32.5991893432
128,2637,33.0318124005
128,2638,24.3654300404
128,2639,25.8393103876
128,2640,33.0334740046
128,2641,28.8071161025
128,2642,24.3563323040
128,2643,20.1415096961
128,2644,30.6440569687
128,2645,27.2121100942
128,2646,26.1036240718
128,2647,33.1377748569
128,2648,27.2043829529
128,2649,22.0577388155
128,2650,19.3992437198
128,2651,29.5144556057
128,2652,31.8816895843
128,2653,27.9618911373
128,2654,25.2395189661
128,2655,33.1812871501
128,2656,29.5828897514
128,2657,27.7178977582
128,2658,31.8403730170
128,2659,30.9184562103
128,2660,30.3347935241
128,2661,32.3988480224
128,2662,32.1965004747
128,2663,30.0630001654
128,2664,26.2133975244
128,2665,24.3901100078
128,2666,31.3784210456
128,2667,30.2874161715
128,2668,33.6212936024
128,2669,30.8808357108
128,2670,30.9183802663
128,2671,31.8404822774
128,2672,33.6154348508
128,2673,21.1967803780
128,2674,30.0761488615
128,2675,26.9404775265
128,2676,33.0391143693
128,2677,27.9043122716
128,2678,28.3372201265
128,2679,29.1204857826
128,2680,28.3868389886
128,2681,25.1495640176
128,2682,24.1775082273
128,2683,29.3699988672
128,2684,27.2229442881
128,2685,26.2512357663
128,2686,30.6468875431
128,2687,33.7251939963
128,2688,25.2217979735
128,2689,27.7191052981
128,2690,28.7497704365
128,2691,31.5425955742
128,2692,26.9841993215
128,2693,33.8219424896
128,2694,28.7560496904
128,2695,28.9012226394
128,2696,28.3931157548
128,2697,27.7378661752
128,2698,31.9619012677
128,2699,32.3419317964
128,2700,32.4082838696
128,2701,27.9152188657
128,2702,32.5633242792
128,2703,27.8887131551
128,2704,27.8762968869
128,2705,34.1190509064
128,2706,24.7266674995
128,2707,34.0827805091
128,2708,34.0692979832
128,2709,30.3421004959
128,2710,24.1445294278
128,2711,32.6165274895
128,2712,25.3521460064
128,2713,31.4849948976
128,2714,34.1456813801
128,2715,22.7806859471
128,2716,34.2221570161
128,2717,32.4605054411
128,2718,29.0241501275
128,2719,28.4217842250
128,2720,34.2518757783
128,2721,34.3023031213
128,2722,28.7382078115
128,2723,32.3229655871
128,2724,23.8902784818
128,2725,28.5051944788
128,2726,23.8708233593
128,2727,34.4391545393
128,2728,26.4419207627
128,2729,23.2899662127
128,2730,31.7792425054
128,2731,27.8653709264
128,2732,34.3697011836
128,2733,31.8215549298
128,2734,29.3929837637
128,2735,33.8133056763
128,2736,30.4893724433
128,2737,25.2080709299
128,2738,25.5023405499
128,2739,28.3672733403
128,2740,26.6829679299
128,2741,29.5216232825
128,2742,25.2121784917
128,2743,34.5899781820
128,2744,24.7857508447
128,2745,27.9249362256
128,2746,34.6187103764
128,2747,23.7774941544
128,2748,30.6417152516
128,2749,26.7214541474
128,2750,34.6726498503
128,2751,32.0217991593
128,2752,34.8119883783
128,2753,20.0603112210
128,2754,23.9689563951
128,2755,26.5726481731
128,2756,29.3070200118
128,2757,27.5954526878
128,2758,29.1328472189
128,2759,30.3302643120
128,2760,29.8138223566
128,2761,22.7465234297
128,2762,23.9246227113
128,2763,33.4066537320
128,2764,32.7281341357
128,2765,31.7515645610
128,2766,28.6383145856
128,2767,34.9116611303
128,2768,30.1467100565
128,2769,29.4793857605
128,2770,21.4816797694
128,2771,35.0562311894
128,2772,23.9158701706
128,2773,35.1676820059
128,2774,35.1656604696
128,2775,29.6851364292
128,2776,33.7556000863
128,2777,35.1323548828
128,2778,26.1503064021
128,2779,34.0208065990
128,2780,35.1677814978
128,2781,35.2576717592
128,2782,34.9208782516
128,2783,31.0195186656
128,2784,30.2085995766
128,2785,33.1453337158
128,2786,23.4922262153
128,2787,29.2138269046
128,2788,30.1848806043
128,2789,26.2219032107
128,2790,26.9776685697
128,2791,29.2709638320
128,2792,25.1090719386
128,2793,28.2528428588
128,2794,35.1895867944
128,2795,29.4354304289
128,2796,33.2216306393
128,2797,29.9048994840
128,2798,34.9209018786
128,2799,24.2304466225
128,2800,17.6455963415
128,2801,30.7062170149
128,2802,29.5718519221
128,2803,30.3027009777
128,2804,31.4502653834
128,2805,24.5877919479
128,2806,29.6415150036
128,2807,35.6065329184
128,2808,31.7788527543
128,2809,29.5896652277
128,2810,35.6281024563
128,2811,33.3059325673
128,2812,31.4084157683
128,2813,19.0843605294
128,2814,23.8274637594
128,2815,32.3109672313
128,2816,26.5807950812
128,2817,34.1498075277
128,2818,11.6791933155
128,2819,27.4701367351
128,2820,35.7151607589
128,2821,29.7550471314
128,2822,29.0957899612
128,2823,25.4219961670
128,2824,30.5862511748
128,2825,34.1422332992
128,2826,28.4743535329
128,2827,35.3991270020
128,2828,28.7163278072
128,2829,32.1721951806
128,2830,35.8835627999
128,2831,36.0068240266
128,2832,35.8497360394
128,2833,35.7363024192
128,2834,32.3095861345
128,2835,32.4466909039
128,2836,30.7251971334
128,2837,33.4464187495
128,2838,30.0996545835
128,2839,34.4090729082
128,2840,32.0648370488
128,2841,36.1997620204
128,2842,29.2340065124
128,2843,34.5449357700
128,2844,35.3246127036
128,2845,34.0498378952
128,2846,22.5771774181
128,2847,36.0885841660
128,2848,34.8646754357
128,2849,20.2632487735
128,2850,32.7925125184
128,2851,36.2425701356
128,2852,32.3729625787
128,2853,22.2638433391
128,2854,32.1502064897
128,2855,33.2692218045
128,2856,29.8257204801
128,2857,30.9567357477
128,2858,27.7666797630
128,2859,28.7467702511
128,2860,35.1697781173
128,2861,31.1890003811
128,2862,26.4405919587
128,2863,33.0608765925
128,2864,34.6836973171
128,2865,31.8837412681
128,2866,26.3401142434
128,2867,36.1053544584
128,2868,19.6502923519
128,2869,26.2337002555
128,2870,30.0547690211
128,2871,36.4789085608
128,2872,27.7452580848
128,2873,30.8203017912
128,2874,26.3214988216
128,2875,36.5603850194
128,2876,33.2411435907
128,2877,35.9790326772
128,2878,33.6687389364
128,2879,36.5892977746
128,2880,33.8246693992
128,2881,30.3273463591
128,2882,34.6849754551
128,2883,32.0106693461
128,2884,30.2664403685
128,2885,36.6719484971
128,2886,32.6617330493
128,2887,24.4792353998
128,2888,35.8507681558
128,2889,32.2032520023
128,2890,32.0879085405
128,2891,30.3300552960
128,2892,29.9530836825
128,2893,27.4743724185
128,2894,30.0428780714
128,2895,30.0650946927
128,2896,27.5235879496
128,2897,34.3197064110
128,2898,34.4447010287
128,2899,34.7339559821
128,2900,36.9349241934
128,2901,34.8926114249
128,2902,30.5712500186
128,2903,32.7285309180
128,2904,31.8015219489
128,2905,34.1646909522
128,2906,25.8912374833
128,2907,28.2295949684
128,2908,37.0666940432
128,2909,32.3566997138
128,2910,31.8605664804
128,2911,32.5740330761
128,2912,33.9673154504
128,2913,31.9314961968
128,2914,37.1762390817
128,2915,32.7838871795
128,2916,32.6044753731
128,2917,35.7854537589
128,2918,37.3606029735
128,2919,37.2904410680
128,2920,32.0333527608
128,2921,37.1643697222
128,2922,34.6090206405
128,2923,37.2768176313
128,2924,34.6047657129
128,2925,29.8349149691
128,2926,37.3387926441
128,2927,35.7561036137
128,2928,37.3594286027
128,2929,36.1143552465
128,2930,30.9736047965
128,2931,31.8518109166
128,2932,37.2648041829
128,2933,31.1471817242
128,2934,32.4733400342
128,2935,29.6519703271
128,2936,30.9664933192
128,2937,17.6524370717
128,2938,36.3564213727
128,2939,32.7356434170
128,2940,37.6678302768
128,2941,37.6016684562
128,2942,31.6285022377
128,2943,30.0126769894
128,2944,37.6312445429
128,2945,36.8484143126
128,2946,34.0135889419
128,2947,37.5930624129
128,2948,32.5611808861
128,2949,29.3334335826
128,2950,28.4150820151
128,2951,29.5833648947
128,2952,27.7547951220
128,2953,37.8485481825
128,2954,29.0756787779
128,2955,22.1565516871
128,2956,34.6684861936
128,2957,28.2781785780
128,2958,35.4440705447
128,2959,36.3453844082
128,2960,34.0121608478
128,2961,37.7744852301
128,2962,30.8508075818
128,2963,34.6480989956
128,2964,37.8311407830
128,2965,34.0870638763
128,2966,37.9132744202
128,2967,34.5686767366
128,2968,36.4899788651
128,2969,36.0233436976
128,2970,37.7208548168
128,2971,36.0312341008
128,2972,38.1176151395
128,2973,33.1404555372
128,2974,38.1377836406
128,2975,29.2622311557
128,2976,38.0497430638
128,2977,28.0057315960
128,2978,38.2741984996
128,2979,35.5734646849
128,2980,30.4421970527
128,2981,37.4750550378
128,2982,28.7688457528
128,2983,37.4819212972
128,2984,37.8353065958
128,2985,25.0246078134
128,2986,27.8800890509
128,2987,33.0059448171
128,2988,38.2206651975
128,2989,38.2312865022
128,2990,27.7081085833
128,2991,34.9423662366
128,2992,28.6166082131
128,2993,38.3111947048
128,2994,31.5034848403
128,2995,38.3977344493
128,2996,13.4174277743
128,2997,28.5345852477
128,2998,38.4802000885
128,2999,28.0507290968
128,3000,28.9450294836
128,3001,31.5310625440
128,3002,37.5487382805
128,3003,30.1821756125
128,3004,37.6423318893
128,3005,33.6184937529
128,3006,26.8162431497
128,3007,28.2514760948
128,3008,34.4857618846
128,3009,32.4085612393
128,3010,33.8828022111
128,3011,37.8937316129
128,3012,31.6372233035
128,3013,35.4794633561
128,3014,34.2771952746
128,3015,33.6512137207
128,3016,36.2460496325
128,3017,29.6814361260
128,3018,33.7301100320
128,3019,38.8860877542
128,3020,35.5988498971
128,3021,38.8850210654
128,3022,36.6938182967
128,3023,34.7449795817
128,3024,27.4801871273
128,3025,23.2133729192
128,3026,38.8402027432
128,3027,30.3883427284
128,3028,31.7317752803
128,3029,38.8510034770
128,3030,27.3894855207
128,3031,38.9716956972
128,3032,35.6228355090
128,3033,34.9898835903
128,3034,36.6277062921
128,3035,37.6985906524
128,3036,31.6549248781
128,3037,39.1060085829
128,3038,38.7255409655
128,3039,38.9854429295
128,3040,22.0623761875
128,3041,23.1442411677
128,3042,35.0644304919
128,3043,32.1094093348
128,3044,35.4750462220
128,3045,26.7955838315
128,3046,30.0690727456
128,3047,34.8073704244
128,3048,38.4939372747
128,3049,39.3241534580
128,3050,37.3065827782
128,3051,39.2940192964
128,3052,37.4582869431
128,3053,38.1026679374
128,3054,39.3412621154
128,3055,36.7665969658
128,3056,30.2489955341
128,3057,24.7406776501
128,3058,39.3817623063
128,3059,37.5044346987
128,3060,39.4966017734
128,3061,32.9230990695
128,3062,33.2871324049
128,3063,32.7430661035
128,3064,39.4552149054
128,3065,39.4521007176
128,3066,34.5201716669
128,3067,26.1858406303
128,3068,35.0102127827
128,3069,39.5417074832
128,3070,39.4892603690
128,3071,34.1000138396
128,3072,30.8890954781
128,3073,24.7892834352
128,3074,38.8336336456
128,3075,39.6228945202
128,3076,33.8486279603
128,3077,34.0814625520
128,3078,39.7075599111
128,3079,37.3605704092
128,3080,39.6912974923
128,3081,38.4366209335
128,3082,37.2840505992
128,3083,38.8534257053
128,3084,34.0376279150
128,3085,31.5567922173
128,3086,39.7765460725
128,3087,39.7434629092
128,3088,35.8155630484
128,3089,39.9055836918
128,3090,38.2556001843
128,3091,37.2070379046
128,3092,36.5403942735
128,3093,24.5110170591
128,3094,39.9404060596
128,3095,40.0159562204
128,3096,38.2727980085
128,3097,40.1425451633
128,3098,39.9517284792
128,3099,37.1509434043
128,3100,37.1595909807
128,3101,39.9180941838
128,3102,26.3976151030
128,3103,40.1181782282
128,3104,35.9432869397
128,3105,39.9867976192
128,3106,31.7905455874
128,3107,29.7670643139
128,3108,36.5090048416
128,3109,31.1999129034
128,3110,33.5059496514
128,3111,40.2058540656
128,3112,32.3853905021
128,3113,31.9310474618
128,3114,35.0809391992
128,3115,35.4273341120
128,3116,32.2220664930
128,3117,31.0951268026
128,3118,33.1547322127
128,3119,32.8604556237
128,3120,34.5833380023
128,3121,29.6997468258
128,3122,36.5005349471
128,3123,32.3760715475
128,3124,35.6731373903
128,3125,31.0188749082
128,3126,37.8794100219
128,3127,37.2378283148
128,3128,37.0729497434
128,3129,40.4613882579
128,3130,40.5920548631
128,3131,36.2217808225
128,3132,36.7640974599
128,3133,35.5056795212
128,3134,37.7087833235
128,3135,38.5972159633
128,3136,40.3775849622
128,3137,37.3165940641
128,3138,40.4955890195
128,3139,34.8711264177
128,3140,36.0681189197
128,3141,30.4079993475
128,3142,40.5020760612
128,3143,33.5026111736
128,3144,35.1092151872
128,3145,32.3982137490
128,3146,40.7839653166
128,3147,36.7582683602
128,3148,40.7103592688
128,3149,40.8204162099
128,3150,28.2228108209
128,3151,35.6890003028
128,3152,40.7142884815
128,3153,40.8400768514
128,3154,28.4192268126
128,3155,34.9170673890
128,3156,37.6269541401
128,3157,36.3766007710
128,3158,38.7422839693
128,3159,23.1685354331
128,3160,26.6602231900
128,3161,40.9065363439
128,3162,40.9651050544
128,3163,30.9428735725
128,3164,29.7853652036
128,3165,29.6599076228
128,3166,36.3958932686
128,3167,40.9680522119
128,3168,31.4013766710
128,3169,39.0847421586
128,3170,33.8050851166
128,3171,34.1909363181
128,3172,32.6087530476
128,3173,39.3872701237
128,3174,40.9156404134
128,3175,34.9288030883
128,3176,39.0310691082
128,3177,41.2047643598
128,3178,41.2949473347
128,3179,38.4513273114
128,3180,35.8595516522
128,3181,38.4274566294
128,3182,38.9611093044
128,3183,30.8319679411
128,3184,36.5510721564
128,3185,41.3468429368
128,3186,39.6628877318
128,3187,35.4727489124
128,3188,37.4085422843
128,3189,38.3147149502
128,3190,39.7985284648
128,3191,30.5976300347
128,3192,32.2263550668
128,3193,41.3872234602
128,3194,41.4091206972
128,3195,37.9494716579
128,3196,41.3808115264
128,3197,39.7605465487
128,3198,38.1681570368
128,3199,41.4657506627
128,3200,36.4683675612
128,3201,39.7922481065
128,3202,35.6526369127
128,3203,37.9583438990
128,3204,33.6548439613
128,3205,36.2999837445
128,3206,41.5386975546
128,3207,37.4364443926
128,3208,39.6318576957
128,3209,41.4832792096
128,3210,38.9707346440
128,3211,41.7918275142
128,3212,41.7149279413
128,3213,41.7829293320
128,3214,32.4495940655
128,3215,34.0279823766
128,3216,38.2688313669
128,3217,41.8290859876
128,3218,41.7715502165
128,3219,36.0065509457
128,3220,38.0795724884
128,3221,35.1676747256
128,3222,41.1980128163
128,3223,29.1662766525
128,3224,39.4730394336
128,3225,39.7503172482
128,3226,42.0175289525
128,3227,37.0538411836
128,3228,41.9365704582
128,3229,39.2215998956
128,3230,42.0242344453
128,3231,41.8916707096
128,3232,37.9552421775
128,3233,42.0669615643
128,3234,38.2609085778
128,3235,39.5028522193
128,3236,39.8730137536
128,3237,40.9728448605
128,3238,42.1252501828
128,3239,36.2030326215
128,3240,41.9228762502
128,3241,26.7747297612
128,3242,37.7452938365
128,3243,34.3620122769
128,3244,42.0971490029
128,3245,42.0881750798
128,3246,36.3453188376
128,3247,42.2923460686
128,3248,42.1752928616
128,3249,32.4885106007
128,3250,42.2750012464
128,3251,42.2951225334
128,3252,42.1720659997
128,3253,40.9425870643
128,3254,37.2654185592
128,3255,39.5913314991
128,3256,42.3876922040
128,3257,42.3739099849
128,3258,42.3547873263
128,3259,42.3944097786
128,3260,38.9139051794
128,3261,39.6634495626
128,3262,36.7549060053
128,3263,42.2669369962
128,3264,38.2565930979
128,3265,39.6332235065
128,3266,42.5409280521
128,3267,38.6456455654
128,3268,42.5835350129
128,3269,42.6043806806
128,3270,35.9501525458
128,3271,33.5174696629
128,3272,38.3887644729
128,3273,40.8269091130
128,3274,40.6633511876
128,3275,39.5171150576
128,3276,37.9912487728
128,3277,35.3726528857
128,3278,42.6480673774
128,3279,37.5904224567
128,3280,36.1813064705
128,3281,40.3121501579
128,3282,42.6687373169
128,3283,42.8039730691
128,3284,38.0778435731
128,3285,35.4810012370
128,3286,42.7247840500
128,3287,39.7634618213
128,3288,42.8919635855
128,3289,43.0640625160
128,3290,41.3605884851
128,3291,42.9872564430
128,3292,39.4882361110
128,3293,39.6132056420
128,3294,36.5636900863
128,3295,32.7456012711
128,3296,41.0667944596
128,3297,40.8076641019
128,3298,39.1031685679
128,3299,42.0086288950
128,3300,42.9355806604
128,3301,41.3682047264
128,3302,39.1909192488
128,3303,40.7694941026
128,3304,43.1862694432
128,3305,43.0242869090
128,3306,41.2003598976
128,3307,42.9278093271
128,3308,38.3492817430
128,3309,37.5532451372
128,3310,43.1508184783
128,3311,36.4598605035
128,3312,36.7563923630
128,3313,41.9559149818
128,3314,42.2739323087
128,3315,29.9292512622
128,3316,40.8806918784
128,3317,43.3590542942
128,3318,43.3796093117
128,3319,43.3276928334
128,3320,38.2167615398
128,3321,38.9917557057
128,3322,43.3645538310
128,3323,43.2727410178
128,3324,43.4882653731
128,3325,33.6368308394
128,3326,42.0930017841
128,3327,43.5292491918
128,3328,43.3514061303
128,3329,39.7235404272
128,3330,43.4203842071
128,3331,39.8203036830
128,3332,35.0660203437
128,3333,39.3625693285
128,3334,43.3590110582
128,3335,43.5743818030
128,3336,37.6519365212
128,3337,43.5538629148
128,3338,32.1345816362
128,3339,36.6721684012
128,3340,36.7801205590
128,3341,43.6595114793
128,3342,42.8897610416
128,3343,36.7332451635
128,3344,37.0539975134
128,3345,34.1052691741
128,3346,26.1555897676
128,3347,33.9716206388
128,3348,41.9748836553
128,3349,42.4505800502
128,3350,43.7822401429
128,3351,42.2155655452
128,3352,41.3200084906
128,3353,30.5268470820
128,3354,27.3434638707
128,3355,37.4288244408
128,3356,43.9456614179
128,3357,43.9294868414
128,3358,44.0248491138
128,3359,37.0229300312
128,3360,43.9842226038
128,3361,38.0753549191
128,3362,31.7196127905
128,3363,43.9704126837
128,3364,42.4228767337
128,3365,44.0558788706
128,3366,31.7530996349
128,3367,39.8308776096
128,3368,43.5871025326
128,3369,28.1601782968
128,3370,44.2251840815
128,3371,41.7344710814
128,3372,43.8929812258
128,3373,43.7225761149
128,3374,42.9278826811
128,3375,44.2972167388
128,3376,44.0534434815
128,3377,32.6831491069
128,3378,39.6325902129
128,3379,39.6512104205
128,3380,43.0393865769
128,3381,36.5239874479
128,3382,44.0553515543
128,3383,43.5722727363
128,3384,44.1518743323
128,3385,43.5863253586
128,3386,44.4087126418
128,3387,44.3106804155
128,3388,35.5556191843
128,3389,34.5002231274
128,3390,37.2472171174
128,3391,44.4858788740
128,3392,44.4447491102
128,3393,42.1651897427
128,3394,44.4807313400
128,3395,44.3560805526
128,3396,40.2246741479
128,3397,44.6377810618
128,3398,39.7441339827
128,3399,38.2969693098
128,3400,34.8870804081
128,3401,44.5521264880
128,3402,44.5038863590
128,3403,44.3638261948
128,3404,44.5807847895
128,3405,44.5844022457
128,3406,33.0263589050
128,3407,44.6628920417
128,3408,39.2378085132
128,3409,36.0972282633
128,3410,44.8150323711
128,3411,42.5653129891
128,3412,44.1875437577
128,3413,32.9708637035
128,3414,35.8905117761
128,3415,36.5832433150
128,3416,37.1970394347
128,3417,42.1697696359
128,3418,44.7201869289
128,3419,44.7824220102
128,3420,38.1509358047
128,3421,44.9032746679
128,3422,44.8355455924
128,3423,44.9223967430
128,3424,44.7623778163
128,3425,45.0274414672
128,3426,45.0952138552
128,3427,44.9509507261
128,3428,44.8947861483
128,3429,29.6276986753
128,3430,37.7353555741
128,3431,33.5637826842
128,3432,41.2879119478
128,3433,39.1329119954
128,3434,45.0422588959
128,3435,45.0770539607
128,3436,39.6434741139
128,3437,44.8631573529
128,3438,43.3199995896
128,3439,45.0889880512
128,3440,45.1579030018
128,3441,43.2403383018
128,3442,37.6968037957
128,3443,36.9384292639
128,3444,45.2782541475
128,3445,43.2437516211
128,3446,43.5848977869
128,3447,42.5611080235
128,3448,45.3051988960
128,3449,45.3159112086
128,3450,45.3696074705
128,3451,45.5217633607
128,3452,44.3878557041
128,3453,32.7549438747
128,3454,38.3240082965
128,3455,41.0553381040
128,3456,35.0609533178
128,3457,40.3303034588
128,3458,43.2863947176
128,3459,34.5422619869
128,3460,38.5248970744
128,3461,44.9228673618
128,3462,38.8983840726
128,3463,45.6419032033
128,3464,40.7562125830
128,3465,30.8870696007
128,3466,45.6164152210
128,3467,41.2889228371
128,3468,43.7237648603
128,3469,38.9837385579
128,3470,43.5982823289
128,3471,45.5424281510
128,3472,45.2236834094
128,3473,42.9359768020
128,3474,45.7027372071
128,3475,44.6568342852
128,3476,38.4115464888
128,3477,40.6925784659
128,3478,45.7719237219
128,3479,43.8840822614
128,3480,45.8023059978
128,3481,38.0670745357
128,3482,45.8847349903
128,3483,45.1365704733
128,3484,45.8806845634
128,3485,45.8484593200
128,3486,45.7584416198
128,3487,34.5682215146
128,3488,39.5080357202
128,3489,45.0535237937
128,3490,45.9146950733
128,3491,43.0608959433
128,3492,45.9037708796
128,3493,46.0644548915
128,3494,36.3832386751
128,3495,43.9860267717
128,3496,45.2782630532
128,3497,38.5511043257
128,3498,46.0305612015
128,3499,40.3529169900
128,3500,46.0580434723
128,3501,44.8056595849
128,3502,40.4604171779
128,3503,45.1893942101
128,3504,40.3223139473
128,3505,42.9329159660
128,3506,46.1241122641
128,3507,44.6229789754
128,3508,46.1514467907
128,3509,43.1778838264
128,3510,43.9278582718
128,3511,46.4210858286
128,3512,46.1456557105
128,3513,46.3248702935
128,3514,39.5741112782
128,3515,46.3698457740
128,3516,43.5978029706
128,3517,46.2989558932
128,3518,46.2764887075
128,3519,46.4655372746
128,3520,46.4211219394
128,3521,43.0733982016
128,3522,46.4473937248
128,3523,46.5044461020
128,3524,46.4520793833
128,3525,33.7475164719
128,3526,38.6340102930
128,3527,44.1215357743
128,3528,46.1404833446
128,3529,46.5281786006
128,3530,42.8908091155
128,3531,45.6647470027
128,3532,44.4888655894
128,3533,46.4172259514
128,3534,46.6459746318
128,3535,32.7686867367
128,3536,38.2654789192
128,3537,46.6536535511
128,3538,39.9449942353
128,3539,45.9468831925
128,3540,46.7833055449
128,3541,46.7930163206
128,3542,38.6258579896
128,3543,46.8944174103
128,3544,46.7739385850
128,3545,34.4942000766
128,3546,45.0245260845
128,3547,34.7825880203
128,3548,46.9483141244
128,3549,32.5533924242
128,3550,46.8028497528
128,3551,41.5741375149
128,3552,41.3598843737
128,3553,43.7047747324
128,3554,47.0090996358
128,3555,46.2599243369
128,3556,40.5258805300
128,3557,47.0526059997
128,3558,44.2604105212
128,3559,45.4705706320
128,3560,39.8518158978
128,3561,43.2333876068
128,3562,46.9544340923
128,3563,44.1474435382
128,3564,44.7248047628
128,3565,35.4436737957
128,3566,42.3359832999
128,3567,26.6344104357
128,3568,24.5891021808
128,3569,47.1400945890
128,3570,44.3205812264
128,3571,47.2685415611
128,3572,40.0849386502
128,3573,47.2579182386
128,3574,45.6289131405
128,3575,43.5858895376
128,3576,41.1377914408
128,3577,47.2316984861
128,3578,38.6527136061
128,3579,47.1773795430
128,3580,37.4114839419
128,3581,47.4042304464
128,3582,45.7439801696
128,3583,47.5144830667
128,3584,45.4194084022
128,3585,41.2326803957
128,3586,47.3919956679
128,3587,47.4883003858
128,3588,46.7862477888
128,3589,47.3805786240
128,3590,47.4843841887
128,3591,47.3478964323
128,3592,42.5439236638
128,3593,36.2007896219
128,3594,38.7805445124
128,3595,47.6126375450
128,3596,45.2842497884
128,3597,47.6737770771
128,3598,47.6907732334
128,3599,46.3350825916
128,3600,47.7690389362
128,3601,47.1685307653
128,3602,41.4768640868
128,3603,41.3546324112
128,3604,47.7999235709
128,3605,43.7301961375
128,3606,47.6096679581
128,3607,40.5959897180
128,3608,45.4238593783
128,3609,47.7929793700
128,3610,47.2560964084
128,3611,40.8762856452
128,3612,47.8093073164
128,3613,43.4122704353
128,3614,47.8472120392
128,3615,47.9038562373
128,3616,42.8071795275
128,3617,47.8969202782
128,3618,47.6943066939
128,3619,42.3258126218
128,3620,48.0762096873
128,3621,47.9209416146
128,3622,42.7626638461
128,3623,47.9396044544
128,3624,45.0952505804
128,3625,47.9950225637
128,3626,48.0769622108
128,3627,45.7139396604
128,3628,41.3889525799
128,3629,48.1080767316
128,3630,47.6812674968
128,3631,46.6637016676
128,3632,46.1216418416
128,3633,43.5510838318
128,3634,48.1024920423
128,3635,48.1016668482
128,3636,42.1397346927
128,3637,48.1707895242
128,3638,48.0940674600
128,3639,46.4075646509
128,3640,33.2927080815
128,3641,48.2360888417
128,3642,45.5147996370
128,3643,42.1825203473
128,3644,33.4002915788
128,3645,48.3944544342
128,3646,42.0662321588
128,3647,47.1391836487
128,3648,46.4257069864
128,3649,38.4143101033
128,3650,46.1220741607
128,3651,48.5726087511
128,3652,48.6172630428
128,3653,42.6613368493
128,3654,48.3529458514
128,3655,43.8951750521
128,3656,36.4430994606
128,3657,48.4841130365
128,3658,48.4176186706
128,3659,48.2627889618
128,3660,48.6284567634
128,3661,42.9458566752
128,3662,44.0121026340
128,3663,48.4850066147
128,3664,42.6924776991
128,3665,43.9927654216
128,3666,42.7281947533
128,3667,43.4078534224
128,3668,42.9025776458
128,3669,37.9281581737
128,3670,41.9901394495
128,3671,48.6219714614
128,3672,42.0679522088
128,3673,43.6690470808
128,3674,46.4077893425
128,3675,44.4806556133
128,3676,48.8487602167
128,3677,46.3346467722
128,3678,48.9215346120
128,3679,45.8906294501
128,3680,48.8679157308
128,3681,48.7666824915
128,3682,49.0164361795
128,3683,45.7320246775
128,3684,49.0415608638
128,3685,47.0079579318
128,3686,42.5997966948
128,3687,48.9939989005
128,3688,45.9126990842
128,3689,47.3496964811
128,3690,49.1383684506
128,3691,47.0928142524
128,3692,48.9027712509
128,3693,38.2346881815
128,3694,49.1765930850
128,3695,45.0785467545
128,3696,49.1166519412
128,3697,40.2967276916
128,3698,49.1831754360
128,3699,44.5103932060
128,3700,46.0957880236
128,3701,49.1597873902
128,3702,46.2099270428
128,3703,49.3423964520
128,3704,49.1703138379
128,3705,49.2094132621
128,3706,49.3761546044
128,3707,49.1102224694
128,3708,49.4076682850
128,3709,47.2605253200
128,3710,49.3771077392
128,3711,47.3902450486
128,3712,49.4203728422
128,3713,47.6314982315
128,3714,49.4277236390
128,3715,45.4396939081
128,3716,44.9011725316
128,3717,49.3727263942
128,3718,49.2760145487
128,3719,42.9700365360
128,3720,43.3741523447
128,3721,49.4923115267
128,3722,47.2174135693
128,3723,49.5405390465
128,3724,49.5806497548
128,3725,49.7414281522
128,3726,49.6821024883
128,3727,42.7728987621
128,3728,48.2410225122
128,3729,46.6502435519
128,3730,46.9342224706
128,3731,46.5516347036
128,3732,49.5502795335
128,3733,45.4138933802
128,3734,49.0507147452
128,3735,49.5704260057
128,3736,40.4669634817
128,3737,49.7097182944
128,3738,36.1473654108
128,3739,49.5918712251
128,3740,46.4160908602
128,3741,49.8457819121
128,3742,49.1792771345
128,3743,49.7850190253
128,3744,44.9725662108
128,3745,47.9868974774
128,3746,45.0353125521
128,3747,49.9421214026
128,3748,47.7710784001
128,3749,46.1622249168
128,3750,46.2250463703
128,3751,46.8745468409
128,3752,50.0224210133
128,3753,49.8278720308
128,3754,49.9326178889
128,3755,49.9902030708
128,3756,37.1745842790
128,3757,50.1543973945
128,3758,39.6496691894
128,3759,50.2361128547
128,3760,45.5807947974
128,3761,49.2840202109
128,3762,50.1636188018
128,3763,50.2545439227
128,3764,45.7565823843
128,3765,41.0976890587
128,3766,45.8113270962
128,3767,46.1027268803
128,3768,50.2610990473
128,3769,43.1026495493
128,3770,50.3401177918
128,3771,50.1039197405
128,3772,50.2164100018
128,3773,50.3509445789
128,3774,41.7809404887
128,3775,49.8576464549
128,3776,48.9270852877
128,3777,46.7578543450
128,3778,50.5118841049
128,3779,50.4824905605
128,3780,47.7362104516
128,3781,50.4137360243
128,3782,46.5836494055
128,3783,42.9400725810
128,3784,36.7327168069
128,3785,35.2594508689
128,3786,45.9535299665
128,3787,42.5147912861
128,3788,47.2062649327
128,3789,50.4736833069
128,3790,50.5566730559
128,3791,41.1150208534
128,3792,46.1657200765
128,3793,49.5866358338
128,3794,50.5797683366
128,3795,50.6890799986
128,3796,42.3073546869
128,3797,48.7279763516
128,3798,49.4835520302
128,3799,50.7696453616
128,3800,49.4909635226
128,3801,50.8826742687
128,3802,50.7941254348
128,3803,50.7722569162
128,3804,49.1430877262
128,3805,50.9586186730
128,3806,44.7521806589
128,3807,50.8822603608
128,3808,46.6807825131
128,3809,50.8343885817
128,3810,45.3443686628
128,3811,45.0125214179
128,3812,50.9316904246
128,3813,50.8994684361
128,3814,51.0093779548
128,3815,47.2723604735
128,3816,51.0830378618
128,3817,50.9907826014
128,3818,51.1101210355
128,3819,48.5300343229
128,3820,44.3446063235
128,3821,51.0415739160
128,3822,51.0073758527
128,3823,50.8505594426
128,3824,49.7832470446
128,3825,51.0916225344
128,3826,41.8515280597
128,3827,45.4229374598
128,3828,51.1911253679
128,3829,50.9735626764
128,3830,51.2575648430
128,3831,51.2477858722
128,3832,48.3560725437
128,3833,51.3222084379
128,3834,49.6624420683
128,3835,40.2403657165
128,3836,51.2688121640
128,3837,31.5218271946
128,3838,51.3125676691
128,3839,50.9046669395
128,3840,47.1658905711
128,3841,47.9456944782
128,3842,47.8304874250
128,3843,45.8329550313
128,3844,48.1688927945
128,3845,51.0276924840
128,3846,47.1947042076
128,3847,51.3020822679
128,3848,49.5381901701
128,3849,51.6670224646
128,3850,46.3554230569
128,3851,49.3599820955
128,3852,51.5039151239
128,3853,51.7108741363
128,3854,48.4788980866
128,3855,51.4544456028
128,3856,43.8352218958
128,3857,46.1903884848
128,3858,51.6523647166
128,3859,51.7592398779
128,3860,51.8274878827
128,3861,51.7794927453
128,3862,51.6654708282
128,3863,51.7156202640
128,3864,51.6431779760
128,3865,51.6340827868
128,3866,49.8942249074
128,3867,44.9275971267
128,3868,51.8697968410
128,3869,51.8795987988
128,3870,51.7855640487
128,3871,51.4360130937
128,3872,49.4650860428
128,3873,46.7035060720
128,3874,51.9681670058
128,3875,51.9722469904
128,3876,48.8886957902
128,3877,51.9843948225
128,3878,51.8495411243
128,3879,51.9197537730
128,3880,48.1108198346
128,3881,45.3702321682
128,3882,49.8150899570
128,3883,32.9925517055
128,3884,50.6089146497
128,3885,29.6769472991
128,3886,52.0517366711
128,3887,48.2728161119
128,3888,52.0318109624
128,3889,48.1746524824
128,3890,52.1672175282
128,3891,49.5803404836
128,3892,52.1660017650
128,3893,49.0505583724
128,3894,52.1286959650
128,3895,50.1420512194
128,3896,42.6537481876
128,3897,48.1228597493
128,3898,52.2147025322
128,3899,49.4599109734
128,3900,47.7241888674
128,3901,48.5201688757
128,3902,47.9641378791
128,3903,52.2113597150
128,3904,50.8341655694
128,3905,52.4122330732
128,3906,50.9906250423
128,3907,48.4057762430
128,3908,52.4672986287
128,3909,52.4366032947
128,3910,48.4246364041
128,3911,47.7457417901
128,3912,51.8703444905
128,3913,52.5313881378
128,3914,52.5627345539
128,3915,49.5838188936
128,3916,52.5673413525
128,3917,52.5459772586
128,3918,52.5079131542
128,3919,52.4630257749
128,3920,48.5200721170
128,3921,52.5563736615
128,3922,52.6335238901
128,3923,52.6977238944
128,3924,46.8320489306
128,3925,50.7977699096
128,3926,48.1507984298
128,3927,49.6951040202
128,3928,49.2493989952
128,3929,52.6950549905
128,3930,52.7422662899
128,3931,52.8159473762
128,3932,51.9744915404
128,3933,43.6503378404
128,3934,52.6490576070
128,3935,50.5586867769
128,3936,38.6285942077
128,3937,52.8644019150
128,3938,52.0863851579
128,3939,52.2211363734
128,3940,43.4523429031
128,3941,49.1464877656
128,3942,52.8159286208
128,3943,52.1764625085
128,3944,24.6540247957
128,3945,48.8553120204
128,3946,49.6635354744
128,3947,53.0304687246
128,3948,50.2564693607
128,3949,53.0502848288
128,3950,53.2230967477
128,3951,45.6415600176
128,3952,53.1240699883
128,3953,47.3580559636
128,3954,53.2248432578
128,3955,53.0445470903
128,3956,43.6829594081
128,3957,45.3294006380
128,3958,50.0039162389
128,3959,44.3741050920
128,3960,51.2251308059
128,3961,51.5947357152
128,3962,46.4521135398
128,3963,53.0723840900
128,3964,53.3027621722
128,3965,42.0707305538
128,3966,52.4678349191
128,3967,53.3558637565
128,3968,53.1948242741
128,3969,51.4985615321
128,3970,52.3727200169
128,3971,53.5233377275
128,3972,52.6140744520
128,3973,53.4952841658
128,3974,32.1067826283
128,3975,52.1489358670
128,3976,53.3297881694
128,3977,53.0442296182
128,3978,47.9613543592
128,3979,52.8089798846
128,3980,51.3444146035
128,3981,52.6880471078
128,3982,49.3353711797
128,3983,53.6372400808
128,3984,53.6773994264
128,3985,53.5684125936
128,3986,41.2415132360
128,3987,53.7375278774
128,3988,38.9553539504
128,3989,53.7075513002
128,3990,53.6215762168
128,3991,47.5434572079
128,3992,53.7728064142
128,3993,53.7630549393
128,3994,49.8299920516
128,3995,47.7326258881
128,3996,53.6356981373
128,3997,53.8290840709
128,3998,53.8673988327
128,3999,49.5279903914
128,4000,47.4038128251
128,4001,50.7629628668
128,4002,48.4744356971
128,4003,52.6191304217
128,4004,48.9473428640
128,4005,52.4235069717
128,4006,53.9427606588
128,4007,53.6428421860
128,4008,53.9863869180
128,4009,51.3413660921
128,4010,43.1614263721
128,4011,51.1924982648
128,4012,50.4696928564
128,4013,53.5385253301
128,4014,49.9043836058
128,4015,53.9552286019
128,4016,54.0004753046
128,4017,44.5712525395
128,4018,54.2292627831
128,4019,54.2488600515
128,4020,50.8259664251
128,4021,54.2547490480
128,4022,48.1665896026
128,4023,54.2384981841
128,4024,53.9233355064
128,4025,54.1293420830
128,4026,51.1793931143
128,4027,54.2179482375
128,4028,45.9883504733
128,4029,54.0945539960
128,4030,54.2970993184
128,4031,53.1013038019
128,4032,44.9008566624
128,4033,51.3811057988
128,4034,54.4423397574
128,4035,54.4954781862
128,4036,54.3344673961
128,4037,54.4186288093
128,4038,52.5201122582
128,4039,42.4082194918
128,4040,48.5302773856
128,4041,54.4460662005
128,4042,54.5183629501
128,4043,53.0556647963
128,4044,46.9093777823
128,4045,54.3051150559
128,4046,50.1113305932
128,4047,54.4996157844
128,4048,54.6118016644
128,4049,54.7809956455
128,4050,54.5081136036
128,4051,54.6711269998
128,4052,54.2334299715
128,4053,54.8905444486
128,4054,54.6611814284
128,4055,48.9881916470
128,4056,54.9448098067
128,4057,47.2864096734
128,4058,54.6970075042
128,4059,47.7186974495
128,4060,54.8878593604
128,4061,45.2435024625
128,4062,54.7986546758
128,4063,54.6091293903
128,4064,54.8344202299
128,4065,54.9120192691
128,4066,54.8516209954
128,4067,54.8347269666
128,4068,52.5191579974
128,4069,51.3368563643
128,4070,54.9558093137
128,4071,54.9839456347
128,4072,40.4675209005
128,4073,51.0341114497
128,4074,54.9851923041
128,4075,53.2637949824
128,4076,43.8010209412
128,4077,53.1428793959
128,4078,55.0608676821
128,4079,55.1750033998
128,4080,49.6948438545
128,4081,50.4823472729
128,4082,55.0218473058
128,4083,55.0763023848
128,4084,55.1805735197
128,4085,55.1656331546
128,4086,52.0136758600
128,4087,55.2219564981
128,4088,49.9740476131
128,4089,55.1931851172
128,4090,41.7702901231
128,4091,46.6231463694
128,4092,50.8726151913
128,4093,55.2308738595
128,4094,54.4986233010
128,4095,49.6374893455
128,4096,55.3439461072
128,4097,50.0558180533
128,4098,55.3852364041
128,4099,55.4841713422
128,4100,55.3706307911
128,4101,55.2454843564
128,4102,55.4384812368
128,4103,48.5109413564
128,4104,51.2311256287
128,4105,52.7275455782
128,4106,52.9801789195
128,4107,51.9979374277
128,4108,44.7093547529
128,4109,54.8113760408
128,4110,55.5113880912
128,4111,55.4358098029
128,4112,51.9577872477
128,4113,55.5625852036
128,4114,50.1009116617
128,4115,55.8181624599
128,4116,55.7320864039
128,4117,53.4768192439
128,4118,55.7177152600
128,4119,55.6444628490
128,4120,55.6870518627
128,4121,55.6303076046
128,4122,55.5591600482
128,4123,52.3167176955
128,4124,37.4212606003
128,4125,51.8784274710
128,4126,53.6720950562
128,4127,50.1360764966
128,4128,46.3774256647
128,4129,55.9175037151
128,4130,55.8963697841
128,4131,52.6188201776
128,4132,55.9993149419
128,4133,45.3055569863
128,4134,50.5267205860
128,4135,54.2733927390
128,4136,49.9620214865
128,4137,47.8691231476
128,4138,55.9463041320
128,4139,53.2105144310
128,4140,53.5125716892
128,4141,54.3344944480
128,4142,54.6532921505
128,4143,56.1346826317
128,4144,55.3065128256
128,4145,54.6830204122
128,4146,56.3352967378
128,4147,56.1789564280
128,4148,48.8551148471
128,4149,47.0458811672
128,4150,56.2603388562
128,4151,56.1690086631
128,4152,55.4561340082
128,4153,56.1577566729
128,4154,56.2458448351
128,4155,56.1106145879
128,4156,46.5444178023
128,4157,54.3392651567
128,4158,48.9311596580
128,4159,56.3718361601
128,4160,52.0385801059
128,4161,55.6047699016
128,4162,56.2205751770
128,4163,51.8050653301
128,4164,56.5327231880
128,4165,56.5941858181
128,4166,56.4033367019
128,4167,44.6642376040
128,4168,46.5881829500
128,4169,56.4451521339
128,4170,56.4929237909
128,4171,56.4800783292
128,4172,49.3572662749
128,4173,56.4420405740
128,4174,56.5958448773
128,4175,56.7450480543
128,4176,47.6956793488
128,4177,54.2883420317
128,4178,51.2542019407
128,4179,56.6416654030
128,4180,56.6375067335
128,4181,52.2240779832
128,4182,51.4701803329
128,4183,56.7218306764
128,4184,52.9436229522
128,4185,56.6711366763
128,4186,55.6256489805
128,4187,56.8075384167
128,4188,56.7878790447
128,4189,56.7258943944
128,4190,56.8433759321
128,4191,56.7629622258
128,4192,55.3560228173
128,4193,56.9387208726
128,4194,56.6814841488
128,4195,56.9539490509
128,4196,49.3026496254
128,4197,52.8361324525
128,4198,55.3226096590
128,4199,57.0773232950
128,4200,53.8113916055
128,4201,57.0244092958
128,4202,42.5812553333
128,4203,54.2745382041
128,4204,56.8882285998
128,4205,57.2536568254
128,4206,56.5156801213
128,4207,51.3857156923
128,4208,57.0485185495
128,4209,57.1383179576
128,4210,56.5979447768
128,4211,49.3688626284
128,4212,52.6923563040
128,4213,52.9103186002
128,4214,53.5689831069
128,4215,46.1291647484
128,4216,44.1721849031
128,4217,57.0161786822
128,4218,57.3471125692
128,4219,56.1274677861
128,4220,57.1802480654
128,4221,57.5111050038
128,4222,51.2525305621
128,4223,57.5203953875
128,4224,57.4329238043
128,4225,57.3934297372
128,4226,56.5847112785
128,4227,54.7369173379
128,4228,55.0691424599
128,4229,54.6704462513
128,4230,57.4462896759
128,4231,57.3330852949
128,4232,57.7622394255
128,4233,57.5226332393
128,4234,57.5025341095
128,4235,54.1553997668
128,4236,57.5864176017
128,4237,57.5544326175
128,4238,57.5291137640
128,4239,39.5243456079
128,4240,54.4354708781
128,4241,53.7972661640
128,4242,57.4725944202
128,4243,53.5940250359
128,4244,57.6366845831
128,4245,49.8993964631
128,4246,54.3365824220
128,4247,57.7227665434
128,4248,52.2569916429
128,4249,57.8428440587
128,4250,54.2809742872
128,4251,57.8312400189
128,4252,51.1613615011
128,4253,57.7738285465
128,4254,57.7545911667
128,4255,53.6708729262
128,4256,51.6556840554
128,4257,57.8933722877
128,4258,57.6686044649
128,4259,57.8474406749
128,4260,56.6844268354
128,4261,54.9740547385
128,4262,55.9426674559
128,4263,49.3884994759
128,4264,58.2209860909
128,4265,57.9817251036
128,4266,58.2041139511
128,4267,57.7028886894
128,4268,58.0239433787
128,4269,57.8802537417
128,4270,47.5184038062
128,4271,58.1267856257
128,4272,58.1777367204
128,4273,58.3043993553
128,4274,54.4749547523
128,4275,54.8340640311
128,4276,55.7066890073
128,4277,58.1608235895
128,4278,51.1770513843
128,4279,58.2686309794
128,4280,58.2864580143
128,4281,58.3660528212
128,4282,58.2935802452
128,4283,58.1758597960
128,4284,52.8563745954
128,4285,56.5784583853
128,4286,53.3091025772
128,4287,58.3572415293
128,4288,51.1810955363
128,4289,54.6379181994
128,4290,58.4403923942
128,4291,56.9180980361
128,4292,58.3471028053
128,4293,50.1897355719
128,4294,58.6504836124
128,4295,58.6518744753
128,4296,57.7186323848
128,4297,56.2157185275
128,4298,58.5366570871
128,4299,52.8928899030
128,4300,58.4355716627
128,4301,58.6080642444
128,4302,54.3769700377
128,4303,58.7307648754
128,4304,54.6833476317
128,4305,42.5089264275
128,4306,55.4453647263
128,4307,57.4995278978
128,4308,56.8115644690
128,4309,52.6084061833
128,4310,58.6732593927
128,4311,58.6958851164
128,4312,58.8556443713
128,4313,58.8223912430
128,4314,52.3921441507
128,4315,58.8415417844
128,4316,58.7489558341
128,4317,58.8518653722
128,4318,55.7551330150
128,4319,58.8310894517
128,4320,53.5637003648
128,4321,47.1519357615
128,4322,42.2100741046
128,4323,58.8781665523
128,4324,54.5713509988
128,4325,59.0494389172
128,4326,55.9897796167
128,4327,52.9069663355
128,4328,56.9193424291
128,4329,52.0409376536
128,4330,44.6427776041
128,4331,59.0007425507
128,4332,56.7443101050
128,4333,54.1154903602
128,4334,59.1113918539
128,4335,52.3477330948
128,4336,59.0947213982
128,4337,59.1885574913
128,4338,59.2497683482
128,4339,59.2690460743
128,4340,45.2844609368
128,4341,52.5692033679
128,4342,59.2119803956
128,4343,59.1803672904
128,4344,55.8794011842
128,4345,52.3029607918
128,4346,55.3978725816
128,4347,59.2574211177
128,4348,58.0416285887
128,4349,59.3865938236
128,4350,59.1691413274
128,4351,59.2563083413
128,4352,36.5043400498
128,4353,56.7620957382
128,4354,57.4531771416
128,4355,50.5880291111
128,4356,53.4625340697
128,4357,56.8113762697
128,4358,53.1745068608
128,4359,55.3782111843
128,4360,59.5165187660
128,4361,57.5515810147
128,4362,59.5156592821
128,4363,59.5706775487
128,4364,57.6816684515
128,4365,53.4787151076
128,4366,58.9452187838
128,4367,52.2809223186
128,4368,57.0438209430
128,4369,47.3809815182
128,4370,57.2018442203
128,4371,57.8830837502
128,4372,58.8259420684
128,4373,59.6056534699
128,4374,55.9657982416
128,4375,59.7569226205
128,4376,54.4278913755
128,4377,49.6920969338
128,4378,52.8505929532
128,4379,51.4571377565
128,4380,52.9248536887
128,4381,56.1483242633
128,4382,59.6597819679
128,4383,58.2029449203
128,4384,60.0072604153
128,4385,55.6671513867
128,4386,59.7346629933
128,4387,57.1249198864
128,4388,56.1005482983
128,4389,57.7511528382
128,4390,40.9328613016
128,4391,59.9549675357
128,4392,55.2444971142
128,4393,60.0495630687
128,4394,60.1335067330
128,4395,58.4073025307
128,4396,60.0305534922
128,4397,60.0919556602
128,4398,60.1006534697
128,4399,54.2725091245
128,4400,60.0648050379
128,4401,57.8563458900
128,4402,60.3205582698
128,4403,55.7405763337
128,4404,60.2308964958
128,4405,60.2654409549
128,4406,60.3797902355
128,4407,54.9086312816
128,4408,58.2723159655
128,4409,60.3996470466
128,4410,60.2912477710
128,4411,54.3599125244
128,4412,48.2880536896
128,4413,60.2498127724
128,4414,60.2695238885
128,4415,60.3775474926
128,4416,60.4869881487
128,4417,55.4433715767
128,4418,55.6664419922
128,4419,50.3654368801
128,4420,60.3856476899
128,4421,60.5883602941
128,4422,58.9356741216
128,4423,60.4615510676
128,4424,60.5589576400
128,4425,55.1448212645
128,4426,60.6244788473
128,4427,60.5282328823
128,4428,60.6079628163
128,4429,60.6624448795
128,4430,60.6944222997
128,4431,60.6163171146
128,4432,60.6440050154
128,4433,55.2397649734
128,4434,60.7546264612
128,4435,60.4342375112
128,4436,60.6492318868
128,4437,51.8730493142
128,4438,59.9303428365
128,4439,46.7848316336
128,4440,49.2247468216
128,4441,60.8363450256
128,4442,54.3716099694
128,4443,61.0268362644
128,4444,60.7869722330
128,4445,55.9396880431
128,4446,54.2558583431
128,4447,60.9492495854
128,4448,60.8422094863
128,4449,61.0498092941
128,4450,61.0275401319
128,4451,53.3236757505
128,4452,60.7901383087
128,4453,61.0322216458
128,4454,60.9364373152
128,4455,57.8675080761
128,4456,54.1076591151
128,4457,58.4872898303
128,4458,58.0413899223
128,4459,57.9483582165
128,4460,54.4111611658
128,4461,61.1055756238
128,4462,61.0939358179
128,4463,54.2953549567
128,4464,61.1598449946
128,4465,59.8518721809
128,4466,46.1892601223
128,4467,61.2763840601
128,4468,58.7222035653
128,4469,61.1805253198
128,4470,51.5622251783
128,4471,61.1948432683
128,4472,55.0388096867
128,4473,51.6635264738
128,4474,56.8192420931
128,4475,59.9696610721
128,4476,61.4011852981
128,4477,61.4137895270
128,4478,55.5824484991
128,4479,38.4720812270
128,4480,58.6094564771
128,4481,56.6284891347
128,4482,61.4419758208
128,4483,61.4999334164
128,4484,57.1230914825
128,4485,61.4777519670
128,4486,61.4454262776
128,4487,61.4854125936
128,4488,59.5676126425
128,4489,61.5274457907
128,4490,60.4562713779
128,4491,58.4334330084
128,4492,61.7022670477
128,4493,56.6165885786
128,4494,55.7749505837
128,4495,48.5107113012
128,4496,61.7709554810
128,4497,50.1576616687
128,4498,59.4888651761
128,4499,53.0658881506
128,4500,44.3994634343
128,4501,57.0568755214
128,4502,61.8072242448
128,4503,61.7138690919
128,4504,60.1411411192
128,4505,60.6463393468
128,4506,61.8253221763
128,4507,60.0059748329
128,4508,57.9504737103
128,4509,61.9128573506
128,4510,56.0889320931
128,4511,61.8623483892
128,4512,62.0068152226
128,4513,48.9108115742
128,4514,57.6827340708
128,4515,57.8980561626
128,4516,61.9664166002
128,4517,59.1962181858
128,4518,62.2176825877
128,4519,62.1352054835
128,4520,62.0276278483
128,4521,56.2691459240
128,4522,61.5859128860
128,4523,61.9514617298
128,4524,62.0804527581
128,4525,62.1535067217
128,4526,55.3946385149
128,4527,47.0106863994
128,4528,62.2390950688
128,4529,59.5863315238
128,4530,61.2672543401
128,4531,62.1796450314
128,4532,50.9336060527
128,4533,48.2838307407
128,4534,61.9656868711
128,4535,61.5318521221
128,4536,59.1768309681
128,4537,61.6097166143
128,4538,62.3120459970
128,4539,62.2259003644
128,4540,59.7806624222
128,4541,62.3779027286
128,4542,62.3575601564
128,4543,54.9454473737
128,4544,62.4898067409
128,4545,60.2416878926
128,4546,48.3358999881
128,4547,57.2590965913
128,4548,62.1266431325
128,4549,60.8776463816
128,4550,62.5020849207
128,4551,49.8855835426
128,4552,62.6381015532
128,4553,59.2198769964
128,4554,55.8628264607
128,4555,56.7018820525
128,4556,57.2716593026
128,4557,61.2815096775
128,4558,62.4874890937
128,4559,58.0833930719
128,4560,62.3387451276
128,4561,51.9981062617
128,4562,56.5259268993
128,4563,50.2087295441
128,4564,55.5458083445
128,4565,51.3703262137
128,4566,62.7538520194
128,4567,62.6574775955
128,4568,62.8660190346
128,4569,62.8200591972
128,4570,59.5735605753
128,4571,50.9992003688
128,4572,62.9469108728
128,4573,62.9048655619
128,4574,56.4333741080
128,4575,62.8875700598
128,4576,63.0501652240
128,4577,54.2772954605
128,4578,61.7814758035
128,4579,62.9336570389
128,4580,62.6942066695
128,4581,63.0625450500
128,4582,63.0155026127
128,4583,61.4549095258
128,4584,59.4449412141
128,4585,62.1618065758
128,4586,59.5298900970
128,4587,56.9889766698
128,4588,57.4011349706
128,4589,63.1166049104
128,4590,63.1646781605
128,4591,58.2550972433
128,4592,63.3502293682
128,4593,63.2499447845
128,4594,58.8245315222
128,4595,63.1740597087
128,4596,60.5250680732
128,4597,63.3020077881
128,4598,63.3246000666
128,4599,63.3705432786
128,4600,56.3484677839
128,4601,49.2031461379
128,4602,63.4727914935
128,4603,54.8462770073
128,4604,63.3072415066
128,4605,59.0487036536
128,4606,63.2912473426
128,4607,63.5041755227
128,4608,63.5066160433
128,4609,63.4428916316
128,4610,63.4791384975
128,4611,55.9206259596
128,4612,63.5352069312
128,4613,58.1404404982
128,4614,63.4958452606
128,4615,63.4771345735
128,4616,60.0080015194
128,4617,62.9400380478
128,4618,63.7130399724
128,4619,63.6240363406
128,4620,63.4953497931
128,4621,63.7961562835
128,4622,60.7403531546
128,4623,60.1368020942
128,4624,63.7189977320
128,4625,61.1067198879
128,4626,63.6545256675
128,4627,63.7606818716
128,4628,60.3515497832
128,4629,63.6539902908
128,4630,43.9164689890
128,4631,59.4452104580
128,4632,61.2368374416
128,4633,63.6949668681
128,4634,56.4919173892
128,4635,64.0544790494
128,4636,41.8863376152
128,4637,64.0277176670
128,4638,63.9086466745
128,4639,63.9470743516
128,4640,48.0670815273
128,4641,64.0005461048
128,4642,62.3135593265
128,4643,63.9998460939
128,4644,63.2357242467
128,4645,63.6205435226
128,4646,50.5923131070
128,4647,64.0340162879
128,4648,64.0441664341
128,4649,64.1782550642
128,4650,59.0466813635
128,4651,50.5976956021
128,4652,64.2334114621
128,4653,60.5344166430
128,4654,61.5373506831
128,4655,64.2794939352
128,4656,64.0920771915
128,4657,64.1899470470
128,4658,64.1094421578
128,4659,58.7841136114
128,4660,61.3597247054
128,4661,64.3579614705
128,4662,64.3333136183
128,4663,63.1574260534
128,4664,53.7340985241
128,4665,64.3552345773
128,4666,50.9163386287
128,4667,57.4934406607
128,4668,20.3249226085
128,4669,64.4931838512
128,4670,62.6362931447
128,4671,64.3094910941
128,4672,63.3010145163
128,4673,64.3930560677
128,4674,64.5990201274
128,4675,54.6054253132
128,4676,60.7295719202
128,4677,64.6312000020
128,4678,64.5512456808
128,4679,61.2307916167
128,4680,55.2290161366
128,4681,59.3471710574
128,4682,64.5283666211
128,4683,64.4851335547
128,4684,60.3899323625
128,4685,64.6984352882
128,4686,64.7632347380
128,4687,64.7005232566
128,4688,45.0633785476
128,4689,63.9129694999
128,4690,64.7253516635
128,4691,64.8310533155
128,4692,51.1422707262
128,4693,57.1875329173
128,4694,64.8322266707
128,4695,55.4703946373
128,4696,62.8350507169
128,4697,50.8761497814
128,4698,60.4557817311
128,4699,57.9102322093
128,4700,64.8459536892
128,4701,61.3902001682
128,4702,59.6388413602
128,4703,64.8731467684
128,4704,62.7770529879
128,4705,65.2716940226
128,4706,60.6404889485
128,4707,61.6143701389
128,4708,64.9769585647
128,4709,65.0180513933
128,4710,64.8712129173
128,4711,63.9739530828
128,4712,64.2146222674
128,4713,65.1607908720
128,4714,65.0962590722
128,4715,57.3840766328
128,4716,65.0358253484
128,4717,65.1627228692
128,4718,59.9626466924
128,4719,59.3286313445
128,4720,64.9678889418
128,4721,49.1750994201
128,4722,65.2613353524
128,4723,61.6450743282
128,4724,63.1525432374
128,4725,65.4075850010
128,4726,46.4916572312
128,4727,65.3063465546
128,4728,61.6006067948
128,4729,65.3926095209
128,4730,63.8686670384
128,4731,62.8412723847
128,4732,65.4655538805
128,4733,57.9261671454
128,4734,56.2224761704
128,4735,65.6159643498
128,4736,65.4534121848
128,4737,51.6877858906
128,4738,65.4078424128
128,4739,54.9139392747
128,4740,65.4669253208
128,4741,65.7209043699
128,4742,65.3859764923
128,4743,54.7940022138
128,4744,65.6119655169
128,4745,65.4911864207
128,4746,61.9171677592
128,4747,53.6208845913
128,4748,65.6530265863
128,4749,64.3985266661
128,4750,65.7309377352
128,4751,64.2042480751
128,4752,65.6001502352
128,4753,65.6038182352
128,4754,61.9312207198
128,4755,62.6246954924
128,4756,65.8265585956
128,4757,56.8836558875
128,4758,65.9475662959
128,4759,65.7820350095
128,4760,65.8165044037
128,4761,49.6682065307
128,4762,63.0082325120
128,4763,65.8761439271
128,4764,64.2667986513
128,4765,59.5538728714
128,4766,47.7267973893
128,4767,61.1191416389
128,4768,62.2338064513
128,4769,57.8416900837
128,4770,63.9371156085
128,4771,66.0055853191
128,4772,42.4512019168
128,4773,66.0571974995
128,4774,65.4789829673
128,4775,63.2323008491
128,4776,62.7021010139
128,4777,66.1120971902
128,4778,60.5862519067
128,4779,58.4728758009
128,4780,66.2898483203
128,4781,66.3193751983
128,4782,61.5812015825
128,4783,48.9533297932
128,4784,48.3516525325
128,4785,66.5035563204
128,4786,52.6205015713
128,4787,62.7822099193
128,4788,42.7625733742
128,4789,59.6522294233
128,4790,66.2946082903
128,4791,66.2332081389
128,4792,66.1530305757
128,4793,64.1092160111
128,4794,65.6369017032
128,4795,66.4786838839
128,4796,59.5773439208
128,4797,56.3368825855
128,4798,66.6116312225
128,4799,52.9653162194
128,4800,62.2509271799
128,4801,64.9702645699
128,4802,66.0978597371
128,4803,54.5740299254
128,4804,42.5928261181
128,4805,64.8920588102
128,4806,59.4442610577
128,4807,66.6501000912
128,4808,64.0917396159
128,4809,63.9383371302
128,4810,64.8510497714
128,4811,66.6285105795
128,4812,56.0423976985
128,4813,66.6021179369
128,4814,66.6464877090
128,4815,61.6167223591
128,4816,66.8272339604
128,4817,63.7245699749
128,4818,65.7287855920
128,4819,62.9472025994
128,4820,60.5042124410
128,4821,66.6903018513
128,4822,66.9521804029
128,4823,66.9852552265
128,4824,66.8029420323
128,4825,62.1001230968
128,4826,55.3732957478
128,4827,62.5907556115
128,4828,66.9925294257
128,4829,62.5302511380
128,4830,66.9796301187
128,4831,48.5612715046
128,4832,63.8214869570
128,4833,66.9228406642
128,4834,64.1352040072
128,4835,67.1342971265
128,4836,59.4368517225
128,4837,59.9940463810
128,4838,67.0178414235
128,4839,63.5826218803
128,4840,64.0546989912
128,4841,62.8605481609
128,4842,49.9955465121
128,4843,61.2271268564
128,4844,63.7278333667
128,4845,64.5771638219
128,4846,67.1149741561
128,4847,67.4584491951
128,4848,67.2607583847
128,4849,58.2314491208
128,4850,67.3955075014
128,4851,62.3924205723
128,4852,61.7630570095
128,4853,67.2717615007
128,4854,63.6819714573
128,4855,57.0923030465
128,4856,61.6185869594
128,4857,67.5792411400
128,4858,67.4777380518
128,4859,65.2226251135
128,4860,62.5088194018
128,4861,56.3696455771
128,4862,54.8098017899
128,4863,56.5945497868
128,4864,60.4850123605
128,4865,57.8310983588
128,4866,58.6546787905
128,4867,63.7456684070
128,4868,66.6518581002
128,4869,66.9674330064
128,4870,62.9389573300
128,4871,67.5710219294
128,4872,67.2690480698
128,4873,67.5675562641
128,4874,65.0049593377
128,4875,63.7072488810
128,4876,66.9611948836
128,4877,54.2702591811
128,4878,67.8274507328
128,4879,67.7896167283
128,4880,67.6415874154
128,4881,66.6209052655
128,4882,62.6508395985
128,4883,54.4589602669
128,4884,63.5083015705
128,4885,63.7136375228
128,4886,56.0683409849
128,4887,67.8226187766
128,4888,60.1191388266
128,4889,63.4890613406
128,4890,65.6440366816
128,4891,56.3321897826
128,4892,61.6530790799
128,4893,66.2140132804
128,4894,61.3879969821
128,4895,65.4831462438
128,4896,67.9187775472
128,4897,63.8553654818
128,4898,66.4403000668
128,4899,66.9208486844
128,4900,54.1660246753
128,4901,60.9900922392
128,4902,60.5635984548
128,4903,68.0998595586
128,4904,68.2925249603
128,4905,58.5980891057
128,4906,56.4867215738
128,4907,57.7104373315
128,4908,64.6555506332
128,4909,63.3217706762
128,4910,68.1380095724
128,4911,62.9957339784
128,4912,59.6311173403
128,4913,58.8834167324
128,4914,63.8414232175
128,4915,63.9716137533
128,4916,64.4551203280
128,4917,64.6184585368
128,4918,65.3030510196
128,4919,65.9468397901
128,4920,63.9454242257
128,4921,60.9660024096
128,4922,56.7249098568
128,4923,49.1742791761
128,4924,63.6669344835
128,4925,63.6545123713
128,4926,68.6050868223
128,4927,68.3513345751
128,4928,68.5117142026
128,4929,59.2291908109
128,4930,63.4374440600
128,4931,65.3392962271
128,4932,68.6379031664
128,4933,68.6488363364
128,4934,58.5628357944
128,4935,68.6477044513
128,4936,62.6278933844
128,4937,64.5985670437
128,4938,68.8145930426
128,4939,64.5155769116
128,4940,68.4246001564
128,4941,68.7653931178
128,4942,64.9496245178
128,4943,68.9516130044
128,4944,61.5653569935
128,4945,57.3532046825
128,4946,69.0564788791
128,4947,59.5622770374
128,4948,55.3164274960
128,4949,54.9295400050
128,4950,65.7698178298
128,4951,52.2162132876
128,4952,62.8890134747
128,4953,59.7834771695
128,4954,65.9193916660
128,4955,54.5171100420
128,4956,64.6728929033
128,4957,69.1277046530
128,4958,69.0472229106
128,4959,69.0846355471
128,4960,63.4211224011
128,4961,68.8995142590
128,4962,69.0810370454
128,4963,52.9256627946
128,4964,69.0484247880
128,4965,69.0734221184
128,4966,59.2575518895
128,4967,60.7751758375
128,4968,65.9802565768
128,4969,59.2479558216
128,4970,65.3855661403
128,4971,68.0896043231
128,4972,69.2126538610
128,4973,60.8552750675
128,4974,63.5719119080
128,4975,66.7958052577
128,4976,69.5171549540
128,4977,65.6967735719
128,4978,69.4108518445
128,4979,69.5550945830
128,4980,69.0898120381
128,4981,67.3977595333
128,4982,56.0896738773
128,4983,65.5641737257
128,4984,69.1356448106
128,4985,65.3966612459
128,4986,69.5398834960
128,4987,69.7078638829
128,4988,65.9208319600
128,4989,63.4379605432
128,4990,69.6844930874
128,4991,60.8320167915
128,4992,63.9736874729
128,4993,69.7932094475
128,4994,69.8571400698
128,4995,69.6254709933
128,4996,69.6596076091
128,4997,66.5193490633
128,4998,50.8732681305
128,4999,69.4528645538
128,5000,59.3319794142
128,5001,69.6395821600
128,5002,67.0997715956
128,5003,68.9865092195
128,5004,69.7850790921
128,5005,63.4623587669
128,5006,69.5836252165
128,5007,68.3560776394
128,5008,66.0297377828
128,5009,56.1649239780
128,5010,69.9264629143
128,5011,59.1828433143
128,5012,54.9991954849
128,5013,70.0443406155
128,5014,52.7608398749
128,5015,65.1791989246
128,5016,55.6987557448
128,5017,68.6379916522
128,5018,63.8302697188
128,5019,68.0623978011
128,5020,70.0682168551
128,5021,68.5603441044
128,5022,64.4792947711
128,5023,68.4655635140
128,5024,62.3145471417
128,5025,67.8641514475
128,5026,55.3350866664
128,5027,66.4487804299
128,5028,66.3735276392
128,5029,70.2806038372
128,5030,46.6020068105
128,5031,66.9141593929
128,5032,70.2132764274
128,5033,44.8456837684
128,5034,52.6004115924
128,5035,70.3274601497
128,5036,70.2589710841
128,5037,70.0191681001
128,5038,67.6702447330
128,5039,68.6181522769
128,5040,70.4655790987
128,5041,63.7697416192
128,5042,54.0217845035
128,5043,64.6217150455
128,5044,66.8910303168
128,5045,56.0992785172
128,5046,70.1671238837
128,5047,68.7785285925
128,5048,70.5806260795
128,5049,65.8354706573
128,5050,57.5691706732
128,5051,68.5047916219
128,5052,69.1874100278
128,5053,68.6592048301
128,5054,61.0717062322
128,5055,61.6144404221
128,5056,62.4328838959
128,5057,67.6921997721
128,5058,70.7524290281
128,5059,57.1449701451
128,5060,67.1319122706
128,5061,70.7613117208
128,5062,63.4157757563
128,5063,69.7873167780
128,5064,68.7858004919
128,5065,63.0597190840
128,5066,68.5313157099
128,5067,70.7844173757
128,5068,70.6727020094
128,5069,68.9111277931
128,5070,61.9129162592
128,5071,69.4487089631
128,5072,60.8526622893
128,5073,66.2910005677
128,5074,68.1034912486
128,5075,57.4759850950
128,5076,50.9449171299
128,5077,70.9075393880
128,5078,56.8829992125
128,5079,57.3137300568
128,5080,53.5742449912
128,5081,67.7682532010
128,5082,65.4008279536
128,5083,70.6445230696
128,5084,60.8959182960
128,5085,65.3532580721
128,5086,59.1832449429
128,5087,69.1987228939
128,5088,68.6407155160
128,5089,71.0760414429
128,5090,66.9622330209
128,5091,64.9818947506
128,5092,66.9511724102
128,5093,56.0108344374
128,5094,70.7777302149
128,5095,70.0236211134
128,5096,70.0181778079
128,5097,70.3496789771
128,5098,68.6015068241
128,5099,71.5507758934
128,5100,71.4437037875
128,5101,53.7265377080
128,5102,71.2853973612
128,5103,48.0428591798
128,5104,69.2507810608
128,5105,71.4683384944
128,5106,67.1107161997
128,5107,71.4747019499
128,5108,65.5159432450
128,5109,66.5769443970
128,5110,62.4169047992
128,5111,71.4301472445
128,5112,71.6508902005
128,5113,65.6485813021
128,5114,71.6779264675
128,5115,71.6844093032
128,5116,71.7026253300
128,5117,61.0983999572
128,5118,68.4511422084
128,5119,66.0560991995
128,5120,66.0101513529
128,5121,70.3835888582
128,5122,68.1733037119
128,5123,71.7043449929
128,5124,68.3326723273
128,5125,64.9683819872
128,5126,67.6561588408
128,5127,57.2707881107
128,5128,71.8855292135
128,5129,67.6248826378
128,5130,70.7751862789
128,5131,57.3160839915
128,5132,65.1486252477
128,5133,69.2173440776
128,5134,72.0096932819
128,5135,71.6143395825
128,5136,72.0065612743
128,5137,68.6100423237
128,5138,71.9222618136
128,5139,68.1343969785
128,5140,62.5755897002
128,5141,68.2134048885
128,5142,66.5632995123
128,5143,72.1912414526
128,5144,68.0063285252
128,5145,53.7702590721
128,5146,44.2675207249
128,5147,66.3120080823
128,5148,68.6466319479
128,5149,57.0513040358
128,5150,71.5982244656
128,5151,72.0173286725
128,5152,65.9209540872
128,5153,72.4111902473
128,5154,72.1508565181
128,5155,65.1731411510
128,5156,67.8739628475
128,5157,71.1553975712
128,5158,67.4026090814
128,5159,70.0894732410
128,5160,68.2540161064
128,5161,71.2090466147
128,5162,71.4015721800
128,5163,48.6075761368
128,5164,64.4786410300
128,5165,66.6927118881
128,5166,63.9826947560
128,5167,61.5387791620
128,5168,64.9772759871
128,5169,56.5581343828
128,5170,65.7327616253
128,5171,53.9332946070
128,5172,59.1118430509
128,5173,55.7693857699
128,5174,72.6519239736
128,5175,70.7630577529
128,5176,68.5296823038
128,5177,72.4874217797
128,5178,62.1332025342
128,5179,72.5847056451
128,5180,72.5337488344
128,5181,52.9751548918
128,5182,64.0132610969
128,5183,70.0073987404
128,5184,72.6280986794
128,5185,65.1950287251
128,5186,66.2950134884
128,5187,64.4997596481
128,5188,60.7080909540
128,5189,72.7609461944
128,5190,69.1819531993
128,5191,65.6195085110
128,5192,63.1698187935
128,5193,72.2238698130
128,5194,60.7852507312
128,5195,72.8834016988
128,5196,69.5830358055
128,5197,68.5029460435
128,5198,68.6651641333
128,5199,61.4443754438
128,5200,69.3623070904
128,5201,68.8488887458
128,5202,53.6144797007
128,5203,60.5885516845
128,5204,59.1296923487
128,5205,62.6894186249
128,5206,71.3545549026
128,5207,73.1991379855
128,5208,73.1096803777
128,5209,66.8344628438
128,5210,67.1109708384
128,5211,64.0861426537
128,5212,73.2024210292
128,5213,58.1376437255
128,5214,64.0068074099
128,5215,62.1149154941
128,5216,63.1357736703
128,5217,68.6935009678
128,5218,38.8859602838
128,5219,68.3620511095
128,5220,62.2095453429
128,5221,69.1561915098
128,5222,70.3274090927
128,5223,66.5846059629
128,5224,73.3615108602
128,5225,57.6465551146
128,5226,71.6154217090
128,5227,42.1867318297
128,5228,60.4285384514
128,5229,70.4333102611
128,5230,66.4013226051
128,5231,65.8892074905
128,5232,72.2284692554
128,5233,71.0790049850
128,5234,60.0621887457
128,5235,70.5315652962
128,5236,68.5931548890
128,5237,41.1847278417
128,5238,68.4726358972
128,5239,73.8052770037
128,5240,70.8900120896
128,5241,71.8235866991
128,5242,73.5508502412
128,5243,73.6636881761
128,5244,67.1094816292
128,5245,63.7104935301
128,5246,64.2532825255
128,5247,69.9709309818
128,5248,73.2587839590
128,5249,73.6343687391
128,5250,69.9446897643
128,5251,69.1627003390
128,5252,71.8260769445
128,5253,73.9607474449
128,5254,73.7912938245
128,5255,65.6521627264
128,5256,73.8882318206
128,5257,66.4613626905
128,5258,67.6400592609
128,5259,68.9399257562
128,5260,71.1714160872
128,5261,67.5753639863
128,5262,62.1746191950
128,5263,58.7954757959
128,5264,48.0723498176
128,5265,59.4207907011
128,5266,66.0940965923
128,5267,70.6765844378
128,5268,73.2735531558
128,5269,72.1653025443
128,5270,73.8134802815
128,5271,73.9711609790
128,5272,74.1427143903
128,5273,65.4835276297
128,5274,63.6252821764
128,5275,71.2418553178
128,5276,68.6173584769
128,5277,67.2035375728
128,5278,56.3482843506
128,5279,69.1924055285
128,5280,66.2119041870
128,5281,71.6250874689
128,5282,65.7758104975
128,5283,56.9919979998
128,5284,72.1961903088
128,5285,57.9266915752
128,5286,64.9135375465
128,5287,71.1034656488
128,5288,68.6292460956
128,5289,42.1645292968
128,5290,68.2275006124
128,5291,61.5537076699
128,5292,67.9970109281
128,5293,73.1338786420
128,5294,69.9036411780
128,5295,70.4318903691
128,5296,68.8353381023
128,5297,63.3397669961
128,5298,74.5245072398
128,5299,70.5506099083
128,5300,69.3235254160
128,5301,72.8062061663
128,5302,65.9040297538
128,5303,71.6308451546
128,5304,70.1458241761
128,5305,74.5776389091
128,5306,69.9425503867
128,5307,62.5227552794
128,5308,60.1100346489
128,5309,70.0133669527
128,5310,74.7677602083
128,5311,58.3814380123
128,5312,51.6884566369
128,5313,43.1809135755
128,5314,47.9993846416
128,5315,52.5404646694
128,5316,68.5888554739
128,5317,75.0966785313
128,5318,55.8996708084
128,5319,63.0859286159
128,5320,69.6282009470
128,5321,74.9679158216
128,5322,75.1136635068
128,5323,73.3229701386
128,5324,70.3100493998
128,5325,74.8597103589
128,5326,73.5692953705
128,5327,72.8530774678
128,5328,72.8055458388
128,5329,39.7621090668
128,5330,74.3697685848
128,5331,70.0448198558
128,5332,71.1037273670
128,5333,57.9413443136
128,5334,51.3177125309
128,5335,52.9314042282
128,5336,54.3929701023
128,5337,63.0770379888
128,5338,75.2054530786
128,5339,71.1927834886
128,5340,71.9832805221
128,5341,66.7051226318
128,5342,50.4424730163
128,5343,40.7252848318
128,5344,70.5894035336
128,5345,61.5286701764
128,5346,72.4582876630
128,5347,70.6716352764
128,5348,72.0598361610
128,5349,61.0651260988
128,5350,63.9003161054
128,5351,74.9023252665
128,5352,64.9742447054
128,5353,58.6937290182
128,5354,68.9505456083
128,5355,52.5333873178
128,5356,65.5463914071
128,5357,72.5819297663
128,5358,58.0811264746
128,5359,71.2847323370
128,5360,73.9562006493
128,5361,57.7928474136
128,5362,72.7723957907
128,5363,59.6366938614
128,5364,73.8890512783
128,5365,75.6308506939
128,5366,67.5382499914
128,5367,67.3652151305
128,5368,56.5998780748
128,5369,63.7409010851
128,5370,63.4353401948
128,5371,59.4809235053
128,5372,61.2455151596
128,5373,75.6845980418
128,5374,71.3714850941
128,5375,64.4725838737
128,5376,74.2293274842
128,5377,58.1006956003
128,5378,67.4733745193
128,5379,73.7400403834
128,5380,69.2729368439
128,5381,71.6071580419
128,5382,63.7154529982
128,5383,56.2316939216
128,5384,76.0120614050
128,5385,66.4974482274
128,5386,71.0687288248
128,5387,65.4854338566
128,5388,76.0236773063
128,5389,72.1322659769
128,5390,60.5314587481
128,5391,75.9557875500
128,5392,75.9859990900
128,5393,71.8240639219
128,5394,65.8003399372
128,5395,74.0490516753
128,5396,60.2493768899
128,5397,63.6387160509
128,5398,58.7445231925
128,5399,76.1292517001
128,5400,60.0859345808
128,5401,55.6275660513
128,5402,53.8864618749
128,5403,76.1634103545
128,5404,54.7029462188
128,5405,52.6221126032
128,5406,72.1884594574
128,5407,70.9787316854
128,5408,65.3625000447
128,5409,69.9152603369
128,5410,73.6257365886
128,5411,73.6789340608
128,5412,60.6260193201
128,5413,73.6132373384
128,5414,64.0154973944
128,5415,68.4464662087
128,5416,66.2900514603
128,5417,68.7741090258
128,5418,72.4898106540
128,5419,76.5715635698
128,5420,76.6936607992
128,5421,69.2006149820
128,5422,66.9908907867
128,5423,64.9796070331
128,5424,74.2516052040
128,5425,67.5047464807
128,5426,71.2901224083
128,5427,63.8300767942
128,5428,71.2886115527
128,5429,58.7066100054
128,5430,67.5305051021
128,5431,71.2029646858
128,5432,68.3636151409
128,5433,58.4792223709
128,5434,63.4741526028
128,5435,69.2948560788
128,5436,58.3734324371
128,5437,60.8071550771
128,5438,74.1436776919
128,5439,65.3956076128
128,5440,62.9927649032
128,5441,71.0791472811
128,5442,66.6946427665
128,5443,65.5766983874
128,5444,65.0716436498
128,5445,72.7758450521
128,5446,76.1253282187
128,5447,71.5744840666
128,5448,70.1819795563
128,5449,75.2622246355
128,5450,70.8952998044
128,5451,77.1630935590
128,5452,74.3783989045
128,5453,66.2851328895
128,5454,73.9245790471
128,5455,66.0124866572
128,5456,74.8319503549
128,5457,46.3438895377
128,5458,75.6629394901
128,5459,70.3642200121
128,5460,76.5486715753
128,5461,70.5221705785
128,5462,40.5170765269
128,5463,67.0121517311
128,5464,50.4593712753
128,5465,69.8485364687
128,5466,73.2147753474
128,5467,71.6790910776
128,5468,57.6844191123
128,5469,69.3198855680
128,5470,70.2168800266
128,5471,43.6743140126
128,5472,77.4538048200
128,5473,56.9734853364
128,5474,64.6913581064
128,5475,73.0719560700
128,5476,73.6525820830
128,5477,46.5535185828
128,5478,59.2963383633
128,5479,77.2599825929
128,5480,66.0075250849
128,5481,77.6035051051
128,5482,77.4767332258
128,5483,59.7906659122
128,5484,73.2969700996
128,5485,75.6079140813
128,5486,62.1712479575
128,5487,71.1787873244
128,5488,77.5218936456
128,5489,52.3004462369
128,5490,77.7774725459
128,5491,58.9958369582
128,5492,70.2395153071
128,5493,69.6379862562
128,5494,64.9044557639
128,5495,69.3778580612
128,5496,69.3627104106
128,5497,77.3958516831
128,5498,76.8153839685
128,5499,64.0125607683
128,5500,61.8177660274
128,5501,64.7189122829
128,5502,61.1815643683
128,5503,63.7980207473
128,5504,64.8078587976
128,5505,63.3820725745
128,5506,72.7388262628
128,5507,72.1352039114
128,5508,54.4515003279
128,5509,48.3876773101
128,5510,77.6671829438
128,5511,78.2717204300
128,5512,67.4639400569
128,5513,63.1141829826
128,5514,68.3947857959
128,5515,58.4913794332
128,5516,58.6768744083
128,5517,66.0000174530
128,5518,60.2740577355
128,5519,78.3178564487
128,5520,72.5592697417
128,5521,69.9705783871
128,5522,70.5275177812
128,5523,67.9315365456
128,5524,57.1182297650
128,5525,48.7437935931
128,5526,78.3738928190
128,5527,71.6192745020
128,5528,73.8152529779
128,5529,53.5554409410
128,5530,63.1958381913
128,5531,66.6984536646
128,5532,76.4382027320
128,5533,71.1345632686
128,5534,74.4215665087
128,5535,72.0687801284
128,5536,73.8167616352
128,5537,59.2158761381
128,5538,62.1470321480
128,5539,60.9962417419
128,5540,61.6450318545
128,5541,64.9697212422
128,5542,70.5855644935
128,5543,75.1035239066
128,5544,66.3893694622
128,5545,74.7760884456
128,5546,73.8692695081
128,5547,64.3437489119
128,5548,78.6897796128
128,5549,53.5841067269
128,5550,78.6574581508
128,5551,53.6148855452
128,5552,61.1076633630
128,5553,77.7987350980
128,5554,76.8525688147
128,5555,62.5184484157
128,5556,73.8937522145
128,5557,70.9876806269
128,5558,73.1021088106
128,5559,78.3140552830
128,5560,73.1808636931
128,5561,74.3574911375
128,5562,70.7080685026
128,5563,62.4092151768
128,5564,72.1477090250
128,5565,71.3445586860
128,5566,58.5355630742
128,5567,75.3367815767
128,5568,73.5295219178
128,5569,78.5061879949
128,5570,59.9030888196
128,5571,72.0596359539
128,5572,71.6735187326
128,5573,76.5298478906
128,5574,66.5525313752
128,5575,71.7716825666
128,5576,60.8132090795
128,5577,74.0626158660
128,5578,70.8346435313
128,5579,77.1212956539
128,5580,75.7237090271
128,5581,74.0988075156
128,5582,54.5857019250
128,5583,73.1348906391
128,5584,74.5403470621
128,5585,68.3877737685
128,5586,79.2477750695
128,5587,69.3366223151
128,5588,62.9811941551
128,5589,74.9369883553
128,5590,71.8012133977
128,5591,69.3673736504
128,5592,62.0590039711
128,5593,69.9287089282
128,5594,78.0378719902
128,5595,70.7647143723
128,5596,71.0824643621
128,5597,45.1169813705
128,5598,75.2053767937
128,5599,77.4478060072
128,5600,66.8401507619
128,5601,75.5411953097
128,5602,73.0445739781
128,5603,75.3548014878
128,5604,75.1220526296
128,5605,49.6610936536
128,5606,71.3420588514
128,5607,60.7456041222
128,5608,74.0251695680
128,5609,70.6359053745
128,5610,74.6903623896
128,5611,60.2964262160
128,5612,69.8309287441
128,5613,67.4144815064
128,5614,79.6369309447
128,5615,62.3571351891
128,5616,56.8136655461
128,5617,67.3230979087
128,5618,75.2332698261
128,5619,76.3517225099
128,5620,60.7505836355
128,5621,75.7210550305
128,5622,72.5840528099
128,5623,52.5800605450
128,5624,66.1404250342
128,5625,48.9192398717
128,5626,79.8776534303
128,5627,68.9515924738
128,5628,73.4814670194
128,5629,66.0277855766
128,5630,75.2281190865
128,5631,61.3105035037
128,5632,60.9135227345
128,5633,73.3051740616
128,5634,71.6142636791
128,5635,62.7651580065
128,5636,63.1426590684
128,5637,63.1790226842
128,5638,70.1023031882
128,5639,59.5770035670
128,5640,78.6742418976
128,5641,62.1586143936
128,5642,73.9160335143
128,5643,69.9090998096
128,5644,77.0438865592
128,5645,72.5930860646
128,5646,76.6770898008
128,5647,75.2083573309
128,5648,71.5301053684
128,5649,69.1476949917
128,5650,73.6685922205
128,5651,74.8258644347
128,5652,71.9397512354
128,5653,58.5142148665
128,5654,76.7849496215
128,5655,60.9154211831
128,5656,80.4349544914
128,5657,75.9389338835
128,5658,57.0109906582
128,5659,70.8044814081
128,5660,77.2596909106
128,5661,78.4007164416
128,5662,69.0853062457
128,5663,73.5739631458
128,5664,66.2435381369
128,5665,71.4952068174
128,5666,52.8482624827
128,5667,71.0782766894
128,5668,77.1041612888
128,5669,62.1465394468
128,5670,66.6107133462
128,5671,69.3207354683
128,5672,58.8068660620
128,5673,75.2607934684
128,5674,61.6591495721
128,5675,73.1051467174
128,5676,79.8610646178
128,5677,70.7135284030
128,5678,69.6040418507
128,5679,72.3193551006
128,5680,57.1591865665
128,5681,80.1044082693
128,5682,74.0466003006
128,5683,74.5903079086
128,5684,71.7281535439
128,5685,73.0634756005
128,5686,79.1213109621
128,5687,77.6586191751
128,5688,78.4058803799
128,5689,67.6828990246
128,5690,72.2316374872
128,5691,68.5327895352
128,5692,80.9529741464
128,5693,55.7331115370
128,5694,79.0206517765
128,5695,47.8208919953
128,5696,71.0527859977
128,5697,76.1235654337
128,5698,45.2350788776
128,5699,73.4708624093
128,5700,77.3604357382
128,5701,72.2098043473
128,5702,62.8362563765
128,5703,77.6320636678
128,5704,72.0318438328
128,5705,75.8455256285
128,5706,63.7152129510
128,5707,71.0912576494
128,5708,70.9356518017
128,5709,76.3446781894
128,5710,76.9246129052
128,5711,69.7622586208
128,5712,81.4039821086
128,5713,81.4375634186
128,5714,72.6021990210
128,5715,64.6349152188
128,5716,62.1084870461
128,5717,73.7006543829
128,5718,56.1429542851
128,5719,73.4283576238
128,5720,67.7939479851
128,5721,63.4815808513
128,5722,73.7146011901
128,5723,65.9399681250
128,5724,73.1640693168
128,5725,76.6765415173
128,5726,55.9598623886
128,5727,79.7592493655
128,5728,60.4435884598
128,5729,64.4909893038
128,5730,72.2299700298
128,5731,57.3118614306
128,5732,74.6129887470
128,5733,55.9650072654
128,5734,62.0675179680
128,5735,66.3442311219
128,5736,71.2101161062
128,5737,68.5849208838
128,5738,78.6432239808
128,5739,61.0354985396
128,5740,75.9659135384
128,5741,65.5315555272
128,5742,70.8496235309
128,5743,77.1420848176
128,5744,76.7122084352
128,5745,71.3294718975
128,5746,79.4438545527
128,5747,57.9690940592
128,5748,65.2293549092
128,5749,79.4022272362
128,5750,67.3613259468
128,5751,45.7174301643
128,5752,62.2377746419
128,5753,69.7729726284
128,5754,60.7267397905
128,5755,65.0916699329
128,5756,69.2252226247
128,5757,67.9445489956
128,5758,74.1482464460
128,5759,68.7099177086
128,5760,78.1840043459
128,5761,66.4956490729
128,5762,56.0738004314
128,5763,69.6170064915
128,5764,73.3207761092
128,5765,68.0403265523
128,5766,76.5997082620
128,5767,63.6223513334
128,5768,51.4656060548
128,5769,68.6599919467
128,5770,75.3269346743
128,5771,76.3070494856
128,5772,66.4799427715
128,5773,65.0324094175
128,5774,69.2791392911
128,5775,65.0006033591
128,5776,79.6296333733
128,5777,71.3802700306
128,5778,60.6085965863
128,5779,61.1201176277
128,5780,74.2816619093
128,5781,72.2649211331
128,5782,62.1681587213
128,5783,53.9582848859
128,5784,78.7525117098
128,5785,81.5627959081
128,5786,62.8622857408
128,5787,76.9309589200
128,5788,78.3606586669
128,5789,80.6663468021
128,5790,78.0345189408
128,5791,66.8581611785
128,5792,66.1469384638
128,5793,78.8133169708
128,5794,61.0175288829
128,5795,57.2364994166
128,5796,73.1154756332
128,5797,47.0331411469
128,5798,64.7339755678
128,5799,51.8691784184
128,5800,82.8841553030
128,5801,77.0669764980
128,5802,82.1599004828
128,5803,60.4772785399
128,5804,67.9482954856
128,5805,68.9485368655
128,5806,82.7808525224
128,5807,55.1200663012
128,5808,68.0825615007
128,5809,73.9828118685
128,5810,79.5781857991
128,5811,77.0936901806
128,5812,57.6176939345
128,5813,80.8169526887
128,5814,75.8821748197
128,5815,76.6216488520
128,5816,72.5445618240
128,5817,76.1542348894
128,5818,80.4033739973
128,5819,78.2851094705
128,5820,70.9979339916
128,5821,61.0058028175
128,5822,67.0860122703
128,5823,70.4813340622
128,5824,72.5087089490
128,5825,83.2932302568
128,5826,62.9315426490
128,5827,66.4544123167
128,5828,65.6724200760
128,5829,68.5238055285
128,5830,75.4702463227
128,5831,69.0649824595
128,5832,75.8742817770
128,5833,71.3575867195
128,5834,75.0677882969
128,5835,69.8014583359
128,5836,79.4292989364
128,5837,60.5198987016
128,5838,77.8013619052
128,5839,78.7022365780
128,5840,60.5613447413
128,5841,60.2200335739
128,5842,83.4925671901
128,5843,59.5551320991
128,5844,74.1351595477
128,5845,76.9528892803
128,5846,70.0199426388
128,5847,78.9052468650
128,5848,82.6471361571
128,5849,63.7832099311
128,5850,79.7227760805
128,5851,81.6764588248
128,5852,67.0189128737
128,5853,65.8928518473
128,5854,71.7984950510
128,5855,75.7627493585
128,5856,73.0927590904
128,5857,72.9757808625
128,5858,74.5193807526
128,5859,73.2313701848
128,5860,58.6639950264
128,5861,77.9911900898
128,5862,64.5412347940
128,5863,77.0822804485
128,5864,63.6386786115
128,5865,78.2939827059
128,5866,58.7000446763
128,5867,65.6600050472
128,5868,78.3490601846
128,5869,64.3011847648
128,5870,54.5666623958
128,5871,78.9654803523
128,5872,69.8076679403
128,5873,66.3151956755
128,5874,59.1561899666
128,5875,58.1898258340
128,5876,60.9449243203
128,5877,66.3440302645
128,5878,73.0608264198
128,5879,73.5553811592
128,5880,78.7705642180
128,5881,59.5038329202
128,5882,75.8508498272
128,5883,80.3418874269
128,5884,54.8265727422
128,5885,68.3433131040
128,5886,79.1619096153
128,5887,74.5103369094
128,5888,78.2120492204
128,5889,69.6562762187
128,5890,80.8014901721
128,5891,64.7374268525
128,5892,55.7591513217
128,5893,61.4847419284
128,5894,76.7397773566
128,5895,80.6836760853
128,5896,78.8497765081
128,5897,62.9128164828
128,5898,64.3708635278
128,5899,79.0688908043
128,5900,71.9017640585
128,5901,72.7082046758
128,5902,81.5040047927
128,5903,50.6153461188
128,5904,74.6279457743
128,5905,79.7365972257
128,5906,64.4120317498
128,5907,77.5007426969
128,5908,68.3922197323
128,5909,73.0883606787
128,5910,60.5311614277
128,5911,66.9041063243
128,5912,73.7961112578
128,5913,53.3370671514
128,5914,74.6361038494
128,5915,69.4949804914
128,5916,80.1885141875
128,5917,58.2183290194
128,5918,69.2168222712
128,5919,80.9885792949
128,5920,79.4467853765
128,5921,70.6998650201
128,5922,65.4239351739
128,5923,62.3960608282
128,5924,75.3724935817
128,5925,69.5934370582
128,5926,69.1179054141
128,5927,53.6749034499
128,5928,82.7020661872
128,5929,78.6353816589
128,5930,76.3159195767
128,5931,77.6202629970
128,5932,69.7014740859
128,5933,67.8868216257
128,5934,64.3028034815
128,5935,67.5964114165
128,5936,75.8946437265
128,5937,70.6946325167
128,5938,66.1508937276
128,5939,71.5943294201
128,5940,82.3281671137
128,5941,55.3945445513
128,5942,79.0564812967
128,5943,60.9356601468
128,5944,66.8455872068
128,5945,70.6444995758
128,5946,62.1540312176
128,5947,68.6028126200
128,5948,85.1746798547
128,5949,50.6457853931
128,5950,61.6999627844
128,5951,69.8602985844
128,5952,80.7229380469
128,5953,78.7118947057
128,5954,58.0742280642
128,5955,67.5548021140
128,5956,83.8386634411
128,5957,67.9573453567
128,5958,72.0322724501
128,5959,73.4699554079
128,5960,70.6128706463
128,5961,66.7350431528
128,5962,71.9595455994
128,5963,74.5988386983
128,5964,66.5882702773
128,5965,73.9053355531
128,5966,82.7625759326
128,5967,65.9652359880
128,5968,60.3751097608
128,5969,66.6917738239
128,5970,79.3678344734
128,5971,67.0791270577
128,5972,69.4058104259
128,5973,80.4154581210
128,5974,67.5364763190
128,5975,77.9303073719
128,5976,58.7869498290
128,5977,81.7614244661
128,5978,75.5400308045
128,5979,78.2274176867
128,5980,84.2048725014
128,5981,81.8011047022
128,5982,67.9310495903
128,5983,62.5529767611
128,5984,64.8469237654
128,5985,74.1643905563
128,5986,72.9984662293
128,5987,81.8976982949
128,5988,75.2723471842
128,5989,70.0915289406
128,5990,62.5501806169
128,5991,76.6002342474
128,5992,79.7758737201
128,5993,53.8812652045
128,5994,68.6300089615
128,5995,64.0817881277
128,5996,63.1300584779
128,5997,83.7879294022
128,5998,64.3195718007
128,5999,70.2996275327
128,6000,69.3080907003
128,6001,54.5664173270
128,6002,64.6589097536
128,6003,82.1671126293
128,6004,70.7167086302
128,6005,59.2953568569
128,6006,64.9692016331
128,6007,67.1570867022
128,6008,74.2994177332
128,6009,74.3841657434
128,6010,80.9115635654
128,6011,76.5809301227
128,6012,65.6284604323
128,6013,79.3150081849
128,6014,72.2959934623
128,6015,76.4496944220
128,6016,73.9257416846
128,6017,50.1631256414
128,6018,81.8605350096
128,6019,72.7116702202
128,6020,71.7640390930
128,6021,70.9943315759
128,6022,59.0795763681
128,6023,49.1900794382
128,6024,65.5125454240
128,6025,68.9529107380
128,6026,66.0295484286
128,6027,79.3159055289
128,6028,68.7474274149
128,6029,84.2551580356
128,6030,68.5630894642
128,6031,68.8742371854
128,6032,63.1470166535
128,6033,69.7119996520
128,6034,83.9588688975
128,6035,63.7038005384
128,6036,56.8442539364
128,6037,83.0352879236
128,6038,50.8559753773
128,6039,78.7121831294
128,6040,54.7715041635
128,6041,66.6018508785
128,6042,71.4790479601
128,6043,47.9453858368
128,6044,83.2097562338
128,6045,63.2765972665
128,6046,81.9033423558
128,6047,59.3993448359
128,6048,69.1220410302
128,6049,78.5500049907
128,6050,71.8786092861
128,6051,69.1972106999
128,6052,84.2313912338
128,6053,74.9470627769
128,6054,60.1834926537
128,6055,52.8520728025
128,6056,57.7924563170
128,6057,68.8995235683
128,6058,81.9740672889
128,6059,71.1964300048
128,6060,74.2470295520
128,6061,82.0527118185
128,6062,69.4718319391
128,6063,81.6549265110
128,6064,68.3486347792
128,6065,82.8425855080
128,6066,64.9737846315
128,6067,47.6725918799
128,6068,69.0450539720
128,6069,82.2445848134
128,6070,70.5132347701
128,6071,56.6878239986
128,6072,87.4053457801
128,6073,74.4929953134
128,6074,55.0184630670
128,6075,76.4523139439
128,6076,83.3397773821
128,6077,42.9831599158
128,6078,65.4462765261
128,6079,84.4954692326
128,6080,65.7839573425
128,6081,59.6790123327
128,6082,72.0657883922
128,6083,73.2789707782
128,6084,73.0576470768
128,6085,68.2538167606
128,6086,77.6046415114
128,6087,86.1777404543
128,6088,79.2850299450
128,6089,67.0496804115
128,6090,83.6076551208
128,6091,53.1375351398
128,6092,79.4013541458
128,6093,77.9076340696
128,6094,83.0217565676
128,6095,63.0727714797
128,6096,85.5255939120
128,6097,74.1216000401
128,6098,72.2257198076
128,6099,72.7804829633
128,6100,60.3876998854
128,6101,78.6814266029
128,6102,59.5693688568
128,6103,53.6925894856
128,6104,85.1487168573
128,6105,63.5715827712
128,6106,69.9299824189
128,6107,83.5757329425
128,6108,60.1030004850
128,6109,72.6156752584
128,6110,71.2409393810
128,6111,84.7728259701
128,6112,78.5424814922
128,6113,83.3239686818
128,6114,80.2085131938
128,6115,61.9848737050
128,6116,58.2175205216
128,6117,73.8816465669
128,6118,84.6972924076
128,6119,77.9652823545
128,6120,61.3485204418
128,6121,69.9449914359
128,6122,64.2238941686
128,6123,80.7302239192
128,6124,83.0275435609
128,6125,57.7698115076
128,6126,62.8552447555
128,6127,68.4324694192
128,6128,64.9458047851
128,6129,74.6141814515
128,6130,69.7748713937
128,6131,86.9142407875
128,6132,76.1065340635
128,6133,59.8745766051
128,6134,66.8653463903
128,6135,82.1236997896
128,6136,67.1106680425
128,6137,65.6610513637
128,6138,65.6884552358
128,6139,73.0324625940
128,6140,67.2588915106
128,6141,78.4352531491
128,6142,59.3350241534
128,6143,70.2122468572
128,6144,75.3987271364
128,6145,68.8593037391
128,6146,85.1306154878
128,6147,71.9839454758
128,6148,55.0871356484
128,6149,62.7947698146
128,6150,75.1533983416
128,6151,66.0845636956
128,6152,44.6243197471
128,6153,73.2315839459
128,6154,65.8724258819
128,6155,80.0495272267
128,6156,66.5603044444
128,6157,67.8136534441
128,6158,63.7739898065
128,6159,50.6001800376
128,6160,58.7227390169
128,6161,62.3606464101
128,6162,61.0248862179
128,6163,74.7683931564
128,6164,72.2248462486
128,6165,67.4611996387
128,6166,81.1506185002
128,6167,75.5000389898
128,6168,38.1879363850
128,6169,52.9105102181
128,6170,83.9077599277
128,6171,76.7953055941
128,6172,69.8345725823
128,6173,58.7865249968
128,6174,75.7038850296
128,6175,71.6812428712
128,6176,69.8377616356
128,6177,82.2938392040
128,6178,62.1908618403
128,6179,65.1697147734
128,6180,84.4995743037
128,6181,78.7059298176
128,6182,71.7166414171
128,6183,78.0331561838
128,6184,86.3955804106
128,6185,56.6024542618
128,6186,77.3685308717
128,6187,58.4006100134
128,6188,62.8645494938
128,6189,75.7860789262
128,6190,71.7667000103
128,6191,76.3527467018
128,6192,69.0182993028
128,6193,64.3670917590
128,6194,60.8885048080
128,6195,52.7832950985
128,6196,76.5268414380
128,6197,60.1233731543
128,6198,81.4636989448
128,6199,68.1790234096
128,6200,81.7189780350
128,6201,62.8326249549
128,6202,75.4561275749
128,6203,72.8522818516
128,6204,71.2530568628
128,6205,36.2555494432
128,6206,77.3611111987
128,6207,78.7553688891
128,6208,75.4119417676
128,6209,78.1893277290
128,6210,55.1318899286
128,6211,81.6394890109
128,6212,71.8122998138
128,6213,74.2006083702
128,6214,76.9104290382
128,6215,79.7352289491
128,6216,76.7530606221
128,6217,82.8750221385
128,6218,70.3614912266
128,6219,78.8641718044
128,6220,76.1264694354
128,6221,70.3589662818
128,6222,79.3393465856
128,6223,49.2555719180
128,6224,65.4076747495
128,6225,82.3858769171
128,6226,73.2605159991
128,6227,78.9725201081
128,6228,76.2567204624
128,6229,83.0578671182
128,6230,69.6396963623
128,6231,78.6379492505
128,6232,66.7503176165
128,6233,69.0192521754
128,6234,79.1126750689
128,6235,68.4319476052
128,6236,52.5886487309
128,6237,74.9566540813
128,6238,67.1963717192
128,6239,73.1049260262
128,6240,72.6907881285
128,6241,84.4621290065
128,6242,58.9415756136
128,6243,71.4080067169
128,6244,67.3342916167
128,6245,70.9274629253
128,6246,81.5338143075
128,6247,81.6785246889
128,6248,35.2149744441
128,6249,41.7578521125
128,6250,81.7692373509
128,6251,66.1863106021
128,6252,73.5913722024
128,6253,71.0446277107
128,6254,51.8857307279
128,6255,68.2471315573
128,6256,79.7559019939
128,6257,63.8385343198
128,6258,67.5432425982
128,6259,67.2170362445
128,6260,63.7703108101
128,6261,84.0711054749
128,6262,75.7042664282
128,6263,70.3665986952
128,6264,74.2510524162
128,6265,62.9793307369
128,6266,76.7895219123
128,6267,70.9782600302
128,6268,61.1427885456
128,6269,61.8374493802
128,6270,69.4247824246
128,6271,74.9489668876
128,6272,71.8008589200
128,6273,66.4750644984
128,6274,81.5774576943
128,6275,66.6070697807
128,6276,77.6030590720
128,6277,75.9812084951
128,6278,70.1860490514
128,6279,73.9299980592
128,6280,67.7814778439
128,6281,73.9227040825
128,6282,61.6005490736
128,6283,65.4654392387
128,6284,52.2853243174
128,6285,42.5939581764
128,6286,66.0555331474
128,6287,81.5358803879
128,6288,67.3912340903
128,6289,58.1525855825
128,6290,85.2348777796
128,6291,87.7197175107
128,6292,64.1366917569
128,6293,73.9693999163
128,6294,65.6458980465
128,6295,0.0000000000
128,6296,70.9624461894
128,6297,76.1155369481
128,6298,69.2679763406
128,6299,76.4027744320
128,6300,83.2694245861
128,6301,31.0850399257
128,6302,78.3514495811
128,6303,68.2174718085
128,6304,58.4150578363
128,6305,71.2617653098
128,6306,85.9556815898
128,6307,55.9552376098
128,6308,83.2035949042
128,6309,47.8597156929
128,6310,75.6747110448
128,6311,61.9085985499
128,6312,65.1547602565
128,6313,62.6852155965
128,6314,87.1975623395
128,6315,70.1154406599
128,6316,48.3318989648
128,6317,80.0430185979
128,6318,85.4334050325
128,6319,85.6245491588
128,6320,61.1257503170
128,6321,71.8785253716
128,6322,86.0618914556
128,6323,82.6709348417
128,6324,69.7357918976
128,6325,56.8087019386
128,6326,66.6690528639
128,6327,68.9959783583
128,6328,63.5412827668
128,6329,66.2224206275
128,6330,62.2627362371
128,6331,72.2042540491
128,6332,77.3153402827
128,6333,71.6787892848
128,6334,72.7887957067
128,6335,69.3967284522
128,6336,67.2113668028
128,6337,58.3370668967
128,6338,69.7837245082
128,6339,64.4057507538
128,6340,71.0745034595
128,6341,74.5487823635
128,6342,85.5755336144
128,6343,58.4415967721
128,6344,72.0376180154
128,6345,73.2710763002
128,6346,63.1320333455
128,6347,71.5587118121
128,6348,84.0899972501
128,6349,88.2873974998
128,6350,75.6314771594
128,6351,76.3511995325
128,6352,79.7260019287
128,6353,79.3896660058
128,6354,61.0890452987
128,6355,71.0121529622
128,6356,68.3434840358
128,6357,76.6750984634
128,6358,79.2647246711
128,6359,61.9768211702
128,6360,78.2640726752
128,6361,65.2603854276
128,6362,54.6554269038
128,6363,72.8154607042
128,6364,77.8000054598
128,6365,63.7158344643
128,6366,54.3920389674
128,6367,51.4560611888
128,6368,58.1047336489
128,6369,54.2751244979
128,6370,62.6738480194
128,6371,76.3804962270
128,6372,70.3077947628
128,6373,73.5139046975
128,6374,69.6756290418
128,6375,76.5819048000
128,6376,59.2305036030
128,6377,66.2354570303
128,6378,39.4386910542
128,6379,74.3505333797
128,6380,66.1558637992
128,6381,70.6614535247
128,6382,76.9182039379
128,6383,54.2254733380
128,6384,73.5780760676
128,6385,78.2165540504
128,6386,81.7137836179
128,6387,72.0599725100
128,6388,74.3826010971
128,6389,61.9541049262
128,6390,70.6704964735
128,6391,59.7026138014
128,6392,58.8329450553
128,6393,71.7011511338
128,6394,67.6976697164
128,6395,46.9332197630
128,6396,56.0932151935
128,6397,86.5304917709
128,6398,73.7794015143
128,6399,66.9844402653
128,6400,62.6394802758
128,6401,86.7107264732
128,6402,67.4820658128
128,6403,65.1868679399
128,6404,73.3201907521
128,6405,58.9514843506
128,6406,77.6671502095
128,6407,74.6297093326
128,6408,80.8772611504
128,6409,64.0488929276
128,6410,75.4732180055
128,6411,78.5831577865
128,6412,85.8914182435
128,6413,88.4757459999
128,6414,60.8815834143
128,6415,79.8751155777
128,6416,82.3979091506
128,6417,75.8024061779
128,6418,62.0233531137
128,6419,73.6391688335
128,6420,65.1453478510
128,6421,75.0140484840
128,6422,74.0879599825
128,6423,65.4900786384
128,6424,73.8593378863
128,6425,75.8451264786
128,6426,82.9600245991
128,6427,66.2101196562
128,6428,58.2230552680
128,6429,84.3243032258
128,6430,66.0704600731
128,6431,52.5963845116
128,6432,54.7553728860
128,6433,73.7739987292
128,6434,59.0253733906
128,6435,84.1530861927
128,6436,88.9844135365
128,6437,80.4470291739
128,6438,66.8544073715
128,6439,90.1285340311
128,6440,79.6611477846
128,6441,82.4215882250
128,6442,68.6060206810
128,6443,73.4930109796
128,6444,73.4734735540
128,6445,76.3445474201
128,6446,51.5637799119
128,6447,73.2192070802
128,6448,53.7735246455
128,6449,75.0720032154
128,6450,66.5403525435
128,6451,87.9548301669
128,6452,12.4196206680
128,6453,71.3065813991
128,6454,64.3238878966
128,6455,63.8510222758
128,6456,70.9729244388
128,6457,77.1206510242
128,6458,76.0328334919
128,6459,66.7889976853
128,6460,54.3641613203
128,6461,47.5147819213
128,6462,87.7492438478
128,6463,70.6066608320
128,6464,73.8761608545
128,6465,67.0520639101
128,6466,77.3066071867
128,6467,72.1274439570
128,6468,73.3839806625
128,6469,80.6431322443
128,6470,77.9215732738
128,6471,67.1491643288
128,6472,68.9879057234
128,6473,66.7100743856
128,6474,81.4535882134
128,6475,70.1306268631
128,6476,62.0608802469
128,6477,72.4625851795
128,6478,66.9750240500
128,6479,70.4713107955
128,6480,64.1410301133
128,6481,53.6795879842
128,6482,67.2035503872
128,6483,55.0763426510
128,6484,66.8648193115
128,6485,60.0159613864
128,6486,72.6241973254
128,6487,77.6563083724
128,6488,63.9085039702
128,6489,55.8482430940
128,6490,58.5625031934
128,6491,71.9679986890
128,6492,86.2927713226
128,6493,74.0128141902
128,6494,54.1312145677
128,6495,74.6237581898
128,6496,65.1890642562
128,6497,66.0538401737
128,6498,71.6196188602
128,6499,70.4819421192
128,6500,64.7785761742
128,6501,78.6204714657
128,6502,93.1892042340
128,6503,69.0735492507
128,6504,66.7605976021
128,6505,71.0866974811
128,6506,63.2840705191
128,6507,59.1731700875
128,6508,74.3363751673
128,6509,78.5035311402
128,6510,62.2677608960
128,6511,-0.0000000000
128,6512,82.7818371038
128,6513,76.8168892242
128,6514,65.7797372306
128,6515,69.0035546816
128,6516,56.4398717551
128,6517,67.9374112771
128,6518,71.8268449557
128,6519,71.6665399441
128,6520,86.7120599246
128,6521,61.3040735064
128,6522,79.1712036294
128,6523,75.8983037219
128,6524,47.1917282922
128,6525,68.2216658420
128,6526,64.5946192710
128,6527,63.1861343325
128,6528,63.5702482988
128,6529,46.1840893897
128,6530,-11.2685891967
128,6531,86.3028516778
128,6532,84.1537341834
128,6533,71.8281892678
128,6534,69.3406744222
128,6535,54.9200035474
128,6536,69.4861179062
128,6537,68.1798768433
128,6538,78.4457582910
128,6539,69.2469902098
128,6540,0.8779825885
128,6541,57.6012285192
128,6542,74.6015948208
128,6543,60.9426302738
128,6544,77.2331207100
128,6545,57.9527912355
128,6546,85.3572384887
128,6547,50.1708056166
128,6548,53.9329260033
128,6549,76.1151486551
128,6550,72.6590422382
128,6551,0.0000000000
128,6552,75.8489345807
128,6553,60.2696505454
128,6554,66.5547286877
128,6555,70.6246608906
128,6556,78.3867765586
128,6557,60.4361851389
128,6558,60.2760057142
128,6559,80.1406184136
128,6560,62.5264524500
128,6561,62.8185091022
128,6562,68.4374131906
128,6563,64.8760417360
128,6564,80.7973591348
128,6565,74.3738471417
128,6566,79.2277569630
128,6567,74.4031236130
128,6568,51.2129437455
128,6569,80.6708322891
128,6570,73.4452765946
128,6571,56.6841390995
128,6572,64.0641335359
128,6573,61.7448303832
128,6574,66.8688895695
128,6575,54.4152692065
128,6576,71.0126710349
128,6577,49.9162855402
128,6578,68.5498521073
128,6579,71.5227043100
128,6580,66.6776378256
128,6581,70.6372565196
128,6582,90.4209528671
128,6583,57.2363553115
128,6584,71.5379389915
128,6585,67.6834630063
128,6586,57.7950567878
128,6587,66.6983852842
128,6588,57.1295637043
128,6589,40.0499910085
128,6590,70.8110317841
128,6591,70.8079352909
128,6592,8.0484961710
128,6593,79.7908733806
128,6594,73.4796964826
128,6595,77.8996471670
128,6596,66.2186006557
128,6597,73.0291537545
128,6598,73.6473080373
128,6599,57.2018136455
128,6600,26.5254392113
128,6601,76.1288085906
128,6602,79.1872482402
128,6603,72.2950341934
128,6604,41.9873041518
128,6605,55.7667049339
128,6606,64.7935732463
128,6607,58.5941681252
128,6608,60.2864827893
128,6609,75.4861564862
128,6610,67.3764060290
128,6611,40.8580221713
128,6612,16.9591484729
128,6613,78.3469112165
128,6614,65.4871930476
128,6615,73.0917309530
128,6616,83.1304918293
128,6617,72.2989179006
128,6618,64.0387814472
128,6619,72.2801661840
128,6620,68.3199353049
128,6621,59.8772871872
128,6622,78.8642673992
128,6623,91.3357344850
128,6624,77.4660738508
128,6625,62.1449906419
128,6626,46.7914344055
128,6627,70.3786387243
128,6628,70.9840702893
128,6629,67.6603450690
128,6630,68.6649232304
128,6631,54.8551818711
128,6632,74.3363302371
128,6633,79.2849733025
128,6634,75.1284677124
128,6635,70.8938185134
128,6636,87.0501542350
128,6637,65.6112449463
128,6638,82.3222337949
128,6639,67.5317223136
128,6640,73.6851066848
128,6641,66.2043802592
128,6642,59.4763928439
128,6643,66.9424636443
128,6644,53.9754538077
128,6645,52.6831719874
128,6646,62.9182373584
128,6647,38.6281675108
128,6648,60.9083905137
128,6649,79.3833009277
128,6650,51.5417094685
128,6651,69.4907602916
128,6652,64.6558874585
128,6653,78.2236465470
128,6654,58.7858474028
128,6655,70.5390121571
128,6656,70.1561688670
128,6657,73.4939399118
128,6658,73.1591139638
128,6659,79.4970974185
128,6660,60.0646711361
128,6661,73.2928278844
128,6662,76.4339012590
128,6663,59.5666705402
128,6664,58.9275873734
128,6665,25.0964930025
128,6666,70.7386729000
128,6667,67.0872319588
128,6668,62.1791098299
128,6669,54.1559146628
128,6670,64.3937891278
128,6671,90.5464308080
128,6672,74.5598500974
128,6673,86.6252869413
128,6674,69.8549885983
128,6675,55.3867345101
128,6676,53.8622259063
128,6677,74.1247510092
128,6678,78.7418730278
128,6679,63.4348890230
128,6680,66.4563613195
128,6681,69.0486426739
128,6682,22.2632145911
128,6683,65.7931828715
128,6684,67.0641904355
128,6685,70.1301370829
128,6686,74.6086574490
128,6687,60.6286282206
128,6688,60.1722732516
128,6689,77.2973055097
128,6690,35.6385715579
128,6691,65.5925118172
128,6692,76.8002185982
128,6693,68.7663813064
128,6694,70.2394200850
128,6695,63.0561134301
128,6696,74.0690317852
128,6697,88.1076443625
128,6698,87.3292079660
128,6699,62.2639269818
128,6700,74.5743130218
128,6701,73.3326149180
128,6702,73.2446218313
128,6703,55.0756560384
128,6704,70.0849752810
128,6705,79.4815191571
128,6706,70.5346078124
128,6707,83.6247952532
128,6708,78.9528060448
128,6709,69.7051850215
128,6710,43.6187371858
128,6711,55.0965094165
128,6712,0.0000000000
128,6713,72.5695388588
128,6714,60.2013166375
128,6715,83.2548276342
128,6716,69.6941666690
128,6717,65.4300126474
128,6718,60.2508724039
128,6719,77.6484354579
128,6720,74.7114125981
128,6721,69.0181950276
128,6722,75.9851858604
128,6723,79.5960662333
128,6724,76.8368617153
128,6725,54.2148953230
128,6726,60.0870654994
128,6727,74.5296882077
128,6728,73.9065227943
128,6729,80.7657071742
128,6730,72.4288999469
128,6731,63.5146838709
128,6732,74.5584589172
128,6733,89.9027331775
128,6734,0.0009216307
128,6735,59.9370202085
128,6736,43.8642046590
128,6737,66.5067875174
128,6738,89.2147478838
128,6739,56.7812737098
128,6740,74.5219247117
128,6741,73.4431594639
128,6742,62.6852175899
128,6743,79.4072569891
128,6744,5.9414904104
128,6745,64.1968811366
128,6746,84.5931424967
128,6747,78.4454797519
128,6748,67.2631781202
128,6749,72.9048822572
128,6750,51.1434298924
128,6751,66.5800598056
128,6752,64.8844916503
128,6753,74.9079221427
128,6754,87.8089363084
128,6755,70.4405104335
128,6756,63.1327440563
128,6757,83.2374282715
128,6758,73.9314656494
128,6759,61.0579848224
128,6760,74.5659328625
128,6761,16.1969376589
128,6762,68.2726255250
128,6763,69.4604229972
128,6764,71.9224665214
128,6765,67.6155708816
128,6766,71.5187433371
128,6767,90.5235443240
128,6768,55.0793189328
128,6769,0.0002418489
128,6770,70.1739799284
128,6771,77.7079553558
128,6772,66.3824992279
128,6773,77.3593935999
128,6774,0.1144952019
128,6775,69.6158866129
128,6776,59.6468783735
128,6777,59.5123453270
128,6778,64.5969225735
128,6779,65.5843426359
128,6780,59.3373052998
128,6781,93.6533926945
128,6782,74.2041803846
128,6783,59.5879187768
128,6784,67.9696320703
128,6785,73.4358391882
128,6786,56.4137187144
128,6787,10.9238064937
128,6788,-0.0000012168
128,6789,67.4858417675
128,6790,66.2880892906
128,6791,68.9884385594
128,6792,65.7005458306
128,6793,71.0923014922
128,6794,72.0673034612
128,6795,60.6879161851
128,6796,69.6562729790
128,6797,62.0294350644
128,6798,54.7399538587
128,6799,16.6092665882
128,6800,72.7668114969
128,6801,-0.0000000054
128,6802,76.4210730422
128,6803,79.1345797236
128,6804,68.4107192850
128,6805,71.7490588201
128,6806,68.3863295309
128,6807,62.1090265570
128,6808,87.1391372333
128,6809,72.2500056723
128,6810,70.8990679875
128,6811,64.0068796081
128,6812,69.7281354411
128,6813,71.6430888866
128,6814,60.4630443850
128,6815,78.6277778890
128,6816,70.1335884826
128,6817,79.1829768496
128,6818,75.2655590433
128,6819,37.2742382526
128,6820,87.5461869853
128,6821,52.4773204986
128,6822,65.1108121092
128,6823,75.8159458182
128,6824,62.1262492682
128,6825,66.9409853454
128,6826,62.5906832963
128,6827,71.0075452287
128,6828,0.0000000000
128,6829,0.0000000003
128,6830,70.2881490658
128,6831,92.9893026057
128,6832,76.6483298032
128,6833,34.7548513434
128,6834,86.1839689151
128,6835,65.8880445673
128,6836,62.3975214997
128,6837,63.2931201756
128,6838,75.7593587135
128,6839,39.6384515569
128,6840,74.5505036844
128,6841,75.5566457575
128,6842,73.9632764231
128,6843,71.7202059522
128,6844,80.4131088706
128,6845,45.8175641264
128,6846,52.8560912866
128,6847,64.6201508403
128,6848,76.4657148231
128,6849,56.7150890747
128,6850,76.9871932763
128,6851,81.3851947748
128,6852,74.0117746102
128,6853,65.0780846159
128,6854,87.1477748358
128,6855,73.7488540395
128,6856,75.9035018685
128,6857,58.5526243496
128,6858,71.4318901695
128,6859,79.3110626883
128,6860,-1.3519320701
128,6861,71.0786190516
128,6862,70.6315821313
128,6863,64.8105122863
128,6864,79.4858798375
128,6865,48.5490641343
128,6866,72.5721225811
128,6867,85.6574714761
128,6868,0.0000000001
128,6869,-59.6037517572
128,6870,54.3215031484
128,6871,55.6084622708
128,6872,72.9104744128
128,6873,74.6962073758
128,6874,73.7331942982
128,6875,69.0774092186
128,6876,54.1140094607
128,6877,61.7737638237
128,6878,69.5575513092
128,6879,86.5318236660
128,6880,78.1455122182
128,6881,82.9890841647
128,6882,70.9111610392
128,6883,57.7929202928
128,6884,69.5283833443
128,6885,80.2341129416
128,6886,58.8435858231
128,6887,73.4278066183
128,6888,80.6580116642
128,6889,-20.3310987471
128,6890,-93.4747684921
128,6891,4.1628310597
128,6892,82.2315200494
128,6893,69.3396021881
128,6894,67.3993220437
128,6895,-9.8096622102
128,6896,60.9100366311
128,6897,70.0806988663
128,6898,26.1630637463
128,6899,72.6134787655
128,6900,64.0168431323
128,6901,53.2777094652
128,6902,73.5351512468
128,6903,59.5494293431
128,6904,83.7074417690
128,6905,0.0000000258
128,6906,87.7001978072
128,6907,78.8327637941
128,6908,38.1840124710
128,6909,87.9304366672
128,6910,83.0817413489
128,6911,71.2864484232
128,6912,61.2117994903
128,6913,77.4779563912
128,6914,91.6001697896
128,6915,52.4794383136
128,6916,55.7626701278
128,6917,5.4047125047
128,6918,75.3737021371
128,6919,74.3323848181
128,6920,81.5332743700
128,6921,67.9263868120
128,6922,81.9286984923
128,6923,74.2454043883
128,6924,74.8313404568
128,6925,88.2504649306
128,6926,88.5565557510
128,6927,78.7832209582
128,6928,100.4582765128
128,6929,78.2256931074
128,6930,77.9044578664
128,6931,84.8057877468
128,6932,65.7919023281
128,6933,87.8215378381
128,6934,71.6255676349
128,6935,68.4148394433
128,6936,95.7151831471
128,6937,69.6552459779
128,6938,98.2927493535
128,6939,78.5012369225
128,6940,79.7810244270
128,6941,76.0875381224
128,6942,60.4583986931
128,6943,76.3975385721
128,6944,81.2823561645
128,6945,72.2002148467
128,6946,77.3658773891
128,6947,76.7465158176
128,6948,82.5527229459
128,6949,75.7731212963
128,6950,82.5052691554
128,6951,76.7637309186
128,6952,82.2341177701
128,6953,85.3006176954
128,6954,79.7762302624
128,6955,0.3422174673
128,6956,85.4324763394
128,6957,97.1971299373
128,6958,83.8144185043
128,6959,81.9641466140
128,6960,99.1755784524
128,6961,92.6072765684
128,6962,92.1682904801
128,6963,70.4118829071
128,6964,5.4760698588
128,6965,85.2568369219
128,6966,91.4711870766
128,6967,77.2322100738
128,6968,60.2923506355
128,6969,82.9563977330
128,6970,76.5178602744
128,6971,74.0705297195
128,6972,68.4134943191
128,6973,71.2681936595
128,6974,80.5263434696
128,6975,92.2207412877
128,6976,83.8258564161
128,6977,99.0645303199
128,6978,82.1507541498
128,6979,-0.0000000000
128,6980,96.4240157657
128,6981,83.2157926051
128,6982,94.0671867059
128,6983,88.1138993853
128,6984,89.0192864355
128,6985,85.1357782909
128,6986,86.4330742507
128,6987,81.6373663377
128,6988,60.4319008138
128,6989,70.2747091505
128,6990,92.0706853740
128,6991,75.9147399846
128,6992,86.7522590900
128,6993,81.7241424136
128,6994,86.3669103787
128,6995,71.4316880109
128,6996,96.7310555398
128,6997,100.8896026941
128,6998,87.3889630784
128,6999,69.5720858888
128,7000,0.0000000613
128,7001,98.0913209557
128,7002,73.4714452172
128,7003,74.2864138849
128,7004,75.5417256617
128,7005,78.4666405307
128,7006,88.1710113032
128,7007,93.3276624783
128,7008,81.0443523608
128,7009,69.2807518007
128,7010,99.2602943862
128,7011,92.7683057580
128,7012,100.5782686916
128,7013,55.3311274903
128,7014,65.0320607822
128,7015,101.1685653686
128,7016,100.9086237779
128,7017,72.0107511379
128,7018,83.8726600237
128,7019,99.9147017704
128,7020,89.2598572515
128,7021,94.2082367522
128,7022,98.6628598161
128,7023,102.7217762837
128,7024,84.6355021363
128,7025,70.6577158639
128,7026,93.4639541222
128,7027,81.2919653794
128,7028,96.3710802573
128,7029,86.2969547635
128,7030,91.6400285320
128,7031,83.1237091564
128,7032,83.9880678994
128,7033,101.6566653333
128,7034,102.0820824528
128,7035,88.4069897399
128,7036,88.6945509522
128,7037,99.7937461643
128,7038,99.4589379453
128,7039,102.3948266460
128,7040,63.5679269664
128,7041,84.9947065082
128,7042,99.7622531587
128,7043,100.1219685031
128,7044,87.3674131804
128,7045,93.2892555431
128,7046,84.6464042310
128,7047,91.7565396327
128,7048,97.5576355055
128,7049,96.7317457041
128,7050,73.4544157988
128,7051,100.5347445241
128,7052,84.9578177997
128,7053,81.0724543967
128,7054,83.3131796062
128,7055,84.5894068558
128,7056,75.3681647252
128,7057,97.9135233716
128,7058,89.1377031775
128,7059,75.7191142190
128,7060,90.8150624668
128,7061,83.3935711979
128,7062,100.0823241485
128,7063,101.1077236274
128,7064,82.6315057573
128,7065,77.6887265899
128,7066,93.3236352550
128,7067,84.3724909622
128,7068,88.7288601024
128,7069,82.8751805076
128,7070,89.4720207622
128,7071,89.2518106187
128,7072,101.0065404412
128,7073,77.3419857889
128,7074,86.1653330991
128,7075,92.0411392785
128,7076,90.5116912816
128,7077,87.2563752251
128,7078,77.7005021005
128,7079,92.1275056776
128,7080,93.2247081029
128,7081,98.1986761605
128,7082,89.6434567793
128,7083,94.4386090067
128,7084,90.6235302606
128,7085,60.5314892113
128,7086,96.0485408024
128,7087,90.5289895625
128,7088,90.2150946069
128,7089,91.8919356824
128,7090,86.9711488907
128,7091,85.6199879463
128,7092,92.6421543632
128,7093,79.2288933658
128,7094,77.1774826415
128,7095,94.4553485988
128,7096,82.9742948228
128,7097,86.2989543861
128,7098,88.3192399851
128,7099,86.9241201944
128,7100,86.4186468102
128,7101,103.9191661115
128,7102,91.5913957588
128,7103,92.2401178935
128,7104,101.7110120189
128,7105,86.2015438890
128,7106,88.7449888600
128,7107,86.8776667516
128,7108,91.2221753859
128,7109,79.8743682568
128,7110,91.7645487637
128,7111,90.7045383937
128,7112,99.1603310224
128,7113,89.8053328460
128,7114,86.1949729486
128,7115,89.2124797568
128,7116,89.4098023064
128,7117,103.1694140455
128,7118,90.6062193080
128,7119,92.9728985814
128,7120,95.1785258121
128,7121,77.1929032128
128,7122,87.5126737949
128,7123,102.3615709423
128,7124,92.7010474610
128,7125,100.6079589291
128,7126,81.9564577909
128,7127,103.0456268436
128,7128,78.1214793280
128,7129,99.3574209064
128,7130,101.2043428498
128,7131,78.3143975537
128,7132,83.2627209275
128,7133,88.9815005466
128,7134,103.2639791512
128,7135,94.3633765302
128,7136,103.9835938511
128,7137,97.9588187903
128,7138,82.8608757261
128,7139,99.3667962221
128,7140,78.8229416218
128,7141,101.9858022205
128,7142,82.6167802624
128,7143,102.7960141415
128,7144,97.9507100702
128,7145,89.3760409328
128,7146,102.5759770350
128,7147,86.1315888711
128,7148,82.7703064499
128,7149,88.4710694785
128,7150,81.1273134364
128,7151,101.4925783875
128,7152,92.9319674962
128,7153,83.5333715479
128,7154,98.3431839247
128,7155,100.0750346907
128,7156,93.6946580510
128,7157,93.3353650800
128,7158,98.7770101752
128,7159,76.4574768227
128,7160,101.2215541448
128,7161,90.9263147157
128,7162,104.4214332959
128,7163,88.8847667202
128,7164,87.9957048913
128,7165,95.8572495357
128,7166,103.5963418949
128,7167,81.6902786851
128,7168,91.0886077226
128,7169,89.6722180941
128,7170,89.9340849544
128,7171,101.0181332551
128,7172,99.3023817840
128,7173,93.3436859797
128,7174,90.1363353733
128,7175,98.3564829657
128,7176,99.3623016656
128,7177,103.4125564701
128,7178,81.8763975573
128,7179,97.6094814493
128,7180,88.1312108810
128,7181,93.5543455611
128,7182,89.3425947393
128,7183,82.5026436868
128,7184,90.0393298234
128,7185,98.3541704209
128,7186,104.0880755733
128,7187,99.8888479291
128,7188,82.3357924693
128,7189,102.0039440162
128,7190,96.6366983800
128,7191,87.9932490485
128,7192,92.9043272492
128,7193,95.3291553121
128,7194,104.2283519406
128,7195,90.3287796614
128,7196,89.0470846676
128,7197,86.8568554044
128,7198,95.3930063450
128,7199,84.2819545974
128,7200,92.7146299293
128,7201,94.6715918901
128,7202,84.9554501343
128,7203,89.4772276052
128,7204,96.7235272683
128,7205,91.1309455521
128,7206,86.0217310268
128,7207,85.4276694765
128,7208,85.8123260699
128,7209,74.0002419701
128,7210,95.8510864257
128,7211,85.9345645033
128,7212,93.8350307867
128,7213,85.4124657087
128,7214,103.7004485715
128,7215,101.6206954538
128,7216,87.3003361378
128,7217,102.9319771348
128,7218,105.4741998029
128,7219,102.3915200477
128,7220,71.4667203445
128,7221,104.8515717123
128,7222,96.8489598597
128,7223,87.9527674827
128,7224,91.7980410156
128,7225,79.2999616937
128,7226,100.2807983349
128,7227,90.5923391892
128,7228,92.9968824501
128,7229,85.4913492307
128,7230,104.0801565319
128,7231,107.7390812989
128,7232,93.7266285620
128,7233,97.8680789711
128,7234,92.2627855829
128,7235,103.3558540576
128,7236,91.1032767363
128,7237,94.4200131462
128,7238,92.9549921633
128,7239,102.6766823424
128,7240,85.3755616042
128,7241,84.7664169364
128,7242,82.6723171070
128,7243,107.6793284820
128,7244,90.0892012079
128,7245,85.1716008880
128,7246,103.8509406710
128,7247,71.6645171289
128,7248,106.4203163017
128,7249,80.8912551061
128,7250,85.9707466962
128,7251,82.2680304025
128,7252,92.5197915188
128,7253,80.2560317558
128,7254,103.4719439577
128,7255,87.0017031541
128,7256,86.7226338550
128,7257,104.4565411706
128,7258,84.8429849955
128,7259,80.4625831063
128,7260,102.6167951811
128,7261,97.5182560744
128,7262,106.7174218673
128,7263,91.1141091145
128,7264,103.3841052204
128,7265,91.0434147638
128,7266,101.9794972271
128,7267,106.1657245830
128,7268,96.6452828330
128,7269,104.9601189934
128,7270,102.3726819516
128,7271,106.6685372018
128,7272,63.0868134430
128,7273,96.8776316381
128,7274,107.3584465170
128,7275,88.4513012584
128,7276,105.5272057977
128,7277,97.3984160657
128,7278,69.5529556144
128,7279,87.1654456616
128,7280,81.9428780825
128,7281,95.1793665046
128,7282,89.5651293635
128,7283,83.7859613267
128,7284,89.1605268303
128,7285,77.1483678452
128,7286,103.9525016902
128,7287,100.7321467443
128,7288,94.7680058626
128,7289,101.6469008199
128,7290,85.6175538211
128,7291,89.5457925872
128,7292,82.1511015087
128,7293,81.1777723772
128,7294,87.0415272544
128,7295,90.6753331226
128,7296,82.6321054846
128,7297,93.3013938371
128,7298,90.9768149890
128,7299,87.0805456364
128,7300,101.1224164367
128,7301,104.7194061519
128,7302,105.9361543706
128,7303,82.9562926679
128,7304,75.9072150965
128,7305,106.3417014664
128,7306,96.9385890062
128,7307,99.1913552675
128,7308,74.4231982983
128,7309,90.5662435657
128,7310,99.1512400792
128,7311,106.5000912584
128,7312,92.1561760481
128,7313,84.9437945011
128,7314,97.8240262330
128,7315,83.8438233995
128,7316,108.0867921382
128,7317,86.3861205435
128,7318,104.1716480044
128,7319,99.7479219749
128,7320,91.9437919575
128,7321,99.8355037720
128,7322,89.7372286043
128,7323,98.0986326828
128,7324,107.1364407886
128,7325,104.6818365403
128,7326,89.6529531451
128,7327,91.2947446964
128,7328,95.9563407440
128,7329,107.6068135713
128,7330,95.9098539123
128,7331,92.8629740804
128,7332,-0.0000000000
128,7333,107.4603703882
128,7334,85.4184230834
128,7335,95.4382307081
128,7336,108.0227958568
128,7337,85.9669022990
128,7338,82.1741630624
128,7339,93.9576629160
128,7340,95.4457724104
128,7341,104.2297003773
128,7342,75.3251625143
128,7343,92.6789401880
128,7344,109.0448520334
128,7345,99.9572892839
128,7346,74.8052815109
128,7347,90.9607971110
128,7348,91.7101403019
128,7349,87.4347157918
128,7350,106.1703927924
128,7351,82.2052294991
128,7352,86.0159667485
128,7353,87.9471674653
128,7354,92.4121269658
128,7355,106.8906712510
128,7356,99.6417698899
128,7357,97.2778934519
128,7358,106.5523165765
128,7359,88.1579143962
128,7360,103.5820354540
128,7361,77.9634043000
128,7362,99.8398250119
128,7363,84.3268746880
128,7364,91.9948347437
128,7365,88.9363325787
128,7366,84.8983084234
128,7367,104.5959882604
128,7368,88.2014507267
128,7369,106.6202272633
128,7370,95.3951914361
128,7371,94.5321047852
128,7372,89.6569153071
128,7373,93.0854534338
128,7374,96.9533879189
128,7375,109.8524267519
128,7376,94.6559809719
128,7377,107.7884622845
128,7378,95.1715540743
128,7379,92.6034093051
128,7380,93.1906928188
128,7381,92.7066120804
128,7382,81.2066662940
128,7383,90.4086168124
128,7384,107.6649862625
128,7385,100.0941222911
128,7386,100.3568078028
128,7387,109.5911417786
128,7388,101.9379397595
128,7389,89.4120114324
128,7390,82.4159414960
128,7391,91.2624510796
128,7392,102.6331741158
128,7393,105.7780212749
128,7394,94.1736480905
128,7395,105.5279000918
128,7396,93.4847689602
128,7397,99.8060091752
128,7398,90.5993508674
128,7399,107.5345713826
128,7400,89.2264682835
128,7401,96.1526966346
128,7402,-0.3355149994
128,7403,89.9153190919
128,7404,106.6820244700
128,7405,98.1658948598
128,7406,88.2065708548
128,7407,93.2634546416
128,7408,107.4075780893
128,7409,87.8539348184
128,7410,105.2038558395
128,7411,105.9935963059
128,7412,105.1103563262
128,7413,96.2151372491
128,7414,107.0610625083
128,7415,98.0067357190
128,7416,85.8723463293
128,7417,100.7654185537
128,7418,94.1107764883
128,7419,87.9208011479
128,7420,108.6258756624
128,7421,95.4554357792
128,7422,86.1749261383
128,7423,102.9793868262
128,7424,102.5029801546
128,7425,81.0926889821
128,7426,96.1762588027
128,7427,108.8774273795
128,7428,107.8422798526
128,7429,110.1635472371
128,7430,109.2356039550
128,7431,92.9422250220
128,7432,110.5864879381
128,7433,92.2434019713
128,7434,83.8709719463
128,7435,94.3091086498
128,7436,108.1042277635
128,7437,92.9185187146
128,7438,93.7580716628
128,7439,88.8167362448
128,7440,100.2782215937
128,7441,90.6682336929
128,7442,81.3766153597
128,7443,102.8380561878
128,7444,100.7846697187
128,7445,98.7612343906
128,7446,89.2664323687
128,7447,87.0849252587
128,7448,94.6159628452
128,7449,93.1368163299
128,7450,108.6479981588
128,7451,2.3500789464
128,7452,79.2282511181
128,7453,111.4698650644
128,7454,109.8846125742
128,7455,106.8545664572
128,7456,89.6869533057
128,7457,-0.6268351918
128,7458,103.6934120540
128,7459,92.1190149690
128,7460,70.0192757718
128,7461,93.2671391962
128,7462,108.9310851870
128,7463,84.5882815887
128,7464,109.3204474575
128,7465,86.7846079290
128,7466,92.8279662609
128,7467,47.0034089634
128,7468,95.5377994243
128,7469,78.0151271178
128,7470,82.2643312935
128,7471,98.1638216631
128,7472,104.2550659857
128,7473,105.3199262685
128,7474,69.5698675832
128,7475,107.6680090134
128,7476,92.6386926821
128,7477,109.8631682681
128,7478,95.5098616883
128,7479,90.3938352577
128,7480,96.0683905783
128,7481,78.6893072071
128,7482,105.6871321191
128,7483,88.2856621485
128,7484,95.5686379934
128,7485,100.7154825840
128,7486,104.5629148601
128,7487,106.0722771648
128,7488,87.3512809675
128,7489,108.4289033074
128,7490,92.0028286879
128,7491,106.2740399864
128,7492,75.5376905865
128,7493,90.1805423296
128,7494,95.2970896635
128,7495,88.4392487304
128,7496,112.6572389739
128,7497,105.3389248481
128,7498,85.0033071027
128,7499,94.2425594160
128,7500,106.9918107944
128,7501,95.2377425426
128,7502,95.1428163921
128,7503,111.8972530282
128,7504,89.7074161898
128,7505,81.1534885083
128,7506,88.8744740361
128,7507,91.0319997617
128,7508,64.1884886407
128,7509,96.6888963482
128,7510,109.5615037822
128,7511,5.7304796510
128,7512,110.3387968083
128,7513,98.8327922175
128,7514,94.1371870363
128,7515,90.2063839169
128,7516,100.6659407604
128,7517,99.7651603290
128,7518,111.0940351165
128,7519,111.3965706753
128,7520,106.8835262832
128,7521,88.8257705229
128,7522,103.6816218236
128,7523,83.1067213758
128,7524,104.6086840971
128,7525,99.5254748134
128,7526,111.5262062399
128,7527,110.3840805101
128,7528,103.2416075455
128,7529,97.4177489898
128,7530,103.9724859904
128,7531,97.7689931257
128,7532,104.6055142257
128,7533,83.9730067954
128,7534,89.0839827712
128,7535,109.5290851283
128,7536,109.8021140482
128,7537,82.3047717329
128,7538,88.2477491660
128,7539,94.1533640058
128,7540,105.3639281949
128,7541,97.1724380701
128,7542,108.6987236534
128,7543,94.5135515034
128,7544,93.0166476335
128,7545,96.1122134563
128,7546,102.5276154836
128,7547,101.5093272059
128,7548,91.7373680748
128,7549,83.8175183463
128,7550,110.7163631395
128,7551,91.3619782781
128,7552,107.6215213804
128,7553,84.3229161080
128,7554,92.4844919862
128,7555,92.0087428426
128,7556,95.7870929511
128,7557,87.0648265882
128,7558,111.2698765111
128,7559,59.0182865026
128,7560,95.6279861360
128,7561,92.8868900330
128,7562,113.5485649151
128,7563,111.9319714115
128,7564,109.7172027322
128,7565,94.2779374624
128,7566,90.3289856437
128,7567,86.3561845756
128,7568,103.5416474405
128,7569,81.8652118808
128,7570,87.1874466406
128,7571,100.9341779962
128,7572,109.6485723641
128,7573,93.7681500249
128,7574,102.5068458031
128,7575,0.0000000000
128,7576,97.5167128282
128,7577,89.4602363958
128,7578,91.2707346302
128,7579,108.7344881079
128,7580,111.8878964585
128,7581,97.4776336926
128,7582,111.7679963432
128,7583,110.9429510592
128,7584,94.0960880172
128,7585,94.2543809744
128,7586,108.5014595902
128,7587,103.8549820279
128,7588,113.3405482857
128,7589,101.0530621990
128,7590,103.9018518813
128,7591,99.2880428900
128,7592,93.3291833669
128,7593,84.0037391173
128,7594,110.4957281413
128,7595,92.3810959303
128,7596,112.6161999844
128,7597,107.2804452468
128,7598,111.4120522135
128,7599,76.8443677196
128,7600,95.4142643506
128,7601,112.4763271283
128,7602,10.2230008934
128,7603,89.5395234948
128,7604,107.8750723611
128,7605,100.4274838384
128,7606,112.5455874268
128,7607,92.5943141457
128,7608,93.3638321660
128,7609,104.5673415876
128,7610,112.1149902656
128,7611,108.2249131999
128,7612,0.0000000000
128,7613,111.1077607953
128,7614,98.0203659988
128,7615,102.3037875055
128,7616,105.7476268734
128,7617,102.8560859813
128,7618,97.1876347894
128,7619,113.9305734350
128,7620,98.5813808715
128,7621,112.5371641676
128,7622,107.2834938517
128,7623,110.1373613436
128,7624,111.5186880165
128,7625,113.6787014021
128,7626,112.7235071267
128,7627,112.0103540236
128,7628,112.0894259347
128,7629,92.4851025888
128,7630,100.0881665235
128,7631,92.5503414114
128,7632,92.2955614352
128,7633,113.3188693488
128,7634,91.3986744796
128,7635,95.2808041423
128,7636,77.1951890389
128,7637,63.0693739568
128,7638,93.2160308981
128,7639,114.8637888019
128,7640,97.7627661580
128,7641,113.7852308051
128,7642,97.1984421483
128,7643,78.4877357767
128,7644,102.4312979281
128,7645,105.9511968892
128,7646,104.2452250616
128,7647,98.9384592146
128,7648,87.4669516249
128,7649,103.5733602543
128,7650,94.2207768141
128,7651,102.3088325398
128,7652,103.5929424943
128,7653,113.9454238937
128,7654,100.1042511777
128,7655,115.1198015508
128,7656,96.5160290506
128,7657,86.7032338224
128,7658,115.5541095625
128,7659,113.0664752184
128,7660,111.8319111166
128,7661,98.2152228697
128,7662,82.3879622006
128,7663,109.7635441963
128,7664,115.2963863782
128,7665,115.1534895002
128,7666,115.6200252695
128,7667,113.3983096003
128,7668,86.2898975461
128,7669,100.1085923361
128,7670,104.1990501952
128,7671,103.6020134580
128,7672,97.2625644336
128,7673,99.2746606336
128,7674,113.9298110326
128,7675,105.8929803995
128,7676,113.9661483037
128,7677,103.8076599413
128,7678,105.9497052943
128,7679,99.7152754319
128,7680,113.8483332032
128,7681,89.5789335351
128,7682,97.6461520723
128,7683,96.8860595206
128,7684,100.3037670837
128,7685,114.8339211761
128,7686,104.9681545248
128,7687,95.9627497807
128,7688,96.8484320179
128,7689,106.0835738532
128,7690,110.1491314290
128,7691,97.6348692869
128,7692,115.3248578066
128,7693,83.4778034262
128,7694,104.7576294434
128,7695,105.8754845568
128,7696,102.0753710690
128,7697,115.3990653335
128,7698,113.4918897693
128,7699,90.0012954920
128,7700,102.4159553783
128,7701,97.1974113287
128,7702,97.9772156202
128,7703,96.0623928663
128,7704,114.6522464520
128,7705,95.8941930900
128,7706,116.2631624030
128,7707,94.3114779306
128,7708,97.1810418995
128,7709,92.4579836107
128,7710,104.0567967487
128,7711,91.9607991878
128,7712,113.2956583134
128,7713,89.2013670568
128,7714,93.1457330828
128,7715,99.2343048451
128,7716,115.8388498601
128,7717,80.9483205833
128,7718,95.7645657531
128,7719,113.9700531252
128,7720,113.8922389957
128,7721,109.0065038335
128,7722,116.5831829304
128,7723,109.1295946638
128,7724,107.7828639417
128,7725,0.0000000000
128,7726,100.2288096887
128,7727,115.9843374438
128,7728,103.4445306529
128,7729,106.2492059804
128,7730,96.4571323141
128,7731,109.6792068382
128,7732,101.9532535961
128,7733,72.3168947426
128,7734,95.4413859253
128,7735,100.7556695660
128,7736,83.7348537909
128,7737,100.7701718912
128,7738,102.5955418812
128,7739,94.5749818079
128,7740,115.3906655298
128,7741,104.0936567298
128,7742,105.1884435555
128,7743,116.5032781905
128,7744,101.6126825461
128,7745,98.4773125014
128,7746,103.2834304545
128,7747,98.4575047835
128,7748,113.5851322482
128,7749,115.9978693371
128,7750,114.0428108684
128,7751,98.4475583183
128,7752,102.4981478703
128,7753,86.3716375352
128,7754,116.7276789622
128,7755,115.2575783135
128,7756,111.8730210722
128,7757,71.6918173154
128,7758,101.8661019335
128,7759,102.6710949996
128,7760,96.6344878760
128,7761,115.8910675039
128,7762,114.5910190460
128,7763,91.9148556987
128,7764,92.7512007895
128,7765,92.7077196489
128,7766,115.5401139401
128,7767,96.8997473233
128,7768,109.3451595781
128,7769,103.9106933452
128,7770,0.0643015212
128,7771,100.7963266952
128,7772,115.3496231152
128,7773,86.5404085401
128,7774,117.8382104988
128,7775,117.9885407242
128,7776,117.2199812936
128,7777,115.3656357542
128,7778,100.2728601032
128,7779,94.8508001312
128,7780,98.7396327593
128,7781,100.4694997925
128,7782,100.2348690061
128,7783,93.4665212113
128,7784,117.2705631580
128,7785,111.3858678613
128,7786,108.6962427510
128,7787,79.1287037603
128,7788,92.9327124032
128,7789,92.3838643363
128,7790,105.3952301221
128,7791,91.8866669496
128,7792,106.5683687079
128,7793,102.0933234443
128,7794,116.9693819283
128,7795,94.2386622048
128,7796,117.9198533698
128,7797,116.3592855501
128,7798,116.2277621105
128,7799,95.8831809672
128,7800,118.1412329762
128,7801,110.0196175577
128,7802,116.3150019637
128,7803,97.6293720101
128,7804,117.0341676068
128,7805,111.6806606801
128,7806,109.1827535251
128,7807,117.8634795833
128,7808,89.2006377512
128,7809,85.3616136376
128,7810,100.4337967990
128,7811,116.7923865058
128,7812,100.9455840154
128,7813,113.2275976873
128,7814,101.9560381957
128,7815,110.9732691838
128,7816,101.7328988655
128,7817,108.6935118287
128,7818,101.4595350993
128,7819,103.5860448979
128,7820,108.4550580157
128,7821,107.2236836790
128,7822,99.6897011400
128,7823,116.6573832832
128,7824,103.0915441643
128,7825,101.2767343459
128,7826,112.0510329951
128,7827,92.6185487705
128,7828,117.5926270138
128,7829,92.2967136007
128,7830,109.0976799416
128,7831,99.1319894372
128,7832,89.3461394682
128,7833,101.7778789937
128,7834,101.9222856059
128,7835,104.8452738342
128,7836,92.5919874209
128,7837,115.1400700629
128,7838,102.3536704214
128,7839,102.1308923223
128,7840,113.1556449152
128,7841,117.8116881134
128,7842,109.3431351436
128,7843,116.6993969172
128,7844,116.9636457260
128,7845,106.7254998543
128,7846,113.2498290442
128,7847,98.5391086607
128,7848,118.1294228826
128,7849,114.7946380273
128,7850,88.5962283228
128,7851,109.4743829495
128,7852,103.4034978510
128,7853,98.8086455740
128,7854,113.2983947670
128,7855,100.6789928639
128,7856,94.9042222302
128,7857,106.0841290659
128,7858,102.9856768659
128,7859,115.2848832297
128,7860,107.4559636755
128,7861,93.8768348902
128,7862,98.2632513258
128,7863,118.7637941240
128,7864,107.9667726502
128,7865,96.1199309836
128,7866,119.4438574823
128,7867,96.3040594831
128,7868,93.5142839970
128,7869,118.2021050370
128,7870,118.3197146108
128,7871,99.2916967787
128,7872,119.1985024070
128,7873,105.8734695703
128,7874,107.5288890108
128,7875,103.0612963741
128,7876,115.4569485167
128,7877,116.7799664314
128,7878,119.3699708720
128,7879,114.8492354925
128,7880,99.4591251398
128,7881,85.4770618615
128,7882,105.7147507412
128,7883,120.2475304666
128,7884,112.0379043739
128,7885,99.0617079965
128,7886,100.7848985519
128,7887,107.0561083757
128,7888,118.0545961527
128,7889,105.9375296301
128,7890,94.7733307919
128,7891,95.9675730456
128,7892,119.9941355609
128,7893,103.7172213666
128,7894,111.0382181266
128,7895,117.0715554228
128,7896,112.2538974536
128,7897,94.9685531576
128,7898,110.9402493643
128,7899,112.3179198117
128,7900,84.5757386376
128,7901,103.3681867097
128,7902,117.9783283901
128,7903,111.1398376599
128,7904,98.3777861708
128,7905,104.6598629904
128,7906,119.6695960553
128,7907,120.3864103533
128,7908,120.1769163781
128,7909,95.7260979558
128,7910,89.8080069051
128,7911,118.1995630869
128,7912,96.6724019529
128,7913,99.1569117475
128,7914,97.1234017145
128,7915,106.4654371323
128,7916,117.9548691886
128,7917,115.1185423007
128,7918,119.4779972700
128,7919,110.0367384764
128,7920,105.8733608877
128,7921,111.7352645426
128,7922,92.2172594584
128,7923,95.4604719295
128,7924,101.2205545129
128,7925,110.6139972536
128,7926,114.1748914872
128,7927,94.7682677523
128,7928,101.7984322332
128,7929,113.9162739236
128,7930,119.8765655964
128,7931,119.3068174969
128,7932,99.4512881879
128,7933,100.3389048477
128,7934,104.5429016679
128,7935,121.0619833220
128,7936,101.3579147849
128,7937,100.5782193786
128,7938,100.2227572621
128,7939,99.3270527882
128,7940,72.5595029237
128,7941,102.5508030830
128,7942,120.2747501594
128,7943,91.7699437286
128,7944,120.9832411953
128,7945,120.5089396732
128,7946,108.0395405916
128,7947,88.4647270066
128,7948,111.7345937928
128,7949,113.4430382952
128,7950,117.6424823836
128,7951,106.4817623121
128,7952,120.1311300614
128,7953,103.7913712871
128,7954,108.3174579767
128,7955,121.5080667154
128,7956,118.8765701839
128,7957,93.6461002526
128,7958,102.8775356642
128,7959,2.7291373180
128,7960,102.6914260064
128,7961,97.6844283233
128,7962,120.4680981707
128,7963,100.7460370906
128,7964,114.7187500570
128,7965,96.0780934368
128,7966,107.9865400304
128,7967,109.1879730951
128,7968,98.0079002001
128,7969,96.5993192733
128,7970,107.1922661667
128,7971,101.0915986290
128,7972,-0.0000000000
128,7973,121.3248723706
128,7974,121.2359067318
128,7975,119.0012581456
128,7976,94.2648595602
128,7977,101.5255217110
128,7978,119.9705078409
128,7979,98.0195835050
128,7980,105.9634286061
128,7981,111.8879036124
128,7982,100.2689089595
128,7983,96.1808743135
128,7984,88.3657747720
128,7985,108.7507202931
128,7986,121.5286945347
128,7987,121.0350429664
128,7988,109.0649566958
128,7989,108.1964454380
128,7990,75.7219071907
128,7991,119.5960858124
128,7992,115.1160112565
128,7993,119.5134460170
128,7994,94.2692841811
128,7995,115.7808795099
128,7996,114.5558217184
128,7997,108.5625119286
128,7998,40.5460867859
128,7999,108.6063792117
128,8000,98.4608213344
128,8001,91.6389682451
128,8002,107.9409621235
128,8003,103.8766914775
128,8004,98.2778056072
128,8005,57.6670694791
128,8006,106.0815861078
128,8007,95.3857289187
128,8008,-0.0000000000
128,8009,104.8178972157
128,8010,67.5822446357
128,8011,81.8711391937
128,8012,99.7218853802
128,8013,122.2773763599
128,8014,4.3174232099
128,8015,94.7342877085
128,8016,97.6507964059
128,8017,97.5290766056
128,8018,98.9780664468
128,8019,95.6481544287
128,8020,92.4286390478
128,8021,94.1292007644
128,8022,-0.0000000000
128,8023,-0.0000000000
128,8024,79.1266371548
128,8025,98.6187348539
128,8026,78.4628991832
128,8027,78.9666279212
128,8028,0.0000000000
128,8029,77.2053421796
128,8030,70.4236304106
128,8031,5.8315327827
128,8032,93.8226068824
128,8033,120.6752600478
128,8034,97.0546052770
128,8035,122.6622381892
128,8036,114.2589380484
128,8037,121.7094710585
128,8038,-0.0000000000
128,8039,-0.0000000000
128,8040,93.9512640133
128,8041,112.1684392046
128,8042,121.5217457323
128,8043,92.6395514515
128,8044,83.2948973921
128,8045,56.3979515566
128,8046,86.5983890688
128,8047,112.7065490644
128,8048,61.8719232588
128,8049,111.4591256294
128,8050,122.7672145863
128,8051,89.4994662188
128,8052,94.5621556366
128,8053,100.4890329124
128,8054,108.6887525316
128,8055,122.5865887861
128,8056,96.8348383458
128,8057,99.1736160379
128,8058,122.7385820277
128,8059,-0.0000000000
128,8060,84.2730148499
128,8061,110.3771779869
128,8062,122.8054733747
128,8063,6.3118605567
128,8064,74.9425974614
128,8065,123.1258476181
128,8066,122.9034927856
128,8067,123.1258476181
128,8068,122.7639320225
128,8069,86.7149472326
128,8070,123.1469439431
128,8071,123.4384471872
128,8072,106.8454431548
128,8073,123.5935125397
128,8074,-1.5618918957
128,8075,122.9909224900
128,8076,123.6657994685
128,8077,39.0649260256
128,8078,98.1416677253
128,8079,78.0450524214
128,8080,115.1622138103
128,8081,85.4610050151
128,8082,81.6512034438
128,8083,123.1179432683
128,8084,-0.0000000000
128,8085,81.3700096086
128,8086,124.0000000000
128,8087,123.7667904569
128,8088,87.3576393853
128,8089,123.8299135134
128,8090,123.6227971460
128,8091,-0.0000000000
128,8092,123.7650068028
128,8093,123.4384471872
128,8094,94.2429773982
128,8095,123.8299135134
128,8096,124.0000000000
128,8097,124.0000000000
128,8098,92.0061735773
128,8099,108.6399899220
128,8100,83.2357407972
128,8101,13.1404123406
128,8102,76.9020866644
128,8103,124.1980622642
128,8104,2.1103810548
128,8105,93.6239410510
128,8106,103.6602828624
128,8107,125.0000000000
128,8108,124.5857864376
128,8109,125.0000000000
128,8110,125.0000000000
128,8111,125.0000000000
128,8112,123.6972243623
128,8113,90.7134929452
128,8114,125.0000000000
128,8115,124.5857864376
128,8116,126.0000000000
128,8117,125.0000000000
128,8118,125.0000000000
128,8119,125.9375329166
128,8120,126.0000000000
128,8121,-0.0000000000
128,8122,126.0000000000
128,8123,125.0000000000
128,8124,125.0000000000
128,8125,126.0000000000
128,8126,126.0000000000
128,8127,126.0000000000
128,8128,128.0000000000
